1000
52
C 2 140 286
S 3 17 51
S 10 16 345
S 6 10 233
S 4 18 27
C 1 291 87
C 12 332 211
C 5 247 237
C 17 249 124
S 7 10 237
C 1 201 236
C 15 319 225
S 4 13 266
S 5 20 246
C 20 323 350
S 19 20 161
S 2 9 214
S 16 20 102
S 2 3 133
C 10 118 347
S 10 14 127
S 9 11 215
C 7 140 9
C 13 22 296
S 12 16 219
C 11 219 167
S 8 15 287
C 4 33 129
C 19 156 98
C 7 64 69
C 8 104 73
S 3 5 194
C 6 251 42
S 6 9 135
C 16 46 142
S 11 16 237
S 8 16 234
C 19 65 2
C 8 188 113
C 9 167 265
S 3 4 71
S 10 12 221
S 1 13 325
S 11 15 287
S 4 17 102
C 1 59 205
S 15 20 342
C 8 1 160
S 7 19 231
S 11 12 209
C 13 220 73
46
C 5 252 61
C 12 327 146
C 2 349 142
C 3 325 210
S 8 16 307
C 9 315 152
S 1 20 199
C 2 165 102
C 6 130 171
C 13 186 137
C 6 306 345
S 7 16 48
C 12 334 190
C 15 297 189
C 11 86 235
S 2 10 132
C 12 302 345
C 14 106 141
S 4 14 293
C 11 140 271
S 2 4 60
C 16 130 26
S 3 7 208
C 5 140 265
C 16 34 34
C 7 36 217
C 5 35 277
C 2 222 204
S 8 19 139
C 7 180 49
C 20 120 221
C 20 347 209
S 17 18 98
C 1 26 8
C 10 185 347
S 1 17 174
S 12 19 208
S 1 12 78
C 11 66 65
S 7 8 326
S 1 12 182
C 3 105 307
S 4 13 233
C 4 34 80
C 20 232 350
89
S 1 5 230
S 1 7 162
C 14 335 153
C 8 347 283
S 8 16 344
C 8 1 270
C 3 256 250
C 1 284 105
S 3 4 230
C 2 293 63
S 12 17 228
C 10 94 10
S 3 11 281
C 20 217 42
S 3 17 174
S 1 18 96
C 6 221 25
C 13 38 223
C 2 310 208
C 20 42 193
S 7 9 239
C 10 201 64
C 9 176 9
C 17 169 331
S 2 20 74
S 14 19 25
S 13 19 101
S 17 18 176
C 11 344 150
S 12 16 269
C 1 13 175
S 10 18 319
S 15 16 120
C 13 129 229
S 5 9 323
C 15 344 22
S 8 10 328
S 3 18 1
C 8 31 194
C 16 105 277
C 14 112 65
S 18 19 140
C 15 326 280
C 20 18 222
S 4 16 42
S 3 11 209
C 1 223 199
S 11 16 9
C 11 181 47
S 8 14 268
S 10 13 185
S 8 20 240
C 3 24 346
S 15 17 198
C 6 278 183
C 6 167 158
S 2 12 134
C 5 316 300
S 5 16 71
C 14 8 78
S 2 20 138
C 19 96 188
C 14 242 358
S 7 8 214
S 15 16 41
S 15 19 74
C 20 26 121
S 8 12 327
C 2 115 155
C 16 85 254
C 6 171 306
S 5 14 144
S 7 18 175
C 11 88 199
S 8 9 180
C 14 49 333
S 9 12 355
S 7 19 199
C 17 211 2
S 11 18 76
S 4 12 194
C 18 128 62
C 20 205 257
S 8 11 83
S 1 7 88
C 14 11 136
S 2 16 113
84
S 12 17 80
S 16 18 271
C 7 309 153
C 1 103 93
S 16 19 304
S 2 6 124
C 2 22 35
S 8 13 66
S 6 7 178
S 4 14 354
S 5 12 293
S 4 15 352
C 11 169 256
C 13 108 297
C 14 132 32
C 7 263 223
C 7 89 163
S 6 18 294
C 15 192 144
C 5 96 24
S 9 10 119
C 3 13 178
S 4 12 257
S 13 19 207
S 4 7 332
S 9 13 102
S 2 5 187
S 5 20 244
S 3 20 205
C 17 175 40
S 4 13 81
C 1 213 1
C 15 321 11
S 2 5 359
S 13 19 326
S 11 19 70
S 7 15 87
S 1 4 157
C 6 247 87
C 13 312 237
C 4 233 26
S 5 20 15
S 10 13 66
C 4 262 183
S 10 11 306
C 14 292 163
S 1 7 303
S 9 16 158
S 7 10 186
C 16 251 92
C 7 219 137
C 4 224 175
C 19 340 320
C 14 8 314
C 15 158 206
C 6 187 148
S 5 14 150
S 15 17 228
S 16 18 308
C 6 313 21
C 2 325 81
S 12 19 142
C 2 109 55
S 5 13 279
C 7 270 359
S 12 13 315
C 19 80 130
C 15 196 258
C 20 248 82
S 9 19 315
C 4 167 60
S 12 14 282
S 2 3 344
C 20 149 192
S 11 16 20
S 8 16 202
C 13 40 181
C 1 273 196
C 13 24 31
C 3 215 324
S 10 15 45
S 1 5 310
64
C 14 76 133
S 3 4 22
C 11 8 223
C 2 14 299
S 7 20 266
C 10 67 219
S 2 8 168
C 20 22 42
C 15 137 257
C 11 345 282
S 8 16 351
C 13 246 32
C 15 222 248
C 2 107 17
S 3 18 304
C 5 231 116
C 14 261 271
C 10 57 333
S 5 16 318
C 16 97 208
C 18 31 188
S 6 7 354
S 6 10 95
C 7 84 46
S 14 16 289
C 10 178 219
C 15 172 146
C 9 109 36
C 13 57 216
C 19 281 18
C 20 71 197
C 13 252 335
S 16 17 117
S 6 20 312
S 10 20 350
C 6 318 79
S 7 18 254
S 10 17 196
S 8 14 97
S 6 19 9
C 9 15 358
S 14 16 170
C 14 241 175
C 8 295 284
S 16 18 48
C 4 310 78
C 16 56 82
C 3 330 93
S 4 5 352
S 10 13 124
S 16 18 101
S 15 16 352
S 2 17 84
S 3 5 150
S 2 18 31
S 6 20 319
S 2 8 102
C 10 17 122
C 14 267 244
S 10 15 173
S 2 16 231
S 6 19 101
C 10 98 189
77
S 13 20 315
S 13 18 144
S 2 17 327
C 13 253 313
C 2 14 305
S 1 3 180
S 8 14 36
C 14 351 353
C 7 194 17
S 2 19 69
S 4 15 160
C 10 315 0
C 4 238 203
S 6 17 113
C 16 295 343
S 1 13 232
S 13 20 70
S 11 17 185
S 4 12 238
S 2 15 127
C 13 94 318
S 3 10 304
S 14 16 195
C 9 56 109
S 2 3 153
S 4 5 30
C 3 335 119
S 5 15 324
S 11 12 234
C 13 3 223
S 1 2 125
C 1 186 82
C 8 230 18
S 16 19 175
S 12 13 165
C 8 25 326
C 14 21 97
C 14 324 98
C 17 317 343
S 17 19 357
S 6 10 139
C 3 199 178
C 19 201 350
S 10 17 151
S 1 13 317
C 20 18 12
C 17 185 117
C 16 84 190
S 14 15 12
C 3 276 167
S 2 18 25
C 16 137 342
C 4 259 188
C 17 278 107
C 20 119 212
C 11 299 286
S 6 10 231
S 2 6 20
S 10 13 316
S 3 18 96
C 13 184 76
C 16 32 227
C 15 136 251
C 12 46 54
S 3 11 335
S 1 15 349
S 13 17 153
C 14 309 239
C 5 180 96
C 16 149 27
S 13 17 13
S 17 18 239
C 7 279 11
S 6 15 197
C 1 263 71
C 12 125 138
C 6 245 4
14
S 13 17 307
S 12 19 335
S 6 16 211
S 1 19 187
S 11 13 30
S 2 18 207
S 12 20 21
C 1 229 32
S 10 11 177
S 2 10 285
C 11 110 72
C 4 226 256
C 8 76 110
S 4 6 69
52
S 5 15 99
C 20 283 283
C 16 97 125
S 3 10 39
S 1 15 50
S 4 7 4
S 4 14 40
S 5 11 220
S 10 17 205
C 7 336 334
C 4 229 48
S 2 5 134
C 15 78 169
S 3 18 25
C 1 333 171
C 11 191 305
S 15 16 290
C 4 175 24
S 6 12 145
S 6 13 164
C 9 118 312
C 4 8 184
S 3 20 26
C 19 183 299
S 16 19 58
C 3 149 45
C 5 54 188
C 15 119 230
C 15 170 352
S 3 15 236
C 7 342 35
C 18 135 301
C 13 221 184
C 8 198 239
C 16 8 149
C 14 80 339
C 17 168 195
C 2 318 151
S 2 8 308
C 15 346 226
S 5 10 251
S 10 19 359
C 4 281 225
C 14 223 271
S 6 20 169
C 12 305 17
S 7 8 15
C 3 310 289
S 5 15 190
S 10 19 297
S 7 11 256
69
C 9 152 52
C 6 163 334
S 4 15 142
C 8 112 105
C 18 336 112
C 11 43 334
S 12 18 279
C 6 12 209
S 3 9 239
S 14 16 175
S 7 17 150
S 10 16 150
S 1 4 151
S 13 16 254
C 18 311 14
S 4 6 332
C 4 140 28
C 9 326 192
S 7 20 35
S 5 11 273
S 9 15 29
S 8 20 235
S 15 16 326
C 14 333 235
C 14 49 157
S 7 8 68
C 10 174 228
C 12 57 48
C 12 91 228
S 15 17 259
C 8 358 90
S 2 20 176
C 13 196 105
S 3 8 107
S 13 19 132
S 2 15 344
S 6 17 31
S 8 15 354
S 13 20 114
S 11 18 69
S 10 19 358
S 7 17 202
C 19 343 39
C 15 46 198
C 6 80 298
C 2 139 142
S 7 20 290
C 13 268 93
C 7 14 161
C 9 283 249
S 6 13 327
S 1 4 278
C 7 232 91
S 6 8 336
S 5 18 14
S 12 15 266
C 15 231 329
S 12 15 156
C 16 266 266
C 13 270 46
S 7 14 180
S 19 20 123
C 2 11 141
S 1 16 80
S 2 3 179
C 17 359 216
S 4 12 308
C 17 328 172
80
C 10 256 137
C 1 162 275
S 10 15 29
C 5 306 67
S 8 12 107
C 5 8 12
S 11 18 40
C 13 346 144
S 12 17 24
S 11 20 31
C 4 320 224
S 7 10 178
C 3 202 115
S 9 15 204
S 7 8 293
S 12 16 237
S 7 9 29
S 5 17 169
S 11 14 313
C 16 152 218
C 8 354 279
C 11 157 165
C 2 294 126
S 2 8 155
S 14 19 132
S 4 9 87
C 17 75 292
S 12 18 160
S 12 20 141
C 10 199 18
C 5 279 227
C 8 138 187
S 8 14 210
C 12 84 37
S 4 14 120
C 8 146 70
S 3 6 178
C 19 244 261
S 10 20 109
S 19 20 92
S 2 9 238
C 13 133 143
C 15 193 256
C 6 325 259
S 17 18 206
C 16 326 91
S 8 14 239
S 4 10 129
S 9 12 324
S 10 19 228
C 9 320 299
S 15 18 185
S 14 19 151
S 3 12 128
S 2 5 278
S 4 15 24
C 20 25 40
C 9 196 208
S 4 7 24
S 12 19 188
C 14 138 231
S 1 4 283
C 16 329 19
C 14 302 94
C 11 95 248
S 10 17 294
S 6 9 8
C 19 200 318
S 2 9 53
C 14 163 300
S 5 19 279
S 2 8 122
S 7 11 327
S 1 7 340
S 1 2 302
C 20 192 223
C 11 42 211
S 6 18 89
C 10 325 122
37
S 13 15 206
C 1 159 335
C 16 349 285
C 19 213 84
C 13 345 202
C 9 124 320
C 4 153 276
S 3 10 255
C 16 0 113
S 11 13 323
S 2 20 214
S 8 15 224
S 1 2 190
C 15 68 266
S 7 13 234
S 6 11 11
C 12 315 310
S 3 12 278
C 20 191 79
C 10 119 57
C 10 288 72
S 10 12 183
S 6 19 269
C 1 139 319
S 2 19 282
C 2 43 94
C 19 131 237
C 12 315 0
C 15 62 140
S 2 13 4
C 19 211 296
S 2 6 305
S 13 15 89
C 2 238 317
S 6 18 257
C 9 325 74
46
C 15 35 321
C 8 350 127
S 10 20 321
C 4 352 48
S 8 13 294
S 8 15 48
S 6 12 47
C 16 334 114
S 3 10 299
C 19 65 306
C 12 288 280
S 19 20 73
S 7 15 271
C 5 164 157
C 8 200 329
C 20 110 216
S 14 15 355
S 1 20 206
C 16 217 228
S 2 9 193
C 6 325 94
S 11 12 84
C 15 60 304
S 1 11 71
S 1 6 61
S 7 16 148
C 13 188 80
S 6 20 220
C 2 161 281
C 17 54 356
C 6 92 81
C 14 328 242
C 12 335 287
C 14 25 359
S 7 17 56
S 1 7 104
C 12 250 73
S 1 5 79
C 16 277 285
C 18 195 37
C 14 202 184
C 1 63 301
C 5 312 47
C 6 54 214
S 5 15 160
C 7 341 103
5
S 11 16 105
C 17 44 65
C 10 250 187
C 11 344 177
C 16 105 256
52
C 1 229 64
C 3 348 136
C 13 149 255
S 6 9 61
C 3 109 333
S 8 15 154
S 5 19 113
S 4 9 5
C 2 199 221
C 4 189 122
C 5 298 81
S 7 15 309
C 2 339 133
S 16 19 225
C 4 118 114
C 12 61 132
S 15 19 94
C 8 32 122
C 10 163 211
C 15 311 9
S 8 14 338
S 1 10 321
S 11 14 169
S 3 18 347
S 9 15 320
C 8 270 334
C 13 79 131
S 9 12 182
C 5 223 347
S 13 17 129
S 2 7 166
S 9 14 52
C 4 250 278
C 14 97 292
C 17 323 201
C 16 314 54
C 5 54 198
C 1 158 336
C 2 13 20
S 16 18 303
C 12 279 240
S 8 16 343
C 10 310 307
C 5 112 25
C 1 121 251
S 7 17 214
S 4 17 349
S 11 14 71
S 3 16 126
C 19 84 154
C 9 6 279
37
S 17 18 182
S 3 19 268
C 19 142 318
C 12 286 70
S 7 20 335
S 14 17 285
C 10 100 140
C 11 311 313
S 4 20 189
S 5 9 158
S 8 20 28
S 12 16 162
C 1 85 187
S 6 7 170
S 11 18 141
C 2 113 127
S 8 12 138
C 18 242 91
C 4 229 85
S 5 9 106
S 6 19 241
C 11 211 270
S 6 12 116
C 1 127 101
C 4 196 268
C 12 191 99
S 12 16 213
S 14 18 129
C 17 334 94
S 1 15 26
C 18 138 86
S 4 12 22
S 9 10 3
S 3 7 166
S 13 18 58
C 18 263 266
56
C 13 59 116
C 19 184 301
C 14 132 211
C 10 120 151
S 17 19 90
S 2 18 115
S 13 14 115
C 11 266 10
S 5 8 153
S 1 9 251
C 3 276 76
S 10 11 293
S 10 13 239
S 6 8 247
C 4 265 214
S 1 8 176
S 14 20 35
S 1 9 87
S 7 9 63
S 1 2 153
S 5 18 130
C 7 177 221
S 1 4 296
S 2 3 269
S 10 16 89
C 3 294 117
C 8 241 270
S 14 19 198
C 13 163 59
C 11 179 229
C 18 157 80
S 4 19 169
C 1 230 147
C 7 209 81
C 11 303 291
S 12 16 17
C 11 292 39
S 2 16 245
C 5 68 173
S 8 9 99
C 1 332 217
S 1 19 248
C 18 261 249
S 14 15 10
C 7 168 194
S 5 8 135
S 10 20 75
S 14 16 320
C 14 233 326
S 12 16 285
S 6 18 251
C 1 266 16
S 7 14 142
S 9 13 294
S 6 8 304
C 18 121 305
36
S 2 17 130
C 19 358 340
S 7 11 221
C 2 219 227
C 10 312 210
C 20 186 329
C 16 357 288
S 7 11 249
C 12 306 165
S 13 18 256
S 19 20 15
C 12 349 319
C 4 148 12
C 10 170 136
C 6 21 201
C 4 232 176
S 3 13 224
C 7 356 289
S 11 19 277
C 9 151 356
C 2 20 65
S 9 13 97
S 11 17 206
C 9 111 160
S 11 15 250
C 15 107 226
S 15 18 40
C 16 126 62
C 3 180 109
S 2 13 92
C 9 54 212
S 3 11 136
C 16 116 229
S 2 14 109
42
C 6 192 30
C 4 90 144
C 19 53 221
S 3 4 316
C 9 138 66
S 11 20 137
S 5 12 244
C 8 178 243
S 12 20 256
S 4 20 242
C 17 254 219
S 2 18 29
S 14 18 48
C 16 199 140
S 1 7 51
C 7 351 125
S 2 19 44
S 1 4 184
S 4 14 38
C 13 168 169
C 9 4 221
C 6 287 55
C 19 348 88
C 14 73 91
S 9 15 53
C 5 295 224
C 20 41 128
S 2 20 21
S 13 14 190
S 10 14 167
S 19 20 93
C 18 264 143
S 1 6 228
C 4 203 86
C 11 343 346
S 7 12 102
S 1 10 245
C 20 345 115
C 2 262 255
S 17 19 347
C 18 314 159
C 2 184 17
34
S 4 10 38
C 9 6 289
C 17 243 162
C 19 126 60
C 8 339 271
C 7 160 186
S 8 17 220
S 2 16 306
S 6 19 352
C 2 215 261
S 5 15 268
C 4 259 326
S 11 20 231
C 12 49 51
C 15 226 326
C 1 88 269
S 7 12 83
S 15 17 256
S 4 8 215
C 20 277 42
C 6 68 179
S 11 19 294
S 5 7 56
S 14 19 308
S 5 19 354
C 15 187 220
S 12 18 126
S 16 20 150
C 3 102 122
S 7 19 150
C 8 13 166
12
S 15 20 286
S 2 10 73
S 9 19 314
C 19 158 152
C 4 48 256
S 8 18 38
S 6 11 328
C 12 184 49
C 12 90 214
C 14 76 156
C 12 190 152
31
C 12 279 315
C 19 276 169
S 1 4 50
C 9 174 342
S 9 18 132
C 1 21 62
S 1 18 139
S 15 19 335
C 7 228 262
S 4 13 68
S 1 18 5
S 2 9 196
S 2 13 13
C 11 291 313
C 2 42 124
S 4 13 106
C 16 97 312
C 14 120 232
C 2 145 226
C 15 306 75
C 6 157 221
C 8 66 134
C 16 233 224
S 1 13 184
S 13 18 28
C 12 18 256
C 7 117 79
C 17 246 314
C 15 185 166
C 17 99 311
S 12 14 231
17
C 7 342 188
S 1 7 322
S 7 16 316
C 13 179 121
C 11 84 297
C 20 120 190
S 13 16 81
S 2 14 301
S 1 7 272
C 6 241 273
S 16 18 274
S 15 19 83
C 18 82 347
C 18 195 293
S 2 17 285
S 4 18 246
C 7 238 222
79
C 20 40 149
C 2 204 5
S 14 17 227
S 14 17 133
C 19 296 331
C 13 91 152
C 8 103 14
S 2 18 94
C 4 46 115
S 4 16 333
S 10 13 55
C 10 77 65
C 12 43 162
S 14 16 303
C 14 319 127
C 4 142 63
C 19 103 172
S 1 19 162
S 4 20 74
S 8 16 332
S 11 19 234
S 4 10 307
S 12 20 295
S 9 15 75
S 2 14 93
S 4 15 344
S 13 17 30
C 18 255 339
S 9 19 92
S 2 17 22
S 5 8 2
S 6 15 192
S 17 19 64
C 5 342 290
C 4 93 346
S 11 12 250
C 10 82 135
S 6 20 235
C 10 72 346
C 14 34 143
C 16 150 231
C 7 119 28
C 11 41 44
S 15 16 237
C 4 9 198
C 12 226 350
S 14 20 88
C 1 249 207
S 15 18 309
S 13 20 80
S 10 17 352
C 19 297 326
C 1 215 204
C 13 341 315
C 19 39 282
C 13 276 191
S 13 18 346
S 7 14 66
S 15 16 262
S 10 15 237
S 11 17 333
C 15 129 105
S 2 19 113
S 12 15 16
C 20 20 62
C 14 151 27
S 3 6 121
S 3 10 111
S 6 13 195
S 2 15 196
S 3 11 300
C 18 279 275
C 7 131 150
C 18 57 32
C 2 162 44
C 8 325 182
S 6 10 69
C 14 89 82
78
S 3 19 287
S 3 9 237
C 20 49 11
C 6 344 335
S 9 14 240
S 10 12 299
S 6 12 170
S 5 13 112
C 12 278 237
C 17 184 34
C 3 210 339
C 18 263 198
C 17 348 156
S 2 16 223
C 5 107 209
C 1 31 184
C 18 240 109
S 10 14 354
S 2 10 261
C 2 248 66
C 11 42 156
C 13 265 185
S 9 11 171
S 1 2 25
S 5 9 95
C 2 19 292
C 2 130 250
S 6 20 332
C 2 303 254
S 6 14 214
C 19 249 41
C 5 56 229
C 16 109 239
C 20 180 251
S 6 14 283
C 3 55 83
C 7 42 299
S 1 6 44
S 4 18 33
S 2 10 224
S 3 10 320
S 9 15 112
C 16 348 302
C 12 211 136
C 1 41 348
C 8 324 349
C 10 131 132
C 3 71 280
C 7 194 336
S 15 20 119
C 9 259 328
C 20 94 124
S 1 8 293
C 13 153 299
C 19 62 285
S 12 19 345
C 7 153 40
S 18 19 65
C 16 33 207
C 14 182 35
C 11 317 244
S 1 15 81
C 11 249 187
C 13 137 128
C 10 188 161
C 4 186 299
S 1 15 38
C 3 306 17
C 9 20 139
C 1 187 80
C 7 292 1
C 17 149 285
S 7 15 114
S 2 20 4
S 5 9 99
C 10 66 139
C 10 264 272
19
S 1 15 215
C 13 27 138
C 5 90 200
C 17 118 303
S 5 6 230
C 6 342 32
C 10 296 206
S 10 12 189
S 14 18 48
C 7 164 274
C 14 72 183
C 14 183 231
C 1 51 343
C 10 229 318
C 10 288 110
C 6 149 98
S 8 10 67
C 3 230 272
C 17 155 267
40
S 7 13 231
S 1 16 188
C 16 151 139
C 3 167 200
C 20 314 29
C 19 287 197
S 2 19 295
C 17 124 124
S 5 8 277
S 7 20 81
S 19 20 295
C 7 127 116
C 7 36 313
C 13 138 285
S 2 12 229
C 12 117 214
C 20 349 185
C 15 73 120
C 17 323 331
S 4 9 250
C 17 293 254
C 11 258 285
C 16 257 314
C 9 315 280
S 2 14 356
C 3 67 200
S 4 20 308
S 15 17 264
C 20 1 268
C 5 52 118
C 13 206 23
S 7 19 91
S 4 14 159
C 8 275 227
C 9 179 99
C 13 112 20
C 8 181 99
C 6 237 263
C 15 210 211
S 11 18 54
78
S 19 20 312
C 16 255 205
S 7 17 215
S 5 6 323
S 2 11 214
C 19 348 269
C 19 9 351
C 14 336 229
S 10 16 21
S 12 20 23
S 13 20 255
S 3 20 24
C 5 324 162
C 6 57 343
S 2 12 18
C 18 51 285
S 6 12 132
C 20 312 160
C 10 116 161
S 12 16 136
S 4 12 354
C 19 272 140
C 12 40 129
C 18 234 245
C 5 76 186
S 8 20 109
S 1 8 213
C 1 324 110
C 10 263 232
S 15 20 349
C 19 63 6
C 19 191 85
C 7 143 62
C 16 164 254
S 9 10 105
S 5 12 217
C 2 257 103
C 18 342 8
C 9 159 76
C 9 205 82
S 5 19 24
C 5 16 65
C 6 32 115
C 2 82 20
S 5 20 109
S 3 12 63
C 20 171 357
S 5 15 282
S 2 19 117
C 7 334 208
S 4 6 159
S 9 12 47
S 3 16 264
C 10 3 358
C 6 30 102
S 4 12 324
S 19 20 82
S 3 4 252
S 16 19 308
S 3 8 46
C 10 212 16
C 19 358 307
S 15 18 239
S 13 14 291
C 16 217 333
S 5 17 14
C 4 318 142
S 4 17 74
S 1 12 172
C 17 87 292
S 7 11 21
C 18 57 47
C 11 135 230
S 6 11 347
S 12 16 128
99
C 1 101 216
C 16 99 115
S 2 16 327
C 11 178 142
S 5 10 186
S 2 17 84
S 9 11 327
C 10 172 31
S 4 11 231
C 12 59 34
S 16 19 69
C 12 235 313
S 1 12 7
S 8 14 181
C 14 21 30
C 7 291 276
C 12 314 125
S 14 15 264
C 16 257 251
S 4 6 107
C 13 173 83
S 1 4 137
C 5 37 259
S 3 12 8
C 17 213 182
C 8 99 39
S 4 13 186
S 13 14 20
C 18 176 105
S 3 7 324
C 11 139 128
C 9 352 153
C 15 117 273
S 17 20 58
C 9 32 240
C 20 261 129
S 1 12 62
C 19 92 279
S 6 11 32
C 4 68 319
C 10 218 157
S 1 15 144
C 20 1 73
S 5 10 315
S 8 12 78
C 10 352 281
S 6 8 13
S 4 15 109
C 18 197 210
C 12 82 158
S 8 15 151
C 7 330 248
S 9 20 269
C 6 324 289
S 9 14 246
C 13 110 210
S 1 18 96
S 6 17 94
S 2 17 116
C 17 136 118
C 1 267 260
S 4 10 359
C 18 104 259
C 8 306 252
C 10 59 197
C 5 67 47
C 4 177 329
C 7 131 325
S 11 15 321
S 4 16 115
S 13 19 105
C 14 118 190
C 7 182 94
C 3 9 13
C 12 7 193
S 9 20 215
S 4 10 133
C 8 243 273
S 7 9 90
C 7 52 124
S 7 15 242
S 9 14 129
C 1 346 195
C 16 75 106
C 11 55 126
C 1 193 30
C 20 134 358
C 8 111 151
C 20 67 258
C 9 100 45
C 3 10 49
C 2 91 328
S 3 9 201
S 9 20 191
S 12 15 161
S 10 19 134
S 2 3 199
C 7 128 1
C 20 282 296
88
S 4 11 15
S 6 14 226
S 5 12 356
C 11 321 128
C 1 97 345
C 15 12 251
S 5 11 96
S 4 15 336
S 2 18 281
C 2 263 187
S 1 7 260
S 2 9 330
S 8 17 56
S 2 6 355
S 5 14 147
C 2 205 137
S 10 11 286
S 10 18 298
C 6 98 98
S 6 16 4
S 3 12 55
S 5 9 287
S 5 15 62
S 1 3 346
S 17 20 131
S 1 2 173
S 4 16 22
S 15 16 101
C 10 69 272
S 15 18 33
C 13 198 212
S 1 16 115
S 6 10 195
C 17 129 136
C 6 234 46
C 7 314 185
C 13 69 305
C 20 292 94
C 7 203 306
C 10 230 109
C 2 210 265
C 16 234 56
C 6 189 114
C 9 213 48
C 3 331 55
S 5 8 209
S 3 5 53
C 8 31 128
S 5 9 256
C 11 172 41
S 4 10 257
C 8 148 40
S 10 18 166
C 18 295 198
C 16 287 236
S 3 17 155
S 7 20 129
S 9 19 90
S 5 9 250
S 6 18 257
S 1 16 201
C 4 224 4
S 4 7 229
S 3 11 147
C 11 87 101
S 3 14 176
C 13 210 44
C 9 113 335
S 4 5 150
C 3 311 171
S 6 15 127
C 7 176 244
S 16 17 86
S 7 11 58
S 11 19 133
C 10 122 295
S 8 17 337
C 13 327 72
C 5 353 142
C 13 82 46
C 11 192 188
C 3 346 10
S 3 4 165
C 9 53 147
56
S 3 10 228
S 2 16 244
C 3 29 93
C 2 334 17
C 8 78 89
C 16 16 41
C 17 223 294
C 16 131 13
C 17 114 31
S 4 9 326
S 13 15 180
S 12 15 47
C 2 206 22
S 15 16 156
C 4 315 282
C 16 310 344
S 9 16 116
C 8 119 242
S 1 19 238
C 11 215 119
C 20 115 199
C 16 73 191
C 16 270 248
C 3 192 126
C 18 339 23
C 9 80 155
C 14 253 73
C 12 358 41
C 5 41 153
C 13 219 81
S 12 16 272
S 2 9 150
C 9 328 206
C 6 56 336
S 14 19 53
C 10 142 24
C 8 275 303
C 10 259 117
C 1 3 158
C 15 259 327
S 12 20 350
S 9 11 146
S 6 16 129
C 13 226 202
S 7 16 171
C 5 259 356
C 4 119 65
S 9 15 123
C 10 14 270
S 2 13 316
C 5 93 336
S 1 9 249
S 19 20 286
S 3 18 56
S 4 7 194
C 17 173 68
91
S 2 6 71
C 10 146 155
C 19 121 156
C 4 227 137
S 4 5 34
C 19 186 158
C 15 101 255
S 4 14 283
C 6 144 214
C 7 100 88
S 2 20 10
C 13 243 286
S 17 20 51
S 1 15 247
C 20 118 264
C 9 192 8
S 9 18 181
S 16 18 315
S 12 14 355
C 7 178 234
S 6 11 285
S 10 18 178
S 6 9 123
C 3 218 238
S 10 13 160
C 6 114 353
C 2 251 132
S 1 4 293
C 2 274 228
C 16 119 311
S 18 20 210
C 7 78 91
S 7 13 314
C 1 326 318
S 4 5 121
S 13 17 46
C 6 152 326
C 17 173 299
S 17 18 171
S 2 10 318
C 19 75 256
C 3 137 25
S 1 3 8
C 6 179 331
S 5 18 26
C 18 85 163
S 1 14 106
S 12 14 8
S 4 6 96
C 7 208 174
C 5 67 353
S 9 11 101
C 18 311 51
C 1 315 187
C 3 196 206
S 11 12 69
S 3 10 277
C 19 247 39
C 2 281 159
C 9 35 209
C 20 146 353
C 14 178 126
S 12 17 24
C 3 357 338
S 10 13 301
C 3 147 324
S 5 18 278
S 14 15 186
S 8 10 272
C 16 357 46
C 18 154 41
S 3 5 185
C 9 163 108
C 7 272 343
C 6 13 290
S 10 12 319
C 1 39 265
C 2 181 160
C 5 350 345
S 17 19 15
C 12 35 24
S 1 20 95
S 2 6 214
S 19 20 71
S 4 17 278
C 18 161 142
C 14 349 272
C 1 241 138
C 18 164 342
S 7 14 193
S 6 9 124
58
C 4 332 138
C 11 320 96
C 16 97 157
C 19 31 125
S 9 14 275
S 14 15 174
C 17 95 122
S 1 14 351
C 17 182 128
C 19 66 300
C 9 23 209
S 11 13 275
C 4 251 214
S 16 17 146
S 3 17 252
C 12 111 45
C 18 89 237
C 2 194 209
C 5 59 234
S 7 17 171
S 12 17 93
S 2 3 256
C 16 329 42
C 5 65 18
S 14 16 126
S 17 19 356
C 6 93 116
S 7 8 176
S 10 11 352
C 15 234 65
C 3 46 96
S 4 19 115
S 7 13 211
C 17 135 184
C 7 358 193
C 8 172 163
S 3 8 3
S 8 17 203
S 4 11 72
S 6 12 331
C 20 78 270
S 9 17 103
S 4 19 190
S 2 20 140
S 2 10 220
C 5 115 232
C 10 174 278
C 20 124 221
C 4 344 233
S 11 12 235
S 15 17 122
C 17 211 20
C 7 220 52
S 8 17 104
S 14 19 3
S 5 12 214
C 8 42 34
S 12 20 144
11
C 15 354 305
S 6 9 39
S 7 17 24
S 8 20 270
C 10 89 88
S 9 20 330
C 16 134 211
C 6 12 238
S 18 20 32
C 11 43 51
C 14 16 189
76
S 1 17 103
S 2 18 185
C 15 121 75
C 2 327 191
C 7 192 41
C 14 121 26
S 4 11 51
S 1 14 67
S 14 16 243
C 17 4 269
S 1 4 270
S 3 16 56
C 15 143 283
S 12 15 87
S 2 3 294
S 8 10 200
S 1 15 117
S 2 4 289
S 4 14 333
C 9 125 72
S 7 15 204
C 6 46 347
C 1 258 110
C 12 187 294
C 18 203 214
S 6 19 191
C 4 254 225
C 9 201 25
S 2 13 221
S 1 19 125
C 16 48 212
S 5 14 276
C 10 331 201
C 15 182 56
C 14 300 348
S 2 4 22
C 1 241 272
C 16 119 203
C 8 264 22
S 3 16 106
C 20 74 38
S 11 17 276
S 8 15 247
S 8 15 176
C 3 199 244
S 9 10 194
S 6 18 111
S 14 19 148
S 5 6 179
C 5 290 193
S 5 16 287
S 3 7 171
S 6 8 65
S 4 8 180
C 1 72 87
C 5 310 33
C 2 333 75
C 1 165 28
S 4 19 233
S 1 12 279
S 3 10 97
C 2 227 24
S 13 17 126
S 2 12 342
S 16 19 15
S 10 17 324
S 13 18 194
S 4 7 56
C 12 39 356
S 4 20 107
C 14 207 105
S 3 5 80
S 2 8 93
77
S 16 17 330
C 1 294 265
S 16 17 64
C 6 242 257
S 19 20 292
C 9 324 46
S 10 13 12
C 12 12 350
C 9 269 224
S 5 20 243
S 3 4 89
S 1 12 269
S 8 12 225
C 11 263 59
S 7 15 28
C 15 105 235
S 1 13 94
C 7 218 106
C 10 233 274
C 10 296 237
C 11 112 95
C 18 230 183
C 11 85 72
C 5 228 339
S 2 16 333
C 4 181 222
S 4 17 282
S 4 7 119
S 9 11 344
C 19 333 248
C 9 314 150
C 18 177 328
S 7 19 111
C 8 95 147
C 16 246 306
S 4 6 107
C 14 201 135
C 20 226 82
S 16 17 346
S 1 7 329
S 2 9 302
S 8 17 282
C 12 324 283
S 1 13 328
C 16 42 176
C 6 113 150
C 2 322 310
C 15 68 263
C 3 322 20
S 15 16 358
S 3 10 77
S 3 11 95
S 10 18 148
S 10 13 136
S 3 4 307
C 6 220 55
C 11 124 165
S 12 16 190
C 11 29 175
S 9 15 205
S 14 16 197
C 11 309 315
C 2 244 179
S 4 6 149
C 12 140 210
S 14 19 332
S 3 7 180
S 8 10 177
C 20 250 80
C 3 101 265
S 17 19 35
C 4 20 177
C 18 305 27
C 7 12 334
C 19 51 25
S 5 9 255
20
S 14 18 25
C 1 174 148
C 1 274 292
S 5 8 1
S 8 9 357
S 3 15 192
C 10 99 239
S 4 19 115
C 19 310 92
S 8 10 37
S 15 16 335
C 12 7 269
S 1 8 9
S 12 17 260
S 12 14 214
C 5 268 339
C 11 22 103
S 2 10 13
S 2 7 306
S 9 16 275
30
S 4 17 289
C 20 304 263
S 3 10 338
S 2 19 195
C 16 305 86
S 1 18 267
C 11 289 71
C 9 300 307
C 12 174 74
S 4 14 193
S 5 8 159
S 11 20 343
S 7 8 76
S 2 16 37
C 1 85 198
S 11 16 90
S 11 16 283
S 8 15 309
S 4 8 348
S 3 15 307
S 17 19 188
C 3 15 14
S 3 14 251
S 19 20 339
C 7 61 256
S 7 8 329
C 1 299 218
S 2 20 174
S 3 6 178
47
S 13 17 260
S 14 18 219
C 6 163 111
S 9 10 110
S 12 19 276
S 1 15 220
C 10 182 147
C 11 214 260
C 13 136 174
C 4 201 172
S 5 6 201
S 12 15 245
S 9 13 161
S 1 7 223
S 2 13 79
S 1 2 298
S 6 19 238
S 3 15 323
S 14 20 171
C 17 132 264
C 4 48 44
C 14 269 312
C 2 80 269
S 1 13 175
C 13 248 212
S 10 15 231
S 2 4 315
S 9 16 217
S 8 16 170
S 13 16 32
S 4 19 278
S 11 14 160
S 11 20 13
S 10 17 20
S 5 13 170
S 7 10 124
S 1 20 231
C 18 341 241
C 11 27 75
C 16 246 321
S 7 11 231
C 7 62 354
S 3 15 42
C 8 14 251
C 15 128 21
S 2 11 326
46
S 7 16 137
S 14 18 243
C 20 14 207
C 17 247 258
S 1 18 187
C 10 61 288
C 2 127 51
S 5 16 349
C 14 110 273
C 15 237 141
C 19 315 69
S 1 20 270
C 14 219 257
S 1 15 218
C 15 138 249
C 3 212 77
S 4 16 148
S 1 20 59
S 16 20 47
C 2 71 261
C 17 329 51
S 6 14 153
C 14 325 39
S 3 7 42
S 4 15 80
C 12 83 195
C 11 170 216
S 6 18 294
C 11 243 53
C 7 245 205
S 11 17 5
C 15 218 63
C 1 222 353
S 5 14 301
C 11 49 348
S 17 20 271
S 2 13 229
S 5 11 43
S 2 10 128
S 5 13 45
C 4 306 147
C 8 79 269
C 12 141 17
S 10 19 302
32
S 13 17 197
S 3 12 260
C 3 249 162
C 3 293 209
C 18 122 214
C 6 110 134
C 9 294 307
S 3 15 305
C 10 339 69
S 2 12 44
S 4 8 298
S 6 19 114
C 8 33 143
S 14 15 35
S 10 15 277
S 15 16 127
S 9 11 262
C 12 73 32
S 4 17 11
C 7 277 277
C 1 313 184
C 8 318 46
C 16 77 313
S 18 20 85
C 5 141 282
C 9 269 164
S 11 15 205
S 1 15 26
C 19 75 180
C 16 227 321
S 1 14 151
6
S 2 3 247
S 9 16 106
C 12 248 340
S 3 9 164
C 17 45 85
S 2 14 359
50
S 7 9 138
S 2 12 166
C 13 108 182
C 13 41 261
S 2 6 359
C 6 115 128
S 11 14 175
C 16 119 64
S 18 20 76
S 11 13 57
C 5 3 237
C 1 297 286
S 7 19 57
S 5 11 8
C 13 245 5
S 8 14 70
S 13 20 23
S 8 13 254
C 7 112 102
C 15 34 195
S 10 11 311
C 7 259 87
S 5 14 23
S 2 11 271
S 3 18 335
C 12 114 150
S 5 10 98
S 12 18 1
S 8 16 164
S 1 14 339
C 10 291 256
C 14 349 250
C 13 140 288
S 8 11 192
C 13 96 25
S 12 20 49
C 13 324 32
C 10 145 254
C 6 281 203
S 2 5 28
S 7 20 82
C 15 204 286
S 7 11 224
S 19 20 123
C 3 324 118
S 1 3 282
C 11 319 253
C 12 84 180
C 15 85 61
6
C 10 16 3
S 6 7 60
C 16 176 203
C 4 315 319
C 3 13 77
C 5 297 62
79
S 12 13 32
C 2 240 32
C 13 179 12
S 14 18 113
S 10 15 354
C 9 344 165
S 14 18 147
C 8 235 195
S 3 9 326
S 7 18 192
S 6 20 40
C 3 200 109
S 3 19 231
C 6 229 298
C 9 49 209
C 5 258 117
C 20 77 150
S 9 15 115
S 16 17 164
C 9 101 218
S 6 14 314
C 20 7 237
C 1 57 321
S 5 16 18
S 12 19 273
S 15 16 155
S 3 19 157
S 8 20 210
S 9 18 341
C 3 243 351
S 10 12 122
S 8 13 327
C 14 335 353
C 8 44 32
S 1 19 178
S 5 12 65
C 18 173 210
S 8 15 342
S 3 9 110
C 6 39 33
C 19 9 268
C 17 182 327
S 7 8 162
S 4 9 294
C 20 1 107
S 4 17 107
C 2 165 353
S 1 19 290
S 8 9 164
C 4 308 350
C 18 62 12
S 4 6 58
S 6 12 237
C 18 306 45
S 10 15 119
S 5 12 77
S 10 16 35
C 7 156 289
C 19 289 357
S 6 15 282
C 2 261 148
C 17 241 286
C 18 69 321
C 6 103 305
C 15 339 46
C 18 288 162
S 5 13 338
C 6 55 77
S 8 9 246
C 6 21 211
C 11 61 249
S 6 12 179
S 13 14 207
C 5 170 285
S 1 8 351
C 8 75 338
C 20 263 124
32
S 12 14 15
S 6 13 202
S 3 5 304
C 13 71 344
C 20 177 78
S 12 14 228
S 8 10 325
S 7 12 2
S 3 9 85
S 19 20 264
S 16 17 195
C 11 82 313
C 9 297 336
S 4 7 120
S 16 17 127
S 11 13 351
S 1 7 30
C 6 332 275
C 17 84 327
C 9 275 164
S 5 15 127
C 3 203 200
C 4 315 181
C 4 59 329
C 10 247 243
C 14 253 41
C 8 258 55
S 2 3 291
C 18 170 80
C 16 331 267
57
S 2 17 272
C 9 290 236
C 5 164 9
C 2 164 77
S 4 18 162
C 10 88 29
S 5 19 212
C 2 311 81
C 8 355 251
C 3 233 41
C 20 133 60
S 11 17 357
S 16 18 18
C 12 327 259
C 15 148 167
S 7 8 31
C 4 189 228
S 4 20 191
C 18 255 227
C 13 107 303
S 8 10 99
C 11 222 263
S 7 20 93
C 16 319 292
S 3 7 42
S 6 11 323
C 8 150 59
S 7 13 355
C 16 291 230
C 2 294 193
S 5 16 343
C 2 118 272
C 19 120 158
C 9 244 187
C 16 318 201
S 1 15 85
C 11 313 312
C 14 34 294
S 1 17 103
C 5 153 33
C 10 253 84
C 18 212 243
S 17 18 125
S 1 12 94
C 4 142 174
S 8 11 157
S 11 19 309
C 6 59 326
C 3 275 56
C 18 42 37
C 3 163 327
S 1 14 164
C 6 301 139
C 4 248 48
C 15 103 117
C 9 257 164
67
C 15 54 176
C 3 237 11
S 5 17 52
C 1 300 45
C 11 224 135
C 3 271 138
S 9 20 353
S 6 9 4
C 6 96 204
C 11 54 304
S 1 8 50
C 10 293 122
C 8 230 291
S 4 5 46
C 11 155 92
S 7 12 45
C 2 206 122
S 9 10 303
C 4 120 66
S 6 13 11
C 19 350 93
S 11 20 56
C 14 239 213
S 5 10 349
S 9 10 351
S 16 19 48
S 4 5 243
S 11 13 1
C 20 175 217
S 12 17 287
S 17 18 142
C 1 43 231
C 1 60 72
C 7 44 18
S 6 12 81
S 10 13 101
S 2 4 256
C 10 300 176
S 8 10 332
C 1 96 158
C 15 260 344
S 6 7 250
S 7 20 237
S 6 16 25
C 7 59 343
S 10 19 75
C 18 182 319
C 2 117 38
C 11 95 66
S 15 20 297
S 4 11 122
C 16 33 322
S 1 14 250
S 1 16 46
S 4 12 125
S 4 7 244
C 19 274 76
C 2 285 257
S 6 10 141
C 16 41 140
C 1 14 328
C 15 106 202
S 5 12 150
S 12 15 193
S 9 11 161
C 17 134 293
S 2 15 42
13
S 6 9 221
S 12 15 87
S 7 14 89
S 18 20 352
C 13 262 247
C 16 231 287
S 1 5 1
S 5 12 249
S 2 3 69
C 7 92 211
S 15 16 291
C 10 301 51
S 1 7 309
85
S 2 14 247
C 5 324 212
C 16 180 330
S 3 17 95
S 5 17 309
C 14 310 327
S 16 17 165
S 7 18 228
S 4 17 88
C 15 177 259
C 1 198 1
S 12 14 73
C 3 256 339
C 20 166 239
S 5 8 272
S 7 14 137
S 7 17 246
S 8 11 198
S 15 17 293
C 14 297 238
C 12 190 298
S 3 14 156
C 9 257 224
S 3 19 45
S 1 10 322
S 7 18 282
S 13 18 159
S 7 13 234
S 6 19 55
C 10 37 12
S 2 13 350
S 4 9 285
C 13 4 201
C 18 103 80
C 4 64 316
S 6 12 282
S 11 17 116
C 7 133 278
S 9 14 206
S 12 19 47
S 11 14 136
C 12 320 169
S 1 5 214
S 1 7 90
S 1 4 330
C 8 208 288
C 12 178 30
C 12 335 325
C 9 196 123
S 14 19 242
C 16 239 321
S 7 19 341
S 2 15 95
C 5 268 41
C 18 112 213
S 18 19 337
C 5 0 290
S 6 15 346
S 8 19 8
S 16 20 106
S 14 20 305
C 20 252 48
C 7 197 245
C 2 229 25
S 8 19 263
S 1 6 183
S 2 11 72
C 9 286 202
C 9 277 92
S 2 19 47
S 3 6 173
C 14 186 105
C 10 192 99
C 14 349 200
C 8 235 226
C 5 233 159
C 5 180 265
C 19 216 0
C 8 196 144
S 3 19 322
S 3 5 156
S 13 19 96
C 4 172 186
14
S 12 14 323
S 4 5 96
S 2 18 297
C 18 102 17
S 17 20 82
S 4 11 69
S 7 12 134
S 6 19 181
C 2 222 348
C 17 115 246
S 2 4 195
S 11 20 279
S 1 4 207
S 8 16 27
25
C 9 343 17
S 5 13 213
S 2 3 1
S 11 13 359
S 10 12 15
C 15 320 223
C 14 243 164
C 18 356 341
C 13 200 121
S 2 6 223
S 12 20 152
C 7 205 42
C 6 233 337
C 19 37 288
S 3 18 15
C 10 243 291
S 11 14 34
C 14 288 340
S 15 16 331
S 4 11 357
S 2 19 356
S 4 14 67
C 5 277 124
S 6 15 202
C 11 256 177
19
S 4 6 136
C 16 170 272
C 4 313 237
S 4 6 19
S 2 6 206
S 4 19 56
S 12 19 85
C 7 18 303
C 13 182 334
S 16 20 34
C 8 94 332
S 9 20 307
C 10 162 331
C 13 239 51
C 16 252 117
S 17 20 331
C 1 345 278
C 12 258 142
98
S 9 18 267
S 19 20 4
S 3 8 165
S 4 5 182
S 18 19 349
S 2 5 62
C 12 90 124
C 12 358 355
C 14 95 125
S 11 20 342
S 7 13 308
C 4 110 104
C 17 212 315
C 16 288 193
S 4 13 125
C 18 60 49
S 9 20 328
C 12 242 334
C 20 263 159
C 1 41 158
S 5 15 139
S 11 20 117
S 10 14 215
C 6 305 13
C 14 315 244
C 7 300 121
C 7 5 107
S 2 5 208
C 14 12 333
S 8 13 53
C 12 351 8
S 15 19 18
S 2 11 148
S 6 14 58
C 10 153 206
C 5 337 188
C 2 184 106
S 4 16 282
C 3 191 143
C 12 191 26
C 7 181 339
S 4 8 309
S 8 20 48
C 9 302 325
S 7 14 180
S 14 15 72
S 15 19 24
C 10 242 132
S 2 20 342
C 9 224 332
C 9 167 241
C 2 242 38
C 18 185 346
S 4 16 279
C 9 69 195
C 5 43 140
S 5 11 13
C 12 233 175
C 9 107 227
C 19 157 327
S 14 15 54
S 15 16 348
S 4 12 135
C 18 281 358
S 5 16 161
S 13 16 216
C 20 129 75
C 10 73 54
C 8 348 264
S 4 19 221
S 2 11 213
C 7 289 345
S 11 18 222
C 4 339 329
C 2 180 131
S 10 16 189
C 11 336 172
C 10 304 183
S 6 9 95
C 6 120 36
S 11 13 289
S 17 18 184
C 19 135 135
S 13 17 292
S 8 17 346
C 4 271 327
S 8 16 102
C 11 21 112
S 2 17 245
S 1 9 325
C 12 314 207
S 5 15 58
S 9 19 4
S 2 14 218
75
S 12 16 294
S 2 4 110
S 8 20 307
S 5 13 104
S 5 18 150
S 9 16 162
C 20 243 2
S 9 14 356
C 6 75 218
C 8 251 242
S 6 17 106
C 6 112 222
S 9 17 231
C 9 49 142
C 13 166 27
C 20 6 316
S 8 20 241
C 1 293 182
C 5 137 256
C 16 59 223
S 6 15 357
S 10 13 239
S 2 15 118
S 12 18 177
C 5 75 256
C 10 259 205
C 20 228 359
S 1 11 163
S 9 11 10
C 11 89 214
C 20 182 162
C 2 1 227
S 18 20 227
C 13 282 215
C 18 232 295
C 11 189 32
S 14 18 325
C 12 34 4
C 10 209 270
C 10 28 1
C 6 0 183
S 8 15 292
S 8 14 162
S 17 20 82
C 20 128 357
C 17 55 159
C 17 237 295
C 11 319 108
C 8 166 41
S 7 19 121
C 17 117 105
S 5 17 319
S 1 3 50
C 16 304 109
C 18 231 294
S 15 17 307
S 6 17 251
C 2 181 334
S 6 20 29
S 3 15 229
S 8 16 73
S 16 19 303
C 4 83 237
C 19 96 165
C 4 344 184
C 20 22 71
S 13 17 284
C 20 190 37
C 9 70 197
C 6 192 287
C 1 43 339
S 17 19 225
98
S 6 8 240
C 9 72 166
S 2 10 337
S 4 8 324
C 11 148 87
S 6 18 127
C 1 290 75
C 14 5 55
C 16 309 174
C 11 221 116
C 15 64 1
C 5 216 44
C 9 90 89
C 9 167 108
C 7 290 112
S 6 17 26
S 3 4 77
C 19 346 322
S 10 19 336
C 18 2 179
S 8 18 359
C 11 218 232
C 9 45 51
S 9 15 126
S 9 11 191
S 16 20 159
C 3 28 187
C 8 164 334
S 4 19 46
C 10 197 110
C 12 268 339
C 4 257 20
C 1 91 309
S 1 7 147
C 19 335 244
S 4 17 50
C 8 158 152
C 20 23 346
C 6 258 292
S 12 17 79
S 4 16 108
C 5 255 0
C 20 332 175
S 1 19 146
S 10 15 243
C 19 28 28
C 15 309 306
S 3 17 79
C 8 102 326
S 12 14 239
S 6 15 225
S 8 12 95
S 8 19 105
S 10 14 343
S 5 15 181
S 1 14 358
S 1 3 91
C 14 266 196
S 9 16 204
S 11 14 57
S 17 20 85
S 6 18 260
C 17 79 243
C 5 346 20
S 12 14 287
C 5 77 135
C 10 73 147
S 5 11 61
S 9 19 324
S 6 15 158
S 2 14 19
C 20 64 302
C 17 346 22
C 18 303 253
S 3 14 14
S 2 7 41
S 2 12 261
S 8 17 52
C 2 180 49
C 7 133 239
S 1 12 229
S 7 18 350
S 7 20 341
C 13 296 228
S 5 14 54
S 13 17 220
S 15 20 292
C 20 351 123
C 19 125 196
C 17 247 296
C 12 298 146
S 1 13 269
C 9 167 23
S 7 13 346
S 9 20 4
C 17 210 106
98
S 3 10 111
C 16 187 118
S 4 12 266
S 5 15 211
S 1 5 156
C 8 337 46
C 20 63 48
S 6 17 350
S 11 15 49
C 8 155 125
C 9 289 344
S 2 4 48
C 7 102 34
S 14 15 44
C 1 208 78
C 10 138 172
S 4 19 133
S 9 17 28
C 3 93 81
C 19 81 219
S 1 18 307
C 12 334 356
S 1 15 85
S 1 8 91
S 3 6 133
S 2 12 270
S 9 16 253
C 19 323 69
C 5 200 81
S 2 11 294
C 3 321 57
C 18 47 223
S 11 17 250
S 5 20 219
S 14 19 39
C 12 152 209
S 9 17 73
C 1 275 303
S 2 4 132
S 16 19 129
C 8 126 94
S 2 10 249
S 12 16 222
C 17 15 141
S 4 10 9
S 16 17 25
C 11 307 70
C 5 199 152
S 3 7 6
C 2 262 76
S 5 6 69
C 12 285 322
C 17 324 203
C 19 330 328
C 2 115 187
S 3 17 266
S 15 16 275
C 4 75 63
S 2 12 60
S 2 10 261
S 10 16 128
S 3 16 300
S 1 19 135
C 14 152 291
C 6 271 117
C 10 42 290
C 12 272 262
S 2 14 68
S 3 18 348
S 7 18 99
S 2 16 257
S 14 17 151
S 14 15 258
C 12 50 344
C 4 267 190
C 9 103 130
C 16 344 45
C 10 218 188
S 7 17 155
S 5 12 74
C 2 156 226
S 7 13 46
S 6 10 92
S 4 19 289
S 5 16 139
S 4 10 108
C 11 32 238
C 19 171 260
S 6 11 131
C 16 324 222
S 1 16 55
S 11 17 207
C 20 245 208
S 1 19 341
S 4 19 281
89
C 19 264 179
S 2 19 108
C 18 246 7
C 13 304 296
S 6 19 277
S 9 13 0
S 9 13 35
S 4 13 42
S 5 10 10
S 9 14 285
C 16 341 184
S 5 9 177
S 5 17 44
C 19 131 333
S 3 16 13
S 9 16 268
S 13 20 326
C 3 294 120
C 19 153 102
C 9 324 186
S 1 3 259
C 20 38 328
S 1 15 143
C 11 335 300
S 8 20 285
C 4 354 239
C 8 36 164
S 8 10 228
C 15 169 55
S 6 9 235
C 15 109 327
C 4 194 145
S 4 9 320
S 3 20 288
S 2 20 118
S 13 15 74
C 2 227 26
S 5 20 192
C 15 279 159
C 3 264 214
S 8 14 160
C 2 116 71
C 17 32 295
S 7 11 290
C 3 123 32
C 16 335 121
S 16 19 12
S 15 16 226
C 13 93 164
S 14 19 273
S 4 8 329
S 2 11 111
S 15 18 287
S 10 18 328
S 18 19 90
S 2 4 267
S 7 8 255
C 1 244 25
C 5 261 11
C 7 182 284
C 13 125 5
S 4 18 154
C 6 144 340
C 7 8 160
S 10 16 228
S 5 15 165
C 6 167 202
S 11 15 65
S 18 19 89
S 11 12 82
S 13 18 49
S 13 18 252
S 2 15 251
C 1 299 167
S 3 16 79
C 3 167 355
S 17 20 288
S 5 9 348
C 15 5 337
C 6 116 324
S 12 19 346
S 2 10 121
C 17 66 0
S 4 20 77
S 8 14 206
C 13 193 247
C 20 90 290
C 17 129 40
C 8 147 88
48
C 9 204 18
S 9 18 179
S 11 18 66
S 11 20 317
C 15 50 127
S 5 15 222
C 15 348 354
C 14 88 34
S 6 11 276
C 15 91 351
C 3 158 189
S 17 20 298
S 6 16 117
S 5 8 84
C 10 171 227
S 8 11 200
C 18 246 332
C 18 187 203
S 13 16 98
C 19 134 9
C 12 157 60
S 6 8 321
C 8 68 75
S 11 19 99
S 6 10 177
S 6 16 279
S 6 16 10
S 5 8 262
S 1 4 173
S 9 11 141
S 11 19 335
C 10 259 248
C 2 93 8
C 11 115 61
S 2 7 116
S 9 20 346
S 14 19 114
S 3 9 300
C 11 7 158
S 14 20 208
S 12 13 152
C 18 3 153
S 5 16 306
C 10 73 266
C 7 126 276
S 15 19 246
25
S 12 20 303
C 17 64 131
C 8 141 223
S 14 18 67
S 19 20 131
S 10 17 173
C 13 78 351
S 6 13 203
S 10 17 95
C 4 92 156
C 19 32 261
C 15 126 67
S 3 8 166
C 19 259 284
S 8 14 262
C 12 30 198
C 15 205 331
C 11 289 265
C 17 131 107
C 17 300 242
S 9 13 186
C 8 291 341
S 2 13 93
S 10 19 136
55
S 6 20 19
C 17 204 4
C 6 162 357
S 10 11 237
C 20 30 107
C 9 205 269
S 9 11 132
C 14 264 83
C 6 285 278
C 11 233 141
S 5 6 349
S 4 16 342
C 9 38 344
S 8 15 230
C 17 48 108
C 2 265 63
C 1 114 60
C 15 325 224
S 3 4 354
S 1 12 106
C 20 132 153
S 6 20 121
S 9 12 175
C 11 281 10
C 19 288 223
S 4 17 23
S 6 11 154
C 11 345 356
C 7 223 113
S 14 18 45
S 1 8 221
C 12 280 331
S 10 13 323
S 1 11 33
C 3 87 145
S 6 8 196
C 8 157 336
C 13 254 344
C 5 124 266
C 8 326 139
C 6 241 253
S 3 18 68
S 8 14 332
C 20 6 204
C 2 30 47
S 1 10 43
S 14 20 129
S 1 10 67
C 11 239 302
C 7 200 297
S 10 18 243
S 10 19 334
C 15 117 113
C 3 156 76
S 10 12 65
91
C 18 336 202
C 9 22 227
S 8 17 111
C 6 349 72
S 5 18 60
C 8 68 38
S 14 17 116
C 2 171 188
S 1 7 55
S 6 7 85
C 20 351 125
S 5 10 45
S 12 18 324
C 17 341 355
S 5 7 346
S 3 10 206
S 15 20 358
S 6 11 47
C 18 81 121
C 6 35 62
C 4 237 352
S 5 20 8
S 6 14 148
S 8 19 76
C 15 312 356
S 10 14 15
S 16 17 290
S 11 17 164
S 8 12 100
S 14 16 51
S 8 12 133
C 4 87 106
C 9 18 181
S 1 20 151
C 14 240 271
C 14 60 215
C 3 106 352
C 7 233 353
S 9 18 275
C 18 343 268
S 9 20 131
C 1 282 219
C 12 78 72
C 3 144 324
S 4 18 175
S 5 15 300
S 8 12 109
C 15 212 303
C 9 190 130
C 16 142 178
C 12 243 13
S 1 20 308
C 14 49 308
C 19 26 313
C 16 128 315
S 3 12 99
S 8 16 340
C 10 236 278
C 19 326 132
C 6 91 167
C 17 55 225
S 9 19 228
C 1 333 142
C 16 163 55
S 5 8 273
C 18 246 172
C 14 183 38
S 4 14 109
C 4 133 109
S 5 19 40
C 9 339 79
S 1 5 341
S 8 12 211
C 12 187 57
C 9 292 252
C 1 162 66
C 17 206 197
S 14 20 311
S 10 12 22
C 12 300 80
C 8 358 269
C 16 237 179
C 10 291 300
C 20 106 204
S 1 12 16
S 2 8 163
C 14 295 261
S 3 4 126
C 12 141 81
S 7 17 218
37
C 19 149 283
S 4 14 11
S 8 11 69
C 1 42 4
C 16 227 17
C 1 275 138
S 11 16 145
C 3 124 168
C 14 146 231
S 10 18 2
S 12 18 242
C 20 168 30
C 6 352 279
C 10 343 241
S 4 20 60
C 1 186 56
C 11 98 54
S 5 16 196
S 5 11 292
C 18 319 293
S 12 20 291
C 8 338 122
C 1 146 182
S 2 15 16
S 18 19 127
S 12 13 205
C 2 166 39
S 3 18 188
S 10 17 81
S 11 19 160
S 12 20 290
S 6 15 253
S 4 15 276
S 10 20 63
S 11 20 151
S 7 18 326
S 4 13 59
49
S 7 14 98
C 9 28 151
C 6 117 124
S 2 14 223
S 5 19 205
S 4 11 163
C 5 192 30
S 9 12 293
S 1 11 79
S 9 17 34
C 11 120 44
S 5 19 55
C 17 15 332
S 5 7 277
C 9 303 329
C 5 199 156
C 9 115 241
S 9 13 110
S 13 16 156
S 5 7 273
C 2 355 99
C 2 13 224
S 7 18 288
S 6 16 135
S 4 16 307
S 13 17 167
C 5 118 297
S 1 11 16
S 9 19 167
C 1 269 58
S 3 11 307
C 7 90 44
C 9 230 30
C 6 143 192
S 19 20 334
S 15 18 113
S 13 15 138
S 1 6 293
C 5 285 332
S 11 16 151
S 5 15 217
S 2 15 41
S 5 6 238
C 14 158 222
S 11 15 273
S 3 19 254
S 8 12 56
C 2 170 26
S 11 19 2
29
C 2 81 164
C 19 191 280
C 6 21 333
S 11 20 201
C 20 77 308
C 15 262 208
C 4 23 212
S 2 6 321
S 7 19 215
S 1 10 130
C 4 301 56
C 2 138 359
C 15 299 23
C 17 315 86
C 18 296 156
S 2 16 10
C 5 212 339
C 12 350 56
C 12 71 185
S 3 10 1
C 14 100 201
S 12 20 236
S 9 20 145
C 11 129 259
S 4 11 316
S 4 8 175
S 19 20 268
C 10 201 208
82
S 1 17 183
C 18 188 298
C 13 67 174
C 19 154 348
C 12 190 310
S 6 14 48
S 9 10 276
S 6 14 90
C 16 1 2
C 7 307 344
C 16 301 236
C 1 180 20
S 7 17 44
S 2 19 203
C 8 166 234
C 16 233 286
C 16 154 336
C 17 18 136
S 8 20 152
C 16 325 137
S 8 19 342
C 8 128 100
S 14 17 324
C 13 303 29
C 11 292 273
C 14 170 155
S 1 14 295
S 13 17 275
S 3 14 28
C 2 154 15
S 1 10 58
S 10 16 159
S 3 12 327
C 3 95 3
C 10 243 295
S 2 16 174
C 11 58 309
C 18 161 66
C 14 230 252
S 8 14 329
S 15 18 343
S 6 12 1
C 15 233 27
S 1 19 352
C 15 174 342
C 20 248 286
S 7 12 48
S 2 20 44
C 17 340 69
C 19 18 307
S 16 18 169
C 10 260 62
S 14 18 337
C 8 208 11
C 9 114 45
C 15 65 345
C 2 102 25
S 12 18 291
C 9 118 340
C 5 302 272
S 1 18 43
C 8 320 143
S 11 20 154
S 1 20 326
S 2 5 346
S 13 14 222
C 19 10 350
S 10 11 179
C 1 19 21
S 7 14 351
S 12 15 102
S 6 9 287
S 7 16 269
C 13 8 193
S 9 14 202
C 16 2 60
S 4 15 284
S 5 13 88
C 6 224 28
C 17 185 162
56
S 5 20 26
C 14 29 204
S 4 16 223
S 4 6 189
C 6 305 356
S 1 6 148
C 3 74 202
S 13 20 185
C 11 139 239
C 16 15 223
C 7 97 288
S 4 11 45
C 6 190 89
C 6 38 319
S 6 11 58
C 13 91 110
C 17 176 13
C 16 178 262
C 8 287 4
C 17 78 36
S 3 13 147
S 7 10 329
C 11 49 98
C 12 95 341
S 7 11 289
S 4 12 83
S 7 18 75
S 17 19 18
S 2 8 97
S 1 12 42
S 2 13 2
C 3 284 142
S 16 20 250
S 12 19 236
S 4 15 86
S 17 20 266
C 5 294 82
C 14 310 304
C 15 1 42
C 8 91 59
C 6 348 353
C 11 189 175
C 13 134 184
S 13 15 115
C 4 307 199
S 6 11 74
C 17 256 218
S 8 19 324
S 3 7 108
C 13 80 103
C 20 113 222
S 2 6 338
C 12 263 214
S 10 14 157
C 14 121 126
C 15 168 192
58
C 6 7 356
C 3 20 213
S 15 20 63
C 13 253 74
C 1 43 131
C 18 138 154
C 10 139 359
S 1 5 101
C 3 261 131
C 8 93 180
S 7 12 100
C 15 132 180
S 15 19 24
C 9 307 116
C 2 225 321
S 13 19 260
C 8 346 159
C 13 127 142
C 1 193 175
S 7 17 69
S 7 17 356
C 8 353 3
C 16 90 53
S 15 18 77
S 7 8 214
C 17 299 197
C 16 284 263
C 16 19 278
S 12 13 150
S 1 13 55
C 13 205 250
C 20 246 342
C 14 66 124
S 11 17 83
C 19 334 204
S 1 10 122
S 5 12 35
S 14 19 197
C 3 37 349
S 11 17 286
S 2 20 350
S 6 13 253
C 13 148 225
S 7 16 171
S 7 19 198
C 13 266 37
S 12 15 358
C 17 28 295
S 5 19 198
C 8 113 160
C 15 261 79
S 6 8 176
C 7 83 6
S 3 6 60
S 7 20 319
S 9 18 249
C 18 87 116
82
C 12 264 239
S 7 17 31
S 2 10 79
S 8 11 305
C 20 93 349
S 15 16 247
S 1 4 110
S 4 9 155
S 10 12 10
S 7 15 135
S 9 11 324
S 2 8 166
C 19 84 174
S 9 11 163
S 3 7 174
S 15 17 142
C 4 220 288
C 5 150 25
S 15 16 37
C 12 259 336
S 4 9 200
C 10 187 134
C 10 39 226
S 11 19 34
S 2 11 129
S 1 4 244
C 15 280 227
S 2 14 306
C 15 62 351
C 18 208 41
C 6 129 154
C 18 15 314
C 19 97 105
C 5 273 206
S 4 17 82
S 14 18 7
C 4 47 215
C 5 161 303
C 15 1 87
S 11 14 318
C 10 342 198
C 4 193 149
C 19 296 263
S 1 16 306
S 2 12 40
C 20 353 347
C 3 59 266
S 3 6 308
S 2 18 173
C 18 99 59
S 9 11 4
C 18 226 108
C 18 148 320
C 1 219 298
S 2 19 24
C 8 71 195
C 16 240 356
C 14 229 74
C 3 273 39
S 5 16 319
C 10 18 336
S 8 15 41
C 18 347 271
C 8 199 133
S 9 18 341
C 17 286 115
C 15 336 143
C 3 359 22
C 1 234 25
C 3 32 134
S 3 7 37
C 14 233 238
S 1 14 22
C 18 109 158
S 3 7 338
S 12 16 279
S 8 15 254
C 10 277 266
C 7 300 179
S 1 16 23
C 3 176 103
81
S 1 19 16
S 2 14 247
S 8 16 313
S 12 20 30
C 6 44 271
S 18 20 307
S 13 15 25
S 11 14 152
C 15 316 348
C 8 48 239
S 6 13 167
C 18 66 194
C 1 305 280
S 16 17 230
C 10 62 242
S 11 19 121
C 14 145 15
S 1 7 148
C 20 181 55
C 19 177 85
C 18 154 237
C 5 203 271
C 11 174 291
S 15 17 343
C 12 167 312
C 16 354 233
C 19 158 298
C 13 181 317
S 3 12 204
C 12 175 293
C 2 59 20
S 19 20 2
S 15 16 300
S 7 8 179
C 15 257 218
S 4 19 288
C 1 305 43
S 15 19 6
C 4 347 291
S 3 16 275
S 9 17 14
C 15 345 7
S 12 14 267
S 3 7 169
S 6 16 22
S 3 13 328
C 13 53 352
S 1 14 54
S 13 14 354
C 10 214 5
S 8 13 20
C 15 282 227
S 14 18 356
C 14 75 203
C 3 270 162
C 5 207 258
C 3 231 305
S 10 19 173
S 14 18 182
S 5 18 128
C 17 232 254
C 4 217 17
S 8 10 308
S 3 14 191
S 4 10 29
C 11 256 212
S 8 11 124
S 5 18 179
S 5 18 13
S 13 20 359
C 11 266 169
S 1 5 45
C 20 317 227
S 2 8 71
C 15 158 262
S 4 17 297
S 11 14 317
C 11 282 331
C 1 94 26
C 15 11 20
S 7 13 76
86
C 4 338 226
S 1 7 331
C 5 146 21
C 20 103 179
S 13 16 52
S 13 17 324
C 3 0 155
S 6 17 231
C 9 92 341
C 15 153 293
C 1 61 117
C 5 184 283
S 5 19 319
S 13 20 204
C 8 104 347
C 17 17 271
S 14 18 163
S 12 17 212
C 1 305 40
C 15 208 219
C 9 180 28
C 3 198 337
S 12 20 151
S 7 18 242
S 3 11 305
C 8 211 55
S 4 19 341
C 20 299 236
C 9 221 263
S 6 20 303
C 15 236 140
C 13 214 247
S 1 16 234
S 13 18 269
C 2 236 188
C 9 261 352
S 8 20 286
S 15 20 96
C 8 357 51
C 14 344 117
S 2 10 328
S 1 5 306
C 10 317 196
C 3 217 22
S 5 19 146
S 5 6 243
S 4 11 220
S 1 17 129
C 17 213 128
C 6 330 139
S 6 19 353
S 1 7 132
S 2 8 161
S 10 12 244
S 16 18 76
C 14 324 72
C 15 307 79
C 15 234 304
S 16 20 340
C 8 280 275
S 9 12 352
C 4 119 206
S 11 15 28
S 12 18 228
C 6 63 189
S 1 19 330
S 4 17 12
C 20 254 281
C 18 174 263
S 9 17 90
S 13 15 241
C 4 195 314
S 3 13 22
C 12 44 28
S 7 19 169
S 6 9 86
C 15 83 77
S 7 8 335
C 4 347 234
29
C 12 331 60
C 4 358 358
C 2 181 147
C 14 290 5
S 17 18 174
C 3 97 230
S 12 15 72
C 7 323 349
S 12 16 202
S 2 6 12
S 3 8 289
S 3 11 102
C 13 39 142
C 19 2 266
C 16 23 58
S 3 19 316
S 8 10 172
C 18 52 76
S 7 16 91
C 8 17 342
S 10 18 157
S 7 14 260
C 3 158 225
S 3 5 46
S 3 17 249
S 5 16 138
S 1 4 238
S 1 16 320
S 6 13 263
13
S 5 19 123
C 10 92 78
C 16 275 70
C 14 83 149
C 18 147 330
S 12 17 186
C 7 180 321
C 4 12 94
C 2 75 224
C 10 190 337
C 2 1 222
C 18 282 52
C 8 317 42
88
S 17 18 145
C 4 259 94
C 11 262 281
C 19 11 256
C 17 184 69
C 17 22 116
S 7 20 56
C 3 132 340
S 14 18 200
S 12 15 209
C 10 264 11
S 19 20 79
S 13 18 340
S 8 12 160
S 18 19 103
S 1 8 333
C 11 272 15
C 14 5 113
C 12 255 206
S 18 20 166
S 11 18 2
S 1 10 264
S 9 11 191
S 10 12 127
S 10 20 224
S 12 14 230
S 14 20 328
S 1 3 107
C 7 107 276
C 2 206 193
C 3 42 24
S 3 20 176
S 9 20 337
C 15 100 242
C 8 338 246
S 19 20 156
S 7 18 81
S 7 14 292
S 6 17 167
C 16 353 313
C 18 6 100
C 10 143 42
S 10 19 97
S 3 10 334
C 4 234 18
S 4 8 15
C 9 77 331
S 11 18 47
S 7 11 189
C 17 124 303
S 5 20 38
S 5 6 42
S 4 20 191
C 7 258 237
C 10 24 229
C 11 146 18
C 16 291 206
C 17 141 318
C 5 111 208
C 8 177 355
S 11 20 142
S 1 18 197
C 12 276 3
C 3 46 161
C 6 26 96
S 1 5 202
C 12 76 110
C 1 221 48
S 10 13 60
S 2 5 12
S 12 19 29
S 1 17 5
S 1 8 356
S 10 19 175
S 8 11 55
C 3 206 152
S 5 15 193
S 1 10 240
C 13 14 37
S 9 10 209
C 10 58 56
C 16 99 174
S 9 18 352
76
S 1 18 104
S 19 20 323
S 7 14 355
C 18 284 157
C 14 322 313
S 5 18 122
S 9 14 309
S 7 17 344
C 2 59 101
C 11 116 126
C 8 1 171
C 6 144 237
S 3 18 240
C 10 279 225
C 1 271 33
C 16 15 233
S 7 16 180
C 5 12 223
C 12 268 310
C 7 234 15
S 12 17 180
S 8 17 131
C 7 342 30
S 4 14 133
S 4 7 26
S 14 18 64
S 1 9 158
C 6 213 181
S 1 14 162
S 5 12 267
C 16 326 170
C 17 225 355
C 20 18 45
C 19 193 141
S 15 19 276
C 14 192 77
S 6 9 321
S 8 14 240
S 3 12 284
C 15 273 147
S 9 19 304
C 9 64 318
C 12 117 325
S 8 19 39
S 4 16 38
C 20 45 186
S 4 20 66
C 17 106 335
S 2 13 72
S 3 16 270
S 4 20 254
C 11 2 61
C 17 195 156
C 8 262 97
S 14 18 89
C 3 97 142
C 4 219 292
C 3 257 192
C 2 264 75
C 12 170 231
S 2 17 110
S 1 4 293
S 7 12 316
C 9 122 177
C 17 308 75
S 15 16 56
C 17 257 253
C 7 338 140
S 1 15 277
S 11 15 55
C 8 3 20
C 17 119 46
C 14 65 339
S 15 18 98
C 7 176 123
90
C 2 258 112
C 6 139 194
S 4 17 284
C 12 72 347
S 4 15 5
C 12 203 15
C 13 204 37
C 7 67 305
C 11 271 53
C 7 301 241
S 4 17 272
S 4 11 126
C 6 89 24
S 3 10 165
C 11 125 203
C 20 199 12
C 14 179 177
C 17 329 67
S 1 6 236
C 7 298 67
C 11 186 190
S 6 13 334
S 3 7 105
C 6 133 281
C 17 264 193
S 2 20 273
S 2 13 29
S 14 15 231
C 10 177 296
S 15 20 220
S 1 8 313
S 6 11 101
C 5 27 201
C 1 224 164
S 9 11 330
C 19 343 224
C 1 287 48
S 1 14 250
S 7 17 332
C 7 150 353
S 1 3 343
S 2 20 231
S 7 10 340
C 13 207 59
C 1 176 12
S 9 20 357
S 2 9 14
S 2 19 128
C 20 326 130
S 3 6 97
C 9 325 128
S 4 13 15
C 12 305 302
S 5 14 32
S 2 19 161
S 5 11 75
S 8 12 45
C 9 237 75
C 10 286 8
C 1 249 339
C 10 162 157
S 6 10 153
C 17 301 84
C 19 288 115
C 17 229 216
S 1 2 263
S 9 13 37
S 2 17 316
S 14 15 74
C 18 282 262
S 7 15 102
C 10 239 118
C 1 266 9
S 16 19 321
C 11 180 92
C 8 288 126
S 1 2 170
C 13 46 347
S 9 12 292
S 10 16 320
S 3 10 319
S 1 13 238
S 14 16 118
S 8 20 303
S 11 19 312
C 5 24 200
C 17 87 224
51
S 5 16 237
C 16 142 334
C 15 111 95
C 1 27 224
S 9 17 2
S 11 20 175
S 7 8 167
C 9 215 43
S 9 16 216
C 2 74 95
C 1 96 98
S 10 17 110
S 6 12 354
S 1 15 352
S 4 12 288
C 13 134 41
S 17 18 50
C 19 224 214
S 11 18 111
C 16 110 123
S 2 15 337
S 9 12 164
C 11 325 181
S 1 3 230
S 11 16 206
C 5 271 188
C 10 270 89
C 5 276 24
C 5 73 29
C 13 296 343
S 15 16 274
C 1 73 271
C 16 37 210
S 3 20 153
S 4 7 49
C 4 345 62
S 16 17 30
C 12 65 68
S 2 20 182
C 20 211 127
S 4 19 252
C 10 295 91
C 7 18 132
C 15 331 25
C 14 52 0
S 3 5 353
44
C 19 99 96
C 8 133 113
C 4 327 232
S 16 18 333
C 6 287 25
S 7 19 238
S 13 19 324
C 11 19 250
C 7 213 137
C 1 196 29
S 7 9 135
S 14 19 115
C 5 229 41
S 16 17 13
S 5 19 72
S 2 13 185
C 8 184 7
C 6 246 293
S 6 14 350
S 1 8 145
C 8 104 317
S 10 14 336
C 19 154 246
S 6 12 320
S 6 18 290
S 5 16 119
S 10 18 44
C 4 329 206
C 5 254 269
C 2 324 337
C 13 174 153
S 16 17 111
C 3 25 80
S 6 9 288
S 13 20 255
S 3 8 103
S 19 20 283
S 9 18 349
C 19 16 280
C 14 184 64
S 6 20 45
S 7 12 169
S 1 10 330
47
C 13 43 284
C 6 30 221
C 7 310 271
S 1 5 186
S 4 14 201
C 10 312 86
C 14 126 266
S 12 18 299
S 9 18 305
S 10 20 22
C 4 215 108
C 19 22 94
C 4 88 39
C 8 174 305
S 9 10 125
C 2 252 95
S 9 19 104
C 4 352 180
S 1 15 114
C 10 310 293
S 5 12 83
C 7 114 269
S 13 14 338
C 16 335 8
S 8 18 254
S 18 20 182
S 14 20 289
S 2 4 96
S 2 3 213
C 10 164 3
S 9 14 86
S 13 18 43
C 4 323 218
S 8 12 221
S 15 16 332
S 2 4 122
S 2 3 238
C 11 15 142
S 14 18 241
C 20 36 213
C 9 142 273
C 20 47 96
S 4 5 185
C 5 222 215
C 6 290 198
C 3 21 34
62
C 5 189 7
C 7 315 317
C 18 91 320
S 6 17 222
S 3 9 241
S 3 13 252
S 6 7 132
C 9 120 342
C 5 6 230
C 19 278 91
S 5 12 289
S 11 20 29
C 13 198 290
C 12 201 3
S 7 8 53
C 12 47 64
C 3 127 216
C 14 136 168
C 11 23 88
C 5 223 145
C 9 117 56
S 3 5 297
C 12 327 127
S 11 12 208
S 7 11 340
S 15 20 189
C 17 135 32
C 11 306 142
S 9 14 70
C 17 123 35
S 1 8 94
S 2 3 90
S 2 4 19
C 17 273 113
C 2 306 159
S 8 10 347
C 12 345 355
C 11 16 59
C 15 255 105
C 13 102 251
C 8 237 149
C 1 132 196
S 6 8 3
S 4 7 70
C 16 50 299
S 4 10 112
S 3 18 278
S 12 19 167
C 20 329 108
S 2 19 36
C 1 281 144
S 12 19 152
S 9 14 262
S 13 20 199
C 12 117 159
S 1 11 91
C 15 115 242
C 3 230 187
C 16 307 115
S 11 19 262
S 1 5 202
97
C 1 287 48
S 3 7 336
S 17 20 357
S 1 3 300
C 15 5 4
C 16 174 180
S 12 20 340
S 3 11 17
S 11 14 210
S 6 15 178
C 8 43 250
C 3 36 310
S 5 14 265
S 4 20 30
C 10 246 343
S 1 6 11
C 2 336 15
S 10 12 265
S 14 20 122
C 16 303 35
S 2 19 247
S 5 15 85
S 5 11 21
C 12 214 76
C 13 262 89
C 8 69 50
C 18 151 161
S 14 17 8
S 2 3 58
S 14 20 259
C 17 130 297
C 2 290 288
S 17 18 46
S 16 18 327
C 10 91 196
C 20 340 281
C 5 288 23
C 13 219 15
C 7 154 251
S 8 18 15
C 14 49 355
S 15 20 16
S 15 19 158
S 1 15 191
C 1 316 58
S 1 10 122
S 3 20 232
C 9 20 168
C 15 16 115
S 5 11 280
C 20 215 122
S 1 17 238
S 1 15 304
S 5 20 58
C 9 190 52
C 19 331 105
S 8 13 279
C 17 69 286
S 8 15 27
C 8 283 203
S 14 17 331
S 7 8 273
S 7 17 294
S 2 5 39
S 14 17 87
S 17 19 299
C 18 79 133
S 19 20 267
C 19 148 270
S 2 17 139
S 5 7 181
C 16 189 0
S 13 17 315
C 17 168 111
S 1 2 167
C 2 279 95
C 11 128 174
C 15 53 224
C 20 221 315
C 14 212 15
C 11 151 247
S 4 17 356
C 3 75 110
S 5 20 14
S 3 18 121
S 1 18 262
C 11 37 300
C 2 143 215
C 5 222 58
S 5 14 130
C 2 214 45
S 1 11 1
S 14 15 6
39
S 5 16 85
S 9 16 347
C 17 191 278
C 4 159 315
S 2 14 173
C 2 284 262
S 11 16 161
S 2 4 251
S 4 14 278
S 15 19 17
C 4 55 43
C 4 8 333
S 2 20 330
C 9 108 314
S 2 15 312
S 3 16 269
S 3 5 131
S 7 10 31
S 1 4 144
C 9 106 6
S 1 11 176
S 10 12 153
C 4 73 21
C 7 21 303
C 10 40 48
C 20 305 211
C 7 253 137
S 13 19 79
C 1 145 305
S 1 9 329
S 11 17 103
C 9 351 313
S 11 13 153
C 12 245 65
C 18 256 25
C 1 307 51
C 18 312 33
36
C 3 104 348
S 6 18 338
S 8 15 47
S 6 17 274
C 19 224 211
C 15 256 227
C 4 236 62
C 5 339 135
S 3 15 19
C 18 49 63
C 1 64 199
S 1 4 323
C 4 321 288
S 2 7 14
C 2 176 35
C 15 263 56
S 6 11 9
C 8 149 190
C 9 125 149
C 9 148 42
S 5 8 113
C 2 194 359
C 10 235 84
C 6 214 322
C 7 320 77
S 11 17 102
C 11 337 89
S 2 20 290
C 20 219 214
C 5 77 233
S 10 19 87
S 1 15 206
C 11 49 17
S 15 17 132
S 6 10 293
13
S 3 17 77
S 4 12 76
C 18 208 39
S 2 16 241
C 5 254 222
S 3 4 72
C 4 145 314
S 3 5 255
C 7 336 166
C 19 255 289
C 15 84 156
S 3 16 172
C 9 284 211
55
S 7 12 237
S 15 17 190
S 8 9 287
C 3 285 101
C 16 280 3
C 5 172 317
S 3 12 186
S 11 16 90
C 6 212 315
S 8 15 248
S 11 15 311
S 5 8 17
C 17 317 176
S 1 18 227
C 14 352 62
C 1 69 323
S 8 10 16
C 16 295 172
C 19 318 353
S 1 13 261
S 4 20 236
C 6 23 269
S 7 8 254
S 13 18 191
C 17 61 194
C 18 261 163
S 10 15 204
C 14 168 65
C 7 233 80
C 16 187 303
S 1 9 212
S 7 15 300
C 5 160 52
C 16 276 156
S 16 19 77
S 8 16 238
C 17 125 340
C 18 44 300
S 14 16 243
C 18 60 63
S 2 18 125
S 1 13 6
C 4 222 67
S 1 14 116
S 3 10 163
C 4 117 2
S 11 13 280
S 6 19 272
C 2 324 56
C 17 264 161
S 9 16 218
C 11 265 31
C 9 169 248
C 7 174 348
C 20 9 251
97
S 10 13 128
S 12 18 282
S 1 10 4
S 5 13 85
C 8 343 113
C 7 120 64
S 1 20 124
S 7 16 193
C 16 79 68
S 8 17 325
C 1 292 312
S 1 6 113
S 3 17 351
S 7 8 46
C 2 334 280
S 13 15 266
S 16 17 85
S 9 16 319
C 20 71 162
S 5 20 216
C 19 317 197
S 1 16 65
C 2 15 93
C 6 58 211
C 18 240 155
C 7 228 97
S 1 20 116
S 1 16 239
C 18 32 47
C 16 321 273
S 14 16 239
S 2 7 266
S 11 13 335
S 6 10 33
C 11 215 128
S 3 7 231
S 11 17 100
C 1 357 149
C 11 318 3
S 4 15 83
S 13 19 189
C 13 85 348
C 16 354 324
S 10 13 123
S 2 18 102
C 14 206 51
S 3 7 253
S 6 11 109
S 3 9 158
S 19 20 349
S 2 11 148
C 14 20 175
S 6 13 195
S 6 7 143
C 16 120 68
S 3 4 237
C 8 218 277
C 4 120 346
C 17 260 258
C 18 201 74
S 6 16 316
S 3 4 60
C 16 201 226
S 14 18 14
C 5 101 168
S 15 18 19
S 14 19 272
S 9 19 126
C 3 235 179
S 1 16 109
S 1 7 297
S 5 15 242
C 11 228 262
S 2 17 7
S 14 17 279
C 2 95 113
S 1 6 68
S 12 15 324
S 1 11 87
S 2 3 97
C 10 233 68
C 15 89 330
S 8 12 134
S 4 7 308
S 4 18 42
C 6 217 85
S 11 12 209
S 14 19 121
S 11 18 292
C 18 115 163
S 9 12 171
S 13 16 219
C 6 274 91
S 3 19 149
C 8 205 280
2
S 4 9 105
S 6 15 22
10
C 19 222 352
S 11 20 90
S 4 9 117
S 1 20 279
S 2 18 108
C 9 273 282
S 8 14 4
S 11 16 9
C 2 235 129
33
S 2 17 295
S 5 19 215
S 11 12 38
C 7 92 159
C 9 321 333
S 6 20 101
S 1 14 227
S 12 17 263
C 17 109 291
C 5 15 209
C 3 52 262
S 3 8 316
S 15 18 284
C 18 103 304
S 9 17 244
C 12 9 236
S 5 14 298
S 5 18 4
C 13 309 110
C 12 321 224
C 1 328 145
C 12 148 342
S 1 10 35
S 13 20 37
S 18 20 221
S 9 19 37
S 12 19 344
C 13 282 254
C 3 307 191
C 5 69 193
30
C 11 334 143
S 1 9 13
S 19 20 152
C 5 180 330
S 2 13 107
S 3 8 355
S 1 11 30
C 6 152 225
S 5 9 171
C 4 4 347
S 9 16 161
C 19 249 340
S 11 17 103
S 8 18 305
C 12 245 45
C 12 246 78
S 5 15 216
S 3 9 3
C 14 84 118
C 18 45 329
C 11 219 35
C 16 2 181
S 5 11 126
S 8 12 352
S 14 17 164
C 15 107 245
S 4 19 176
S 6 10 178
C 19 327 312
S 15 16 250
60
C 15 253 321
C 4 108 112
S 9 19 299
C 15 330 270
C 14 298 304
S 9 12 292
S 9 20 268
C 7 87 263
S 2 20 239
S 14 17 129
C 18 163 312
S 15 18 321
S 15 16 57
S 14 19 234
S 1 3 352
C 16 88 124
C 18 153 205
S 3 8 267
S 10 17 224
C 17 210 225
C 5 43 137
S 5 11 304
S 15 20 108
C 4 284 103
S 11 14 66
S 4 17 323
C 10 186 72
C 1 353 31
C 18 324 134
S 7 8 207
S 8 11 54
S 4 15 252
S 17 18 53
C 17 238 88
S 5 18 281
S 9 10 58
C 17 243 250
S 8 17 146
S 3 16 164
C 3 20 68
S 13 19 20
S 8 14 24
C 20 49 97
S 9 16 83
S 13 14 37
S 2 11 127
C 4 64 228
C 19 27 143
C 6 156 331
C 3 345 176
C 2 45 14
C 14 54 158
S 10 12 206
S 1 17 358
C 8 191 183
S 16 18 240
C 5 6 25
C 16 194 97
C 9 198 125
66
C 17 81 107
S 4 15 85
S 3 18 346
C 5 161 28
S 5 10 355
C 4 27 325
C 5 205 72
S 7 9 117
C 7 300 11
C 16 14 253
S 7 10 338
C 18 37 157
C 18 50 52
C 6 269 8
C 4 248 142
C 20 12 126
C 17 351 80
C 6 8 67
C 12 218 89
S 3 9 85
S 4 14 157
C 6 132 201
C 5 135 270
C 4 356 312
C 6 295 23
C 3 176 200
C 1 252 45
S 4 15 196
C 18 288 236
S 6 12 251
S 10 11 138
S 1 8 338
S 5 15 279
C 4 84 230
S 5 8 1
C 20 200 52
S 11 12 243
S 10 20 51
C 15 37 230
C 5 128 341
S 5 18 226
S 4 17 172
C 14 197 288
S 2 14 350
C 15 341 73
S 8 13 175
S 12 19 87
S 2 17 78
S 8 10 10
C 11 101 155
C 11 1 2
S 16 18 271
C 10 244 336
C 18 325 302
S 14 16 298
S 13 14 177
S 5 17 89
S 16 18 56
C 10 164 43
C 4 226 298
C 9 247 340
C 15 354 73
C 1 239 138
S 2 17 269
C 4 59 320
64
S 16 18 159
S 11 15 113
C 6 274 80
S 11 13 288
S 3 5 275
C 7 220 314
C 8 221 43
S 13 19 317
S 10 16 274
C 13 44 264
S 1 6 218
C 6 115 19
C 2 180 291
S 10 11 161
C 13 188 218
C 4 43 126
S 8 12 321
S 4 8 44
C 7 96 188
S 2 15 112
C 6 19 207
C 9 235 354
S 6 17 343
S 5 15 166
S 15 19 124
C 18 80 137
S 3 12 291
S 6 14 228
C 16 264 71
C 1 210 162
C 6 23 160
C 6 126 25
C 12 359 179
C 14 160 85
S 1 14 98
S 6 13 217
C 19 185 280
C 16 70 45
S 6 9 222
S 2 17 349
S 17 18 280
S 3 13 324
S 13 17 265
S 7 10 351
S 4 6 281
C 19 350 102
S 16 18 225
C 13 292 263
S 14 15 107
S 3 20 281
S 2 16 109
S 6 17 296
S 9 19 15
S 4 12 182
S 3 7 35
S 11 18 25
C 11 183 330
S 2 12 170
C 1 154 122
S 1 8 305
S 10 11 28
C 19 99 118
70
C 2 323 66
C 3 14 93
C 12 96 186
C 20 111 9
C 5 13 187
S 4 15 301
C 1 75 18
S 11 16 25
C 10 278 183
C 16 317 133
S 1 11 45
C 20 41 196
S 1 8 222
C 10 174 129
S 7 20 87
C 4 317 253
S 6 11 263
S 17 18 115
S 5 14 101
C 14 323 357
S 11 13 6
C 2 343 268
C 10 137 166
S 13 16 37
S 7 20 124
S 15 17 262
C 10 281 29
C 18 1 199
S 5 10 35
S 1 2 241
C 5 127 171
S 7 12 352
S 1 3 301
C 20 2 250
S 1 4 122
S 9 13 51
C 8 190 241
C 20 297 213
S 2 13 23
C 4 353 236
S 13 16 201
S 6 10 279
C 19 251 247
S 11 14 21
C 13 76 1
S 10 12 326
C 5 42 49
S 6 19 169
C 8 352 195
C 6 20 186
S 2 18 126
C 6 142 348
S 1 15 190
S 4 8 32
S 1 8 261
S 3 15 75
S 6 18 208
C 18 126 188
C 10 247 67
C 14 339 235
C 9 20 305
S 12 17 132
S 15 17 258
S 9 20 123
S 8 17 169
S 12 14 204
C 6 147 288
34
C 20 25 143
C 3 305 238
S 11 20 130
S 1 18 310
S 6 11 133
S 17 20 267
S 3 10 207
C 15 323 11
C 5 15 62
C 12 242 356
S 9 11 113
S 4 18 38
C 10 101 318
C 10 149 60
S 1 8 130
C 10 187 61
S 3 20 200
C 18 145 208
C 7 85 257
S 19 20 201
S 9 11 202
S 12 13 219
S 6 7 141
S 9 14 200
C 7 258 118
S 19 20 181
S 3 16 248
C 4 9 317
S 3 5 160
C 12 195 71
S 4 18 351
C 6 225 135
C 19 123 274
57
C 11 300 359
S 7 9 305
S 16 18 291
S 9 15 269
S 6 19 130
S 5 7 172
S 10 11 255
S 11 15 36
C 17 214 225
C 16 177 40
S 1 9 80
C 2 183 171
C 12 59 312
C 15 199 40
S 2 9 23
C 6 168 334
S 15 19 352
S 7 20 128
S 7 17 187
S 8 11 136
C 1 288 334
C 1 252 171
S 1 8 16
C 5 222 152
S 3 5 28
C 14 201 170
S 6 20 2
C 3 86 103
S 4 8 110
S 10 12 101
S 6 17 151
S 16 18 9
C 16 54 285
S 13 17 352
C 6 227 117
C 3 182 309
C 13 317 73
S 5 8 87
S 5 12 28
S 1 13 100
S 2 15 173
C 2 57 64
S 10 19 303
C 16 1 335
S 2 6 162
S 2 4 266
S 10 12 25
C 4 318 244
C 3 78 355
C 5 248 234
C 3 339 235
C 8 173 188
C 3 209 133
S 3 18 287
C 8 32 189
S 7 15 155
13
C 8 58 310
S 7 12 342
C 7 97 156
S 10 20 312
S 8 14 239
C 17 147 359
S 3 12 96
S 7 18 159
S 11 12 337
S 7 11 119
C 14 252 222
C 6 179 126
70
S 8 10 8
S 15 20 285
S 1 4 111
S 11 20 260
S 10 17 281
S 12 16 119
C 13 86 352
S 2 6 4
C 2 140 315
S 4 12 215
S 7 13 331
S 9 13 349
C 7 281 28
C 20 208 140
S 13 17 292
S 6 12 308
S 8 10 214
C 12 141 20
S 9 20 119
C 14 161 14
S 4 14 116
C 6 50 82
S 10 15 178
S 3 6 333
C 6 354 86
C 10 241 198
C 17 98 116
C 12 136 240
C 18 195 169
C 1 11 118
C 13 96 294
C 14 46 267
C 17 350 29
S 7 13 81
C 15 162 57
C 15 349 284
S 13 17 103
C 18 211 148
S 7 10 107
C 16 345 359
C 16 264 296
C 14 242 170
C 17 243 40
C 10 93 6
C 11 230 202
S 8 14 234
C 17 122 316
C 11 104 185
S 9 17 149
C 9 28 358
S 2 8 228
C 9 278 2
C 18 277 140
S 7 13 39
S 3 11 27
S 13 18 20
S 2 15 254
S 3 20 262
C 7 26 255
S 1 19 136
S 5 7 300
C 7 158 263
S 11 15 157
S 13 20 152
S 6 10 148
S 13 16 68
C 13 172 138
C 7 117 101
27
S 2 3 92
S 10 11 260
S 6 12 192
S 13 18 351
C 6 229 44
C 8 13 243
S 18 20 117
S 9 20 344
C 16 46 206
C 10 154 299
S 10 19 329
C 19 24 248
S 8 14 354
C 5 306 53
S 9 11 150
S 1 15 195
C 6 142 247
S 5 13 354
C 14 244 263
S 12 18 220
C 17 189 160
S 7 8 294
C 2 59 226
C 16 33 31
S 1 15 139
C 5 159 249
S 1 10 217
90
S 2 9 164
S 7 10 179
S 1 14 342
C 9 105 1
C 2 141 196
S 10 14 84
C 19 140 310
C 9 297 90
S 5 14 188
S 8 10 266
C 11 156 12
S 5 8 235
S 10 19 155
C 8 107 330
S 5 19 33
S 14 16 322
S 5 13 328
C 7 247 314
S 3 4 196
C 9 37 330
S 12 15 36
C 7 170 275
C 17 8 332
S 1 13 162
S 4 14 270
S 6 13 294
C 19 266 204
C 15 89 353
S 14 20 215
S 17 18 253
S 4 17 224
S 7 9 224
C 20 226 333
S 2 8 300
S 5 11 120
S 8 20 264
S 7 13 113
C 10 91 7
S 3 8 259
C 14 292 164
S 3 15 253
C 7 175 156
C 7 224 309
C 18 121 210
C 13 113 160
C 10 96 282
C 19 330 214
C 8 201 7
C 3 332 226
S 1 7 133
C 13 90 53
C 7 75 279
S 15 20 12
S 1 16 120
C 4 109 14
S 8 18 10
C 11 221 109
C 9 176 200
C 6 213 77
C 14 160 160
S 15 20 284
C 20 171 170
C 1 130 66
C 16 104 249
S 4 10 313
S 11 13 296
S 7 12 138
C 20 28 219
S 13 15 149
C 14 66 181
S 1 9 98
S 7 9 271
S 8 16 52
S 7 15 188
C 3 222 253
S 14 20 84
S 1 9 160
C 19 91 144
C 5 280 87
S 7 19 179
C 15 340 138
C 7 125 120
S 8 14 202
C 5 89 138
S 3 12 198
C 8 305 110
S 2 3 123
C 1 109 151
43
C 13 136 57
S 1 11 65
C 19 61 198
C 12 307 33
S 3 19 118
C 11 66 354
C 20 64 130
C 19 344 359
S 6 13 20
S 13 19 294
S 1 12 306
C 3 60 211
S 6 18 272
S 19 20 219
C 9 196 216
C 18 289 30
C 1 156 203
C 3 279 145
S 1 18 68
C 15 190 298
C 14 78 165
C 10 286 258
C 4 105 110
C 7 204 296
S 1 2 158
C 8 257 83
C 11 158 191
S 2 9 30
C 10 273 86
C 18 34 315
S 2 19 122
C 16 59 351
C 5 75 335
S 2 4 202
C 12 129 117
C 10 116 306
S 10 16 254
S 8 16 327
C 7 299 216
S 4 19 288
C 19 346 352
C 20 341 9
C 20 312 281
53
C 13 210 96
S 6 13 226
C 11 323 330
C 11 227 229
S 9 15 344
C 10 351 230
S 5 8 26
C 1 280 75
S 3 19 198
S 11 18 281
C 1 262 251
C 20 184 249
S 6 18 25
C 18 186 298
S 4 11 164
C 6 267 113
C 3 229 353
S 2 20 96
C 20 77 7
S 2 15 104
C 9 238 114
C 19 206 356
C 17 44 93
S 2 12 296
C 7 61 295
C 19 345 32
C 1 117 163
S 15 19 192
S 5 7 295
C 16 182 335
C 19 326 136
C 10 138 357
C 15 338 160
S 10 20 150
S 1 2 74
S 19 20 91
C 10 89 57
S 6 13 143
S 10 15 279
C 16 250 189
C 12 34 57
C 9 229 42
S 4 10 71
S 3 18 352
S 5 15 287
C 17 186 331
S 9 14 211
S 4 11 280
C 12 282 213
C 4 40 299
S 4 19 177
S 1 10 349
89
S 8 13 65
S 6 11 157
C 13 186 175
C 8 132 262
S 14 17 245
C 7 37 192
S 5 16 141
S 4 5 14
S 8 10 83
C 19 44 106
S 7 8 57
S 10 15 310
S 3 18 154
C 13 287 357
S 3 7 270
S 16 18 259
S 6 12 120
C 16 198 233
C 18 260 329
C 15 88 217
S 8 9 83
C 7 34 238
C 2 122 11
S 8 9 69
C 1 59 193
C 7 194 104
C 18 19 60
C 19 345 80
S 3 14 166
S 3 7 49
S 6 18 143
C 4 122 147
C 10 76 292
C 16 343 205
S 15 20 340
C 12 40 192
S 10 18 168
C 18 358 106
S 11 19 320
C 9 102 57
C 8 161 91
S 16 20 198
S 2 11 229
C 14 91 232
C 8 149 190
C 16 300 267
C 7 36 323
C 12 40 167
C 12 140 182
S 9 15 23
C 11 299 162
S 14 17 270
C 16 234 232
S 10 11 209
S 2 16 357
S 7 19 319
C 8 258 243
S 8 20 172
S 1 6 303
S 12 16 179
S 6 18 183
S 4 14 37
C 3 26 321
C 7 21 233
S 9 13 356
C 3 245 220
C 9 358 104
C 13 105 213
C 19 220 12
S 1 15 94
C 2 101 114
S 14 16 267
S 9 12 75
S 6 17 351
C 4 137 75
C 13 233 284
S 13 15 133
S 17 20 270
C 18 218 272
C 4 14 192
C 16 345 7
C 17 101 92
C 9 217 187
S 4 6 131
C 16 325 158
S 4 6 297
S 7 18 319
C 11 100 255
74
S 2 9 293
C 8 56 80
S 7 13 316
S 5 15 53
C 17 272 111
C 5 181 91
S 14 18 224
C 6 226 123
S 15 17 235
C 12 351 157
S 11 16 230
S 5 19 335
S 16 17 146
C 20 10 111
S 9 17 343
S 8 18 199
S 8 13 86
C 1 127 189
S 8 13 95
S 3 18 234
C 11 173 13
C 8 278 24
S 10 14 235
S 9 16 289
S 11 15 169
C 13 187 126
C 2 36 108
C 19 298 51
S 12 15 227
S 10 12 158
S 9 17 148
C 20 125 220
S 6 10 54
C 11 243 56
S 7 17 74
C 18 184 202
C 16 174 213
C 9 356 265
S 18 20 135
S 13 18 69
S 10 17 8
C 12 272 98
S 1 20 55
C 10 7 303
S 15 18 290
S 4 13 237
C 1 28 274
S 16 20 337
S 4 15 10
S 8 14 136
C 19 315 43
S 5 16 300
C 2 342 284
S 9 11 284
S 3 11 7
C 5 117 323
S 14 15 108
S 2 11 272
C 2 274 247
C 4 314 62
C 4 68 151
S 5 6 175
C 8 38 239
S 3 12 61
S 6 17 279
C 13 251 129
S 10 15 1
S 2 12 169
S 8 11 255
S 8 17 20
C 19 247 193
S 4 12 170
56
C 10 308 219
S 1 12 193
S 1 10 219
S 3 4 182
C 6 227 290
C 13 217 95
C 6 327 292
C 11 216 188
C 20 213 226
S 11 20 162
C 3 60 311
S 1 14 315
S 1 18 326
S 3 10 160
C 8 224 289
S 8 14 254
C 9 324 30
C 17 262 275
S 13 20 92
C 13 323 190
S 5 17 198
S 2 12 344
C 9 127 181
S 5 16 159
S 8 12 339
C 7 176 120
S 8 15 161
C 6 235 296
C 3 352 325
C 18 359 181
C 7 233 8
S 14 16 234
C 7 23 84
C 19 135 215
C 19 47 235
C 10 193 32
S 10 17 355
C 8 132 228
S 15 19 310
C 18 154 58
S 3 6 77
S 8 15 226
S 5 10 91
S 12 19 108
S 2 8 339
S 8 15 269
C 4 107 191
S 7 17 101
C 17 186 139
C 13 238 330
C 8 109 161
S 6 8 76
C 19 145 340
C 20 103 121
C 17 358 187
78
S 15 16 99
S 13 20 42
C 1 8 123
S 13 15 234
C 5 280 351
S 12 18 132
S 1 19 83
S 12 17 215
C 11 58 129
S 5 11 184
C 18 194 243
C 18 287 244
S 4 5 341
C 11 335 5
C 4 157 315
S 2 4 309
C 17 77 313
C 3 20 285
C 3 95 149
C 4 126 130
C 4 42 151
S 8 12 239
C 12 328 10
C 13 162 139
S 1 8 139
S 3 18 86
C 8 209 57
C 14 344 167
S 4 14 162
S 8 9 323
S 11 18 111
S 14 16 40
C 8 257 207
S 5 13 320
C 5 240 338
S 5 7 8
C 4 19 330
S 4 11 204
C 6 99 218
C 10 245 204
C 15 117 87
S 7 12 352
S 13 20 262
C 7 6 210
C 10 201 162
C 3 337 34
C 18 70 139
S 13 15 350
S 10 20 197
S 1 3 244
S 7 12 13
C 18 125 78
S 4 8 31
S 6 18 271
S 2 14 54
C 18 252 323
S 17 18 69
C 1 1 214
S 8 10 171
S 10 16 64
S 3 12 186
S 6 18 126
C 12 224 13
S 12 13 255
C 12 339 142
S 13 17 233
S 11 15 66
C 9 320 259
S 17 19 135
C 3 122 287
S 9 20 24
S 5 7 297
C 17 42 150
18
C 15 96 119
C 2 57 71
S 1 15 351
C 2 57 128
S 4 12 139
S 4 20 316
S 10 19 130
S 8 18 318
C 14 350 134
C 14 103 117
C 9 211 227
C 10 49 344
S 5 19 15
C 3 175 247
S 5 6 250
S 7 13 243
C 6 16 230
C 10 179 255
42
S 1 13 102
S 1 19 276
C 2 15 298
S 3 18 217
C 7 185 308
C 6 270 349
S 1 4 36
C 7 194 332
C 3 255 43
S 9 19 151
C 19 211 79
C 15 177 71
C 11 215 10
C 20 16 356
S 2 9 294
C 6 293 241
C 10 38 269
C 12 351 144
S 7 11 297
C 10 356 262
S 1 19 196
C 14 49 112
C 4 231 197
C 4 49 267
C 17 277 123
S 3 4 134
C 4 289 176
C 4 199 313
S 9 17 192
S 4 5 74
C 3 50 54
S 1 16 311
S 7 9 271
C 4 273 348
C 2 293 142
C 10 303 219
S 13 18 350
C 16 269 341
S 12 14 358
S 2 14 148
10
S 12 17 328
S 17 18 32
C 14 24 352
C 10 224 243
C 5 77 198
S 14 19 42
C 18 92 114
S 8 14 276
C 17 113 284
C 12 38 109
1
S 3 9 187
73
S 2 10 268
S 3 17 37
S 10 12 267
C 18 135 1
S 6 19 336
C 12 247 323
C 20 304 108
C 3 39 347
C 16 92 352
C 17 92 342
C 10 101 198
C 2 199 113
C 12 146 217
C 9 240 349
S 6 12 99
S 9 19 312
C 10 250 215
S 10 18 86
S 16 17 192
S 10 17 153
S 19 20 282
C 17 51 210
S 8 11 250
S 3 18 54
S 9 12 263
S 9 17 192
C 2 74 266
S 4 13 201
S 3 15 302
C 1 44 53
S 1 13 35
S 4 11 79
S 2 9 230
S 6 13 262
S 12 15 40
C 7 89 48
S 9 19 201
S 14 15 309
S 15 16 280
C 14 222 312
C 18 344 198
C 5 14 295
S 11 20 314
S 15 20 36
C 18 103 343
S 7 9 251
C 11 279 6
C 17 255 44
C 19 314 28
S 3 17 165
C 9 275 291
C 1 14 10
S 8 9 353
S 11 13 136
S 14 16 188
S 3 6 279
S 12 14 140
S 8 20 270
S 8 19 82
S 1 15 293
C 7 272 275
S 3 5 99
C 8 61 192
C 4 51 119
C 17 322 163
S 1 13 116
C 9 290 96
S 7 15 235
S 8 14 36
S 15 16 132
S 5 16 351
11
C 19 252 76
S 4 15 55
C 3 225 200
C 6 75 331
S 3 16 70
S 13 16 50
C 12 90 253
C 20 270 152
S 5 13 55
S 13 19 249
C 16 44 271
20
S 4 17 212
C 4 283 319
C 1 25 99
C 6 155 230
S 2 13 78
S 2 3 267
S 8 12 223
C 16 353 103
S 6 14 107
C 3 135 241
C 7 243 238
C 2 112 132
C 9 335 285
C 6 295 202
S 9 20 35
C 9 216 281
S 3 5 134
S 16 20 50
S 16 17 285
C 20 101 122
72
C 17 51 115
S 1 9 8
S 11 14 90
S 7 15 211
C 3 294 165
S 6 19 24
C 11 103 329
C 8 352 70
S 11 19 5
C 19 227 273
C 20 292 3
S 2 4 44
C 19 44 137
C 10 284 245
S 10 12 263
S 2 4 205
S 2 20 265
C 14 331 69
S 13 18 23
C 18 16 152
S 4 8 182
S 12 14 130
S 1 2 147
S 4 20 301
S 7 15 30
S 4 13 111
C 7 58 45
C 19 299 206
S 9 16 49
C 1 110 262
S 4 9 70
S 9 13 190
S 16 18 111
S 11 17 41
S 7 12 13
S 9 18 190
S 1 4 195
S 5 11 68
C 4 80 335
S 5 15 206
S 8 11 190
C 1 159 324
S 12 20 130
C 13 122 240
C 5 209 33
S 4 6 339
S 5 9 336
S 1 5 108
C 12 34 189
S 10 19 281
S 1 9 133
S 12 18 303
S 6 17 3
C 4 42 285
C 19 267 279
C 15 201 183
C 5 215 145
C 5 334 330
C 4 80 34
C 16 22 188
C 19 276 94
C 2 339 66
S 1 11 156
S 5 13 68
S 15 20 184
S 7 20 256
S 14 19 166
S 11 20 152
C 15 179 106
S 17 18 103
S 2 17 207
S 6 18 138
93
S 15 18 254
S 15 16 212
S 5 18 297
C 11 255 81
C 7 119 41
S 6 15 136
C 13 84 77
C 11 103 68
C 18 84 189
C 9 267 49
S 5 20 240
S 4 13 319
S 16 19 232
C 8 196 88
C 19 337 340
S 5 9 315
C 11 267 257
C 5 325 22
C 9 354 49
C 10 206 196
S 4 17 343
S 6 13 199
C 8 262 117
S 1 6 161
C 6 287 102
C 18 295 162
C 18 68 333
C 3 151 87
C 13 74 133
S 1 2 50
C 8 41 164
C 17 211 309
C 15 9 257
C 13 39 135
C 1 255 220
S 10 17 281
S 1 7 174
S 6 17 245
C 15 319 288
S 3 19 302
C 20 282 311
C 15 147 150
C 9 228 83
C 3 179 202
S 6 13 276
S 5 16 318
C 16 29 74
S 1 11 161
S 7 9 196
C 4 115 237
C 9 40 74
C 11 203 160
C 17 234 310
S 11 14 133
S 7 12 329
C 13 158 232
C 17 166 218
C 15 215 145
S 3 19 175
C 17 157 315
S 13 15 267
S 3 12 64
S 7 15 178
S 18 20 263
C 16 147 208
S 12 13 101
S 9 15 181
C 8 48 190
C 20 188 201
S 6 14 42
S 4 19 72
S 3 12 275
C 11 122 133
C 2 218 149
C 6 23 341
C 8 346 47
S 1 6 321
S 9 10 140
S 4 17 245
C 13 218 174
S 9 15 72
C 2 123 89
C 11 67 12
C 19 123 85
S 3 20 47
C 18 167 112
S 1 12 53
S 4 19 235
C 6 207 231
S 1 19 31
C 15 181 263
S 2 5 270
11
S 9 18 250
S 9 17 344
C 8 292 129
C 13 318 312
S 4 14 310
S 3 19 301
C 8 114 256
C 2 310 220
C 1 227 71
S 6 9 339
C 5 334 215
22
C 6 52 107
S 1 16 121
S 4 6 292
S 3 13 33
S 12 18 33
C 17 169 219
C 6 298 341
C 3 24 29
S 7 20 264
C 12 52 332
S 2 3 75
C 18 216 350
C 1 9 264
C 12 169 280
S 8 20 274
S 1 13 255
C 20 193 171
C 12 245 37
C 6 107 70
C 1 191 45
C 13 112 87
S 6 8 132
16
C 19 127 58
S 1 7 220
C 14 330 128
S 4 7 219
C 10 7 238
C 10 301 112
S 13 19 227
S 2 9 295
C 9 128 298
C 15 301 57
S 4 15 64
S 15 16 144
C 7 132 281
C 18 302 168
S 13 16 238
C 14 112 29
1
C 19 205 331
27
S 6 20 351
S 11 13 164
C 6 92 188
C 6 19 9
S 10 12 23
C 14 188 287
S 5 8 347
S 3 15 299
C 14 196 355
C 1 39 327
C 10 180 302
S 15 18 203
C 20 322 210
C 11 140 353
C 8 263 345
S 13 14 232
C 5 170 19
S 18 19 311
C 18 254 141
C 5 72 86
C 9 295 86
S 9 17 183
C 7 196 263
C 12 99 70
S 7 17 34
C 7 126 135
C 11 336 147
91
C 3 160 318
S 1 5 309
S 9 18 347
C 4 175 211
S 6 18 192
S 4 8 151
C 6 73 145
C 8 302 357
C 7 248 224
C 18 352 141
S 2 18 95
S 6 10 26
C 17 84 358
S 6 13 336
S 2 10 210
S 14 18 245
S 2 16 212
C 7 295 61
S 3 10 96
C 20 169 84
S 11 15 92
S 10 17 100
S 11 18 53
C 15 230 94
S 6 7 305
S 17 19 131
S 9 17 51
S 11 13 15
C 4 120 37
C 6 325 279
C 8 88 182
S 4 7 122
C 2 105 140
C 18 48 319
S 2 9 137
S 7 13 156
C 7 330 265
C 11 123 209
C 12 305 162
C 4 121 283
C 5 204 314
S 11 14 90
C 9 22 345
S 18 19 44
C 17 69 145
C 8 274 143
S 5 16 190
S 15 20 306
C 5 175 74
S 12 18 163
S 8 12 322
C 9 265 75
C 19 121 315
C 16 174 260
C 9 6 125
S 6 11 173
S 6 8 318
C 13 341 143
C 17 139 263
C 19 62 51
S 3 13 24
C 20 65 207
S 12 14 98
S 3 20 173
C 2 138 187
S 11 15 138
C 6 179 118
C 13 157 89
S 13 15 110
S 15 17 255
S 2 13 147
S 6 9 162
C 7 300 191
C 9 40 219
S 11 19 84
S 14 15 299
C 15 130 267
S 4 15 9
C 11 147 44
C 17 277 41
S 4 17 263
S 14 16 220
C 4 352 124
S 15 20 338
C 6 341 296
C 20 53 21
C 7 265 213
C 16 224 280
99
C 4 330 352
C 12 111 259
C 9 347 83
S 5 17 236
C 16 137 259
C 7 100 37
C 4 196 4
S 3 8 42
S 5 18 170
C 3 212 40
C 20 192 328
C 8 316 195
S 5 15 221
C 13 340 173
S 12 15 346
C 12 184 182
S 3 17 298
C 18 258 156
C 12 310 105
S 9 16 133
S 5 13 134
S 5 18 54
S 7 18 354
S 1 13 327
S 1 9 322
C 3 345 209
S 8 11 323
C 7 11 203
S 16 19 4
S 3 7 181
C 1 203 240
C 20 244 357
C 11 150 53
C 14 167 152
S 1 16 212
C 13 241 309
C 4 160 197
C 19 20 65
C 11 142 293
C 11 278 178
C 1 205 68
C 11 183 10
S 4 14 179
C 10 331 27
C 4 248 319
C 12 154 8
C 3 292 165
C 17 303 160
C 7 100 261
S 4 17 181
C 12 280 67
S 1 3 121
S 7 16 212
C 19 255 337
C 12 41 280
S 13 15 47
S 6 9 5
C 8 167 128
C 15 153 98
S 3 5 95
S 9 10 23
C 4 113 237
S 13 17 99
C 16 246 208
S 9 10 293
S 4 6 313
S 15 19 6
C 16 17 297
S 6 9 232
S 1 7 22
C 1 223 116
C 16 57 351
C 3 13 162
S 13 15 227
C 7 93 9
C 14 210 30
C 20 227 340
S 6 14 183
S 10 15 194
C 20 79 316
S 6 14 6
C 4 201 93
S 6 10 11
C 19 286 312
C 11 70 242
S 16 17 190
C 10 29 52
C 3 290 55
S 2 18 159
S 10 12 140
S 10 19 295
S 12 16 51
C 14 168 35
S 4 10 184
S 14 16 81
S 19 20 87
88
C 11 65 67
C 12 280 87
S 5 10 6
S 4 10 107
C 9 317 359
S 6 12 179
C 1 109 208
S 3 16 128
S 7 17 277
C 11 235 107
C 8 233 152
C 8 32 266
S 12 15 262
S 12 18 228
C 16 270 65
S 4 11 355
S 6 16 210
S 3 17 341
S 13 16 238
S 3 18 29
C 15 306 75
S 15 17 238
C 4 58 31
S 16 18 303
C 12 215 66
C 15 16 353
C 5 149 179
C 18 7 322
S 7 10 55
S 3 5 294
S 2 18 70
C 11 271 244
C 6 91 311
C 9 171 128
S 5 19 46
S 2 12 251
S 12 19 77
C 10 209 227
S 10 16 90
C 5 154 180
S 7 20 342
S 19 20 153
C 11 209 285
S 13 19 275
S 11 14 239
S 2 14 121
C 17 176 57
C 6 141 137
C 1 160 218
S 11 20 100
S 3 17 234
S 3 20 94
S 8 10 2
S 1 6 202
S 9 17 264
S 7 13 101
C 14 225 212
S 3 9 51
C 7 22 175
C 10 307 13
C 18 170 349
C 9 102 355
C 14 100 69
C 18 275 37
C 1 211 287
S 1 12 90
C 12 262 74
S 2 12 123
C 16 144 54
S 9 19 151
C 8 308 210
C 10 133 267
S 3 12 298
S 10 16 221
S 4 16 239
C 4 149 166
S 3 20 276
C 3 112 119
S 4 9 296
C 4 316 117
S 1 17 347
C 15 150 191
C 1 214 162
C 10 178 56
S 3 12 85
S 16 19 82
S 7 19 315
88
S 10 17 70
S 3 13 101
C 12 134 176
C 1 113 255
C 18 29 203
C 12 184 355
S 7 20 341
S 3 12 354
C 9 301 161
C 7 115 238
C 19 246 318
S 4 15 131
S 1 20 350
S 1 13 270
C 1 163 199
S 15 17 74
C 6 199 132
S 7 12 341
S 3 7 73
C 11 141 142
C 7 222 299
S 3 12 108
S 7 17 102
C 5 308 138
S 10 19 160
S 10 14 345
C 14 293 176
S 1 6 149
S 1 17 313
C 20 199 106
C 10 98 221
C 20 108 182
S 11 19 52
S 14 15 189
C 14 175 262
C 10 171 241
S 6 15 204
S 7 12 151
S 7 10 154
S 1 6 185
C 15 232 80
C 20 104 162
C 13 81 69
C 15 252 323
S 8 20 318
S 7 19 302
S 7 9 195
S 5 12 99
S 11 13 240
C 3 64 246
C 20 189 190
C 9 42 133
S 7 17 66
C 11 44 342
C 15 337 237
C 15 173 328
S 8 19 97
C 20 76 77
C 11 280 86
S 8 17 288
S 16 18 255
S 10 18 136
C 4 308 213
C 3 249 23
S 7 13 116
S 6 10 225
C 2 147 40
C 1 264 323
S 5 16 55
C 20 187 224
C 20 59 349
C 9 312 61
C 8 276 355
S 9 16 67
S 6 15 175
C 5 256 323
C 15 281 75
S 16 20 187
C 2 32 64
C 18 299 340
S 11 17 178
S 11 13 41
C 19 141 124
C 11 192 154
C 9 266 64
S 6 9 285
C 6 157 49
60
S 4 14 353
C 2 200 315
C 14 328 188
C 6 66 291
S 8 10 171
C 5 154 228
C 2 100 288
S 2 16 39
C 1 287 349
C 8 253 87
S 7 20 38
S 12 18 81
S 11 13 8
S 3 7 71
C 16 148 239
S 8 10 333
C 12 304 185
C 20 186 110
S 19 20 0
S 6 12 264
C 17 271 150
S 2 18 165
C 14 325 328
S 6 19 4
C 6 239 351
C 4 311 248
C 1 91 141
C 2 103 206
S 7 8 273
S 15 19 61
C 13 349 49
S 4 15 122
S 14 20 335
S 5 20 160
C 11 183 210
C 16 30 159
S 2 14 305
C 5 301 34
C 18 354 169
S 2 8 133
C 10 317 142
S 15 19 23
C 12 288 291
C 10 346 349
C 4 34 201
S 3 17 139
S 8 13 165
C 11 52 118
S 10 20 318
C 10 279 266
C 13 274 280
S 16 20 314
C 7 156 187
C 8 0 134
C 7 250 205
S 1 18 136
S 1 5 257
S 9 12 153
S 16 20 356
16
S 9 20 246
C 1 52 257
C 2 70 204
S 5 15 68
S 5 10 337
C 3 108 28
S 14 19 348
S 3 12 17
S 14 18 293
S 5 17 107
S 2 16 9
S 13 15 47
C 13 61 143
C 14 284 280
C 19 339 172
26
S 3 13 355
C 4 174 330
S 9 16 64
S 6 16 318
S 7 20 178
S 2 5 58
S 3 20 233
C 19 312 200
C 12 15 1
S 1 17 109
C 1 44 223
S 1 2 260
C 9 54 225
C 4 97 133
C 12 326 80
S 4 11 206
S 7 19 81
S 11 12 231
C 11 147 262
S 14 18 252
C 13 255 221
C 14 58 210
C 10 323 139
S 9 13 128
S 3 9 188
C 19 44 241
43
S 14 15 120
S 7 17 68
S 7 19 285
S 7 9 157
S 5 15 219
C 15 142 346
S 1 7 158
S 3 14 241
S 1 11 14
S 8 10 211
S 10 18 53
C 4 4 188
C 2 333 245
S 3 11 308
S 7 17 304
C 10 80 233
S 5 20 220
C 13 242 167
S 14 15 292
C 13 299 193
S 7 17 216
S 7 20 178
S 6 9 275
C 16 33 283
C 2 13 51
S 8 17 224
C 4 94 247
C 19 30 238
S 4 12 325
S 11 12 216
C 15 233 143
S 8 17 42
S 4 5 94
C 13 270 14
C 15 24 210
C 6 70 131
C 20 246 359
C 12 83 124
S 9 12 248
C 13 314 104
C 18 89 314
S 9 14 123
22
C 18 114 299
C 17 158 352
S 7 16 264
S 1 20 128
C 17 33 258
S 13 20 0
S 7 19 190
S 4 6 36
S 16 20 303
C 11 36 214
S 16 17 32
C 7 218 236
S 10 16 340
S 5 15 190
S 8 14 130
S 11 19 343
S 13 18 6
S 11 17 42
S 2 5 349
C 13 10 29
C 1 357 157
S 6 13 289
24
C 1 189 82
C 15 127 337
C 12 104 246
S 4 14 315
S 13 14 76
C 6 30 262
S 2 5 88
C 14 267 73
S 2 13 277
C 6 82 174
C 19 172 119
S 2 17 10
C 19 213 284
C 17 277 292
S 9 19 140
C 11 226 245
C 9 50 352
S 13 14 247
C 1 12 279
C 15 37 25
S 12 16 99
C 6 64 83
C 6 192 52
79
C 14 13 344
C 10 103 300
S 13 20 40
S 12 20 213
S 4 20 71
C 1 39 50
S 7 19 184
C 1 178 93
C 12 267 5
C 10 337 34
S 5 15 212
S 7 12 55
C 1 243 173
C 16 225 191
C 16 33 144
C 14 95 80
C 4 219 99
S 7 11 212
S 4 5 207
S 11 15 79
C 9 26 50
S 11 15 328
S 1 18 351
S 7 16 131
C 6 290 311
S 14 18 61
C 19 149 321
S 2 20 334
S 10 15 353
S 14 17 72
S 2 20 223
S 16 17 257
C 17 108 165
C 17 122 34
C 7 232 86
S 1 12 298
S 8 20 305
S 2 9 229
S 3 20 127
C 12 108 118
C 11 120 28
C 10 252 174
C 16 65 268
C 8 237 271
S 3 10 227
S 12 20 261
S 7 11 217
C 7 23 311
S 15 19 290
C 12 123 61
C 2 318 296
S 6 7 24
S 6 10 335
S 3 14 287
C 15 337 340
C 19 124 279
C 15 348 315
C 20 302 29
C 13 114 310
C 15 285 165
C 13 168 355
C 19 21 331
C 15 246 185
C 5 99 64
S 5 14 337
S 1 5 189
C 14 86 45
S 1 20 332
C 10 2 57
C 16 262 8
C 11 290 279
S 3 9 185
S 16 19 194
S 5 15 331
S 9 19 251
8
S 9 10 93
S 1 3 190
S 1 19 357
S 2 8 14
C 6 300 160
C 14 258 205
S 2 17 304
S 7 20 333
68
S 2 14 24
C 17 244 119
S 4 5 319
C 15 72 188
S 5 17 136
S 15 20 253
S 10 11 277
S 16 18 271
C 3 206 311
C 20 242 311
C 3 258 59
C 8 343 203
S 4 11 221
S 15 16 64
C 19 114 161
S 2 7 245
S 2 15 344
C 19 339 283
C 15 205 277
C 20 277 165
C 7 169 195
C 18 270 192
C 1 18 227
S 2 19 152
C 20 296 143
C 15 250 245
C 1 357 89
C 18 15 272
C 11 226 159
C 1 254 96
C 3 220 232
S 15 20 211
S 3 14 351
C 16 296 267
C 19 320 130
S 10 14 182
C 18 155 245
C 19 332 23
C 18 189 201
C 20 346 234
S 19 20 133
S 11 18 86
S 1 5 75
C 5 44 191
S 9 20 358
S 6 10 178
C 12 295 39
S 6 12 284
C 4 155 88
S 8 10 70
S 3 5 323
C 11 323 211
C 15 179 60
C 10 183 130
C 4 173 297
C 14 237 150
S 3 10 288
S 4 7 273
C 8 282 60
C 16 309 115
S 1 4 325
S 1 16 8
S 10 19 238
C 1 182 165
C 19 112 95
99
C 3 233 6
S 18 19 126
C 11 167 58
C 3 71 171
C 16 336 235
S 4 10 339
S 19 20 21
S 7 12 216
C 1 195 283
S 3 17 32
S 11 12 222
S 4 12 179
S 1 11 122
S 10 11 330
S 8 16 311
C 19 57 164
S 9 18 113
C 3 29 221
C 13 178 354
S 7 10 190
C 15 200 226
C 12 313 111
S 3 9 11
C 20 290 161
C 14 172 280
C 3 147 268
C 20 102 266
S 7 12 225
C 18 14 303
C 20 295 64
S 6 20 198
S 4 5 34
S 1 16 339
S 7 17 356
S 1 7 325
S 2 20 232
C 2 112 54
C 14 209 289
S 3 5 317
C 12 306 240
S 13 18 71
S 18 19 291
S 7 8 59
S 16 20 84
S 9 20 29
C 9 341 126
S 9 14 261
S 2 12 110
C 5 223 52
C 16 99 141
C 4 256 290
S 7 12 219
C 7 204 139
C 4 253 322
S 5 17 178
C 11 51 65
S 3 7 62
S 2 8 128
S 9 16 301
C 18 355 66
S 11 15 84
C 18 184 82
S 13 17 354
S 1 12 50
S 6 19 270
S 6 17 231
C 16 311 343
C 14 240 232
S 4 16 51
S 7 11 124
S 2 13 202
C 17 225 252
C 13 138 194
S 6 9 268
S 1 9 210
C 13 229 93
C 11 197 3
C 12 108 171
S 1 9 315
C 14 326 297
C 11 229 157
S 12 20 340
C 4 75 268
S 12 20 98
S 9 20 240
C 7 187 246
C 2 47 59
C 9 336 319
C 6 274 347
C 15 148 35
C 14 301 251
S 6 13 48
C 7 280 243
C 8 146 267
C 10 331 195
C 3 255 265
C 20 15 292
59
S 2 6 253
S 14 19 46
S 3 19 277
C 5 152 102
S 4 17 280
S 8 16 44
S 6 16 188
S 13 16 155
C 10 204 331
C 12 342 106
C 13 0 57
C 1 110 359
C 9 258 213
C 9 107 214
S 2 8 147
C 14 26 142
C 16 23 183
C 10 41 319
S 12 15 189
C 11 162 330
S 2 15 209
C 16 348 331
C 7 32 59
S 11 14 92
S 17 20 157
S 4 16 281
C 1 147 134
S 13 20 102
C 11 303 231
S 1 2 181
C 7 200 140
S 13 17 185
S 6 20 55
C 12 51 78
S 1 12 148
C 15 18 121
S 3 7 342
C 8 16 225
S 11 19 329
S 1 20 301
S 2 10 260
C 13 20 67
C 20 268 161
S 13 20 105
S 4 10 214
S 13 18 205
S 8 20 151
C 2 129 209
C 6 301 15
S 2 7 271
S 8 19 184
C 2 210 276
C 3 257 260
S 13 15 97
C 7 257 29
S 1 4 328
C 4 214 48
S 3 15 155
98
S 5 8 180
S 10 13 250
S 1 6 232
S 8 9 47
S 11 18 237
S 3 10 156
C 18 237 32
C 1 147 295
S 13 15 158
S 4 8 208
S 4 15 11
S 1 3 17
C 7 101 222
C 1 138 98
C 3 86 36
C 10 3 1
S 16 17 347
S 12 15 54
S 2 15 204
S 15 19 319
C 13 258 21
S 15 19 19
S 3 7 123
C 19 77 200
C 4 49 327
C 1 253 34
C 12 247 191
C 6 116 116
C 12 205 5
C 7 289 174
C 5 325 199
C 8 358 305
S 3 8 134
C 14 236 67
C 4 120 98
C 13 176 264
S 9 15 273
C 2 136 278
S 2 16 151
S 3 20 52
C 7 226 129
C 12 53 315
C 3 251 120
C 19 150 121
C 3 313 258
S 5 19 182
S 12 16 13
S 6 12 26
C 9 15 174
S 3 17 36
C 12 206 217
S 9 16 306
S 15 20 318
C 7 152 316
S 6 13 333
C 19 232 60
C 14 290 317
S 3 7 341
S 3 8 9
C 3 73 303
S 5 19 143
S 1 5 121
C 18 63 241
C 20 261 326
S 1 16 326
C 12 170 160
S 8 9 162
C 12 13 313
S 1 10 97
C 11 268 269
C 17 1 283
S 6 16 13
S 1 12 11
S 4 12 188
S 10 11 135
C 7 267 285
C 4 105 218
C 4 47 272
S 9 15 176
C 13 51 292
S 9 13 256
S 5 20 313
C 2 114 329
S 2 9 104
S 4 11 184
S 3 13 182
C 5 296 270
C 19 203 188
S 2 9 235
S 3 6 134
C 10 76 164
C 8 73 325
S 8 9 164
C 3 135 353
S 16 18 227
C 18 217 315
38
S 9 16 204
C 1 342 189
S 13 20 219
S 14 15 19
S 3 14 346
C 4 156 176
S 7 10 208
C 9 285 206
C 16 296 253
S 6 8 80
C 15 230 134
C 13 224 172
C 8 29 45
S 9 19 13
C 14 114 355
C 16 22 272
S 5 6 29
S 9 15 112
S 6 9 61
S 3 19 210
C 18 30 309
S 12 16 201
C 20 207 277
C 17 33 24
C 3 87 55
C 12 271 137
S 11 17 2
C 17 345 138
S 6 15 336
S 11 14 236
S 5 15 116
S 6 10 223
C 16 39 3
S 3 16 104
S 2 18 186
C 1 357 59
S 4 6 349
92
S 10 16 80
C 14 178 29
C 17 226 274
S 11 14 214
S 5 6 352
S 3 10 112
C 10 316 57
C 1 165 266
C 7 192 221
S 7 12 337
S 5 11 194
S 8 13 28
C 16 49 330
S 14 20 151
C 8 68 81
S 7 8 238
C 11 96 80
S 9 14 129
C 17 126 15
S 1 12 283
S 7 12 228
C 9 359 13
S 3 20 267
C 13 335 268
C 2 272 294
C 18 136 282
S 1 10 14
S 7 12 99
C 8 16 159
S 11 16 154
C 7 4 182
C 6 324 151
C 13 7 13
C 6 81 340
C 20 353 209
C 9 5 183
C 15 194 107
C 10 75 299
C 2 317 233
S 3 19 59
S 1 17 121
C 3 77 178
S 2 20 57
C 13 180 68
C 13 180 32
S 5 11 7
S 4 12 196
S 14 19 182
C 8 332 169
C 16 297 134
C 14 355 270
C 18 174 66
S 4 8 126
S 5 16 171
S 6 9 152
S 7 18 169
S 6 10 26
C 20 1 51
C 20 104 310
C 4 15 0
S 9 17 311
C 18 322 334
C 6 195 346
S 5 13 225
C 6 243 261
S 2 18 107
S 3 16 24
C 11 184 295
C 15 192 12
C 11 172 144
C 6 293 263
S 7 12 76
C 20 153 290
S 4 9 50
S 2 8 157
S 7 11 289
C 1 100 235
S 7 11 208
C 9 13 184
C 7 319 11
S 17 19 313
C 11 272 153
C 2 266 278
S 15 18 125
C 15 279 20
C 13 49 316
C 10 24 355
S 1 19 10
C 2 183 268
46
S 11 19 251
C 5 314 118
C 10 58 76
S 3 8 349
C 18 210 234
C 9 250 124
C 8 197 221
S 1 12 168
S 7 11 224
C 8 242 308
S 2 7 193
S 8 20 259
C 15 146 172
C 14 26 258
S 12 18 32
C 7 147 152
C 2 258 40
C 5 184 96
S 2 16 210
S 6 12 38
S 12 15 55
C 1 170 344
C 2 16 133
C 3 335 188
C 6 283 73
C 1 202 117
S 12 13 92
S 3 6 152
S 10 14 202
S 6 10 284
C 9 320 344
C 1 312 332
S 2 3 357
C 18 106 26
S 11 20 181
S 16 19 119
S 5 13 77
S 15 17 271
S 9 18 133
S 13 19 246
C 17 268 278
S 9 11 77
S 1 15 354
S 4 11 292
S 6 14 63
32
C 20 109 16
C 15 122 179
C 8 200 12
S 6 16 12
C 9 60 359
S 18 19 338
S 1 4 251
C 1 109 93
C 3 146 234
C 5 113 60
S 7 19 289
C 8 226 130
C 9 255 208
S 8 11 312
S 11 20 355
S 6 19 92
S 6 12 236
S 12 14 80
S 8 15 99
S 13 15 332
S 9 19 291
S 3 9 21
C 14 75 133
C 3 234 206
C 17 336 43
C 5 107 11
S 1 15 357
C 14 9 53
S 8 9 135
S 16 19 128
79
S 6 8 279
C 2 210 273
S 12 17 258
C 8 24 249
S 2 5 214
C 6 288 186
C 8 214 11
C 19 268 150
C 3 271 172
C 10 307 58
S 4 9 11
S 7 8 10
C 8 238 262
S 3 6 330
C 5 161 258
C 11 21 0
S 3 18 165
S 6 19 14
C 14 181 143
S 4 20 209
S 5 9 300
S 2 11 336
C 20 298 208
C 4 73 304
S 2 14 87
C 18 183 157
S 2 15 182
C 20 294 50
S 4 16 221
S 10 12 339
S 8 18 238
S 10 11 329
S 8 20 54
C 6 38 59
C 17 312 15
S 1 19 40
S 3 10 290
S 8 18 176
C 16 55 41
C 6 79 106
C 12 318 265
S 3 12 260
C 15 246 358
C 19 141 205
S 3 18 43
C 9 321 327
S 2 4 138
S 2 10 243
C 5 188 58
S 6 13 71
C 7 145 351
S 4 12 352
S 2 13 267
S 8 17 299
S 6 15 354
C 8 21 78
C 19 265 62
S 11 19 169
C 14 122 293
C 20 95 156
C 16 45 259
S 6 7 324
S 3 15 307
C 18 24 341
S 6 12 90
S 8 19 33
S 19 20 176
C 14 226 330
C 6 314 188
S 10 14 86
S 6 16 159
C 20 322 212
C 13 109 214
S 1 12 292
C 12 90 75
C 18 16 84
47
S 6 13 152
S 2 15 335
C 14 7 60
S 6 17 127
C 16 1 326
C 1 135 101
C 18 26 184
S 10 16 6
S 14 18 142
S 1 11 52
S 1 4 326
C 20 20 285
C 11 59 3
S 6 8 352
C 4 291 303
S 3 8 32
C 16 157 172
S 3 19 215
S 12 20 214
S 12 20 83
S 7 14 10
S 1 15 136
C 19 181 239
C 8 39 92
C 7 76 257
C 14 137 263
S 6 19 42
C 11 302 116
C 7 292 283
C 9 137 62
S 6 20 82
C 16 10 82
S 9 14 295
S 1 19 72
S 7 19 164
S 8 20 10
C 14 212 12
S 5 19 52
S 10 11 213
C 13 214 325
C 9 87 136
C 14 68 79
S 17 18 137
C 17 177 159
S 12 18 201
C 3 316 80
59
C 8 68 40
S 12 20 137
S 5 15 305
S 18 19 128
C 10 107 288
C 12 272 124
C 11 123 38
C 5 41 8
S 9 16 160
C 2 326 341
C 7 303 298
C 15 276 35
S 11 13 169
S 7 19 9
S 2 15 77
C 5 202 69
C 4 69 18
S 2 10 97
S 3 14 83
S 4 19 265
S 2 6 244
C 1 196 82
S 1 10 126
S 2 8 263
C 2 316 340
S 2 11 115
S 3 16 157
S 9 16 9
C 1 77 216
S 1 3 254
S 9 18 138
S 3 19 4
C 8 143 43
C 12 112 268
C 3 258 84
S 5 13 183
S 16 18 3
C 5 172 326
C 11 32 85
C 10 122 85
C 15 164 214
C 5 283 38
C 17 75 269
C 16 107 342
C 9 114 199
S 3 17 279
S 7 16 314
C 15 271 158
S 1 2 62
S 4 19 34
C 10 100 26
S 1 17 159
C 5 269 318
C 8 138 17
S 15 19 106
S 6 8 114
C 6 46 35
S 2 4 82
80
S 1 6 29
C 9 84 247
C 17 307 180
C 3 201 88
C 8 23 250
C 15 180 216
S 1 3 173
C 16 318 308
C 1 332 154
S 4 15 297
C 8 303 174
S 11 17 88
C 8 259 286
S 5 8 215
S 1 19 324
S 4 20 347
S 9 19 192
S 4 10 65
S 12 16 267
C 5 163 334
S 2 8 165
S 6 9 97
S 3 12 289
C 12 111 102
C 2 47 65
S 1 20 0
C 5 241 195
C 19 129 145
C 3 171 321
C 18 279 206
S 6 20 272
S 9 16 59
C 19 240 22
S 7 19 68
C 7 240 64
S 4 8 206
S 5 18 164
S 3 19 63
C 6 56 132
C 11 177 54
S 2 9 52
C 4 129 341
C 6 18 164
S 1 4 320
S 1 18 79
C 18 279 162
C 18 137 317
S 14 16 55
C 17 64 170
S 13 20 323
S 12 16 174
S 10 19 30
S 3 14 25
C 9 209 7
C 1 98 230
S 15 19 61
C 13 119 358
S 4 18 14
C 6 170 43
S 2 18 106
S 17 20 180
C 1 176 73
C 15 84 120
S 3 14 144
S 1 6 107
C 2 332 54
C 4 133 263
C 18 73 236
S 1 14 87
S 10 11 78
C 18 161 88
C 6 90 329
C 15 106 113
S 2 15 309
C 16 350 270
C 4 339 26
S 2 10 93
47
S 15 18 328
C 13 31 90
S 11 17 354
C 11 77 308
S 2 15 182
S 5 9 343
S 6 15 260
S 4 20 189
C 19 328 261
S 7 13 151
C 19 319 191
C 2 145 209
C 2 255 67
C 5 229 247
C 13 238 20
C 10 29 359
S 12 17 155
C 15 325 294
S 7 16 290
C 19 344 335
C 10 75 15
S 10 11 78
S 3 4 227
S 4 17 93
C 17 133 350
S 6 12 154
S 6 7 47
S 4 10 339
C 6 279 232
S 3 19 149
C 2 219 171
C 8 272 141
S 12 13 46
S 7 13 221
S 4 6 132
S 1 12 130
S 15 17 72
C 2 40 155
C 16 174 168
S 13 18 282
S 9 20 169
C 7 252 279
C 6 250 140
S 2 10 353
C 1 83 119
C 14 298 333
S 7 9 195
64
C 1 264 206
C 15 314 318
C 1 224 325
S 9 10 211
C 17 349 182
S 4 17 151
C 20 308 233
C 19 14 49
S 8 20 125
S 1 11 28
S 11 19 284
C 19 350 141
C 11 295 1
S 1 5 328
C 19 144 142
C 2 146 18
C 10 280 312
C 19 157 184
C 1 309 58
S 1 9 260
C 15 205 34
S 6 8 355
C 13 117 269
S 16 20 258
C 12 33 131
C 19 65 102
C 14 264 110
S 8 18 158
C 9 78 318
S 2 14 107
C 17 309 226
C 20 356 148
S 2 18 230
C 1 89 310
C 12 177 117
S 2 12 193
S 5 12 58
S 10 11 127
C 3 107 328
S 12 17 230
C 1 281 206
S 2 19 338
S 1 13 184
S 15 16 294
C 10 26 198
C 3 183 130
C 19 194 123
S 6 12 16
S 13 15 26
S 2 18 268
C 19 162 129
S 2 8 114
S 16 17 195
C 15 50 30
S 1 17 353
C 14 148 56
C 6 249 321
S 15 18 303
S 2 19 8
C 17 227 294
C 16 9 208
C 5 1 160
C 5 219 258
96
C 1 293 121
S 7 13 20
S 9 19 177
S 15 18 71
C 9 56 217
C 5 156 183
C 7 266 146
C 5 189 10
S 7 17 153
S 11 15 257
S 3 20 158
S 5 8 137
S 3 7 137
C 9 103 131
C 19 36 0
C 13 6 320
S 6 17 323
S 8 14 228
C 1 79 311
C 12 33 289
S 5 8 168
S 5 9 359
S 2 20 252
S 2 3 20
S 8 10 215
S 11 14 271
S 6 18 318
C 16 201 335
S 7 20 131
S 7 19 176
S 1 10 56
S 4 6 198
S 10 13 315
S 8 12 309
C 5 278 290
S 3 20 330
C 7 346 51
S 4 20 25
S 9 19 75
S 4 6 63
S 3 7 293
C 20 46 323
S 3 7 62
C 5 304 335
S 12 17 108
S 9 12 41
S 2 20 278
S 18 19 112
C 17 67 198
C 1 241 161
C 18 63 108
C 11 72 68
S 9 19 313
C 7 272 274
C 1 223 307
S 11 15 24
C 1 0 305
S 1 10 174
S 2 3 153
S 1 20 197
S 10 19 199
C 13 338 152
S 1 4 352
C 12 44 139
C 9 60 215
C 3 161 278
C 20 327 202
C 16 347 150
S 1 2 1
C 2 13 288
S 12 13 112
S 3 16 260
C 17 286 37
S 17 18 154
C 5 195 177
S 5 16 0
C 12 270 134
S 9 12 161
C 1 232 228
C 17 40 174
C 1 97 149
C 2 44 204
C 1 325 209
C 11 348 282
S 5 19 86
C 6 211 61
S 10 19 144
C 16 5 273
C 10 128 224
C 16 321 180
S 5 12 29
C 10 253 327
S 9 11 235
9
S 1 4 126
S 8 12 354
S 6 14 102
S 11 18 184
S 2 4 154
S 5 9 289
S 15 19 7
S 10 20 186
C 3 83 127
62
C 17 77 121
C 1 137 226
S 5 14 120
C 6 91 119
C 6 338 127
C 17 214 103
C 18 33 94
C 10 136 58
C 6 200 37
S 3 12 54
S 1 14 287
C 15 203 279
C 4 51 236
C 6 328 218
C 11 137 52
C 15 333 164
C 10 341 259
S 13 15 200
S 5 17 61
S 13 14 222
C 7 12 268
C 17 111 195
C 19 252 46
C 2 155 117
S 16 19 200
S 17 20 200
C 16 98 213
S 6 18 32
C 4 318 122
S 18 19 40
S 8 10 144
S 5 13 155
C 10 35 340
S 3 10 97
C 5 183 87
S 6 12 156
S 3 6 47
C 4 344 151
S 2 10 342
S 7 19 183
S 11 19 316
S 9 19 162
S 1 13 358
C 7 329 165
S 5 11 279
C 11 294 294
C 16 149 82
C 10 2 17
S 4 20 85
S 7 10 78
C 11 4 321
C 15 170 319
C 18 92 151
C 14 144 268
S 10 16 325
C 9 230 316
C 5 79 298
C 10 122 359
C 13 181 87
S 7 8 83
57
C 18 1 300
C 6 11 118
S 1 19 209
S 4 13 300
C 18 248 211
S 7 9 238
S 12 16 344
C 13 278 202
C 15 227 323
S 15 17 131
C 14 267 133
S 3 19 9
S 10 16 133
C 16 159 281
C 18 201 133
S 15 18 278
C 10 192 234
S 6 20 224
C 12 134 242
S 9 13 285
S 4 8 290
S 6 9 327
C 6 255 60
C 13 345 14
C 15 103 315
C 14 149 241
S 2 16 40
C 3 263 160
S 13 18 229
S 13 16 25
S 1 5 67
C 7 358 70
C 17 118 337
C 17 293 149
C 17 356 267
C 4 171 255
S 6 15 97
S 10 18 235
C 10 304 152
S 17 19 127
C 16 21 156
C 9 65 11
S 2 17 20
S 4 13 312
S 2 15 342
S 4 8 30
S 2 9 160
C 13 313 24
C 19 305 266
S 4 7 218
C 15 175 237
C 1 338 231
S 16 18 351
S 2 14 226
S 7 16 5
C 4 158 5
56
C 17 87 286
C 18 151 194
C 14 255 35
S 4 14 309
S 5 20 210
C 3 151 123
S 5 15 166
C 9 127 240
S 12 13 152
S 7 8 16
S 2 12 52
C 5 329 88
C 2 158 274
S 2 5 185
C 2 344 163
C 18 279 92
C 17 254 264
S 10 19 181
S 5 18 8
S 5 10 158
S 7 9 229
C 3 330 256
C 4 207 36
C 2 69 192
C 18 274 98
S 3 7 315
C 11 239 196
C 16 345 166
C 4 58 310
S 2 6 289
C 1 272 182
C 10 126 31
S 3 5 211
C 6 10 262
S 1 17 134
S 2 4 7
C 6 214 320
C 13 316 116
S 14 19 269
S 10 20 30
C 3 199 22
C 3 171 208
C 13 161 215
S 14 15 10
C 16 66 19
C 13 352 322
S 2 12 201
S 7 15 341
C 6 87 243
C 16 107 38
S 7 17 358
S 8 15 192
S 4 17 27
C 19 239 304
C 20 294 198
5
C 5 212 110
C 3 222 186
S 4 13 75
C 8 254 266
20
C 13 228 163
S 7 12 321
S 4 20 300
S 1 15 352
S 10 17 173
C 16 313 149
S 6 9 325
S 19 20 8
S 4 18 207
C 3 266 352
S 5 7 273
S 13 20 208
S 12 15 179
C 6 83 218
C 14 169 98
S 6 19 320
S 17 19 135
C 10 144 82
S 2 3 142
93
C 5 10 73
S 7 10 347
S 1 11 231
C 16 47 111
S 5 6 90
S 10 11 36
S 18 19 359
C 2 327 216
S 5 19 262
S 5 11 251
C 18 345 197
S 2 11 303
S 4 17 223
S 3 6 309
C 1 110 153
S 10 17 317
S 14 17 34
S 8 12 147
C 15 289 2
S 6 9 138
C 12 140 200
S 13 14 222
S 18 20 226
S 13 16 8
S 8 20 24
C 19 123 67
S 9 15 324
C 3 151 82
S 2 10 260
C 9 324 7
C 20 35 214
S 6 12 277
C 1 235 120
S 14 15 169
S 7 11 49
C 20 134 178
C 7 268 50
C 1 122 176
C 1 180 274
S 1 2 103
C 2 194 268
C 18 91 186
C 6 173 241
C 20 319 308
S 7 11 251
C 14 31 197
C 7 176 56
S 4 5 302
S 2 14 236
C 4 250 153
S 3 14 358
S 6 7 162
C 8 242 217
S 5 7 288
C 13 122 108
C 17 185 321
S 12 18 263
S 9 15 2
S 4 15 343
S 14 17 26
S 14 16 92
C 10 334 314
S 4 9 336
S 8 17 16
C 19 340 230
C 6 233 204
C 19 59 3
S 6 16 226
C 20 285 262
S 4 8 255
C 2 106 174
C 13 338 103
C 9 14 248
S 17 18 335
S 10 18 155
C 12 100 337
S 5 11 250
C 11 315 114
S 1 2 20
S 16 20 147
S 1 18 38
C 9 289 145
C 6 287 190
C 8 10 299
C 3 18 31
S 3 14 193
S 7 20 57
S 5 11 321
C 12 105 145
C 16 233 285
S 4 17 88
73
C 3 206 195
S 3 17 4
C 1 207 260
C 5 128 288
C 20 278 173
S 13 18 109
S 3 20 175
S 10 14 229
C 6 166 142
C 10 53 59
S 14 18 149
C 8 38 271
C 1 11 201
C 20 294 179
S 7 10 357
C 7 118 232
S 3 4 60
S 7 14 228
C 3 46 273
S 13 15 344
C 19 355 126
S 4 18 167
S 12 15 41
S 3 9 0
S 7 11 71
C 16 138 275
S 4 20 204
C 17 29 184
S 13 14 278
S 15 17 297
C 1 233 67
S 13 14 121
C 2 145 267
S 9 13 357
C 15 152 131
S 10 18 66
S 1 5 197
S 5 9 59
C 7 58 174
C 5 173 50
C 13 352 74
C 13 161 319
S 2 15 185
C 20 273 70
C 5 55 30
C 7 223 333
C 3 127 106
C 16 132 287
S 2 14 236
S 10 18 327
S 9 19 225
S 6 17 144
C 18 226 256
C 2 104 227
C 3 63 105
S 18 19 132
C 15 69 167
S 7 9 138
C 6 324 357
C 3 52 2
S 8 9 241
C 15 212 318
S 3 11 347
C 15 282 356
S 1 8 50
C 19 197 84
S 18 20 43
S 3 7 318
S 4 16 290
S 14 16 324
S 5 13 173
S 3 8 219
74
S 11 20 309
C 2 112 8
S 7 10 200
C 12 323 293
S 4 6 306
C 10 289 77
S 10 19 358
C 5 287 199
S 16 20 79
C 4 331 33
C 7 60 204
S 17 18 281
S 1 14 120
C 16 168 349
S 2 3 262
S 5 12 355
C 18 146 167
S 14 19 243
S 4 8 251
S 6 10 202
S 4 15 239
S 5 20 91
S 6 7 341
S 1 18 216
C 3 75 9
C 3 160 269
C 9 315 99
C 8 112 198
C 18 343 219
S 12 19 8
S 11 18 88
C 1 27 261
S 4 19 21
S 8 20 9
C 13 108 234
C 11 354 287
S 9 12 164
C 14 317 274
S 10 18 117
S 12 18 1
S 7 18 198
S 8 17 99
C 7 156 293
S 17 19 120
S 14 16 297
C 14 100 42
S 11 17 253
S 12 15 224
C 8 258 354
S 9 12 200
C 10 123 341
C 18 280 262
S 4 14 103
C 8 84 96
C 9 297 121
C 18 336 324
S 13 15 144
S 18 20 165
S 1 20 66
S 11 20 147
S 13 15 193
S 8 19 158
S 9 11 33
C 11 181 297
S 5 6 176
S 5 10 331
S 7 16 132
S 8 9 308
C 19 326 262
S 9 16 269
C 2 165 23
S 6 20 339
50
S 2 7 91
C 20 34 344
C 20 255 146
S 1 8 48
C 4 199 10
C 15 71 327
S 6 7 92
S 9 19 237
C 17 101 33
C 14 24 169
C 9 300 270
S 2 8 221
S 8 9 358
S 13 19 155
C 15 23 202
S 12 18 194
S 3 12 86
S 11 15 139
S 6 18 83
S 1 11 357
S 4 20 82
C 12 124 347
S 11 12 257
S 9 19 349
S 4 8 200
C 10 328 88
C 13 330 19
S 11 14 321
S 6 20 198
C 5 235 53
C 11 254 267
C 18 240 7
C 1 340 125
C 10 118 161
S 7 9 215
C 14 271 246
S 1 19 357
C 18 165 13
S 16 18 299
S 5 13 260
C 1 165 111
C 5 7 36
S 5 6 301
C 9 333 134
C 9 116 1
S 9 17 208
S 2 11 135
C 20 310 14
62
S 12 15 126
C 5 328 307
S 5 17 29
C 8 77 96
C 8 137 334
C 13 292 145
C 7 231 152
C 19 161 56
S 1 11 345
S 1 6 67
C 12 64 62
C 10 233 120
C 12 275 74
S 5 20 40
C 7 315 166
C 18 277 11
S 2 16 12
C 5 295 169
C 20 123 298
S 17 19 303
C 6 289 36
C 15 36 9
S 14 20 221
C 14 32 79
C 18 263 295
S 12 14 119
S 9 12 230
S 6 17 48
C 14 7 57
S 3 5 158
C 8 156 146
S 11 17 321
C 10 245 63
S 6 10 5
S 5 19 225
C 10 121 158
C 16 249 21
C 14 216 146
C 20 297 171
S 3 4 327
C 8 75 354
S 3 9 99
S 12 15 75
C 1 274 259
S 14 20 352
S 4 13 13
S 6 13 20
S 7 12 165
S 12 20 150
S 1 7 89
C 6 214 300
S 2 7 271
S 6 12 96
S 7 10 224
S 11 15 37
S 7 11 42
C 7 0 168
S 4 11 134
C 16 304 78
C 16 117 20
53
S 11 18 356
S 4 8 34
C 1 103 52
C 16 23 166
S 14 19 4
S 8 10 234
S 3 4 76
S 16 20 349
S 4 15 266
C 20 59 253
C 19 194 6
S 5 12 208
C 3 60 297
C 18 329 333
S 3 13 38
C 1 166 11
C 12 216 101
S 11 16 272
C 6 215 18
S 11 20 313
S 3 8 318
C 10 63 269
C 17 162 190
S 2 19 134
C 17 78 269
S 7 15 64
S 2 15 58
S 10 17 298
S 6 20 352
C 1 345 73
C 18 90 284
C 15 46 304
C 4 245 356
S 15 18 4
S 16 19 62
C 20 299 302
C 12 159 23
S 12 18 291
C 15 125 6
S 6 15 149
S 2 15 149
S 3 6 155
C 3 181 73
C 12 313 275
S 13 18 100
C 12 224 349
S 13 20 322
S 3 16 151
S 3 6 147
C 10 323 40
C 20 98 350
96
S 1 4 141
C 1 216 240
C 12 355 336
S 3 5 222
C 16 231 79
C 7 185 102
S 10 17 242
S 10 18 142
C 5 141 86
S 13 19 214
S 4 20 218
S 10 16 333
S 5 12 24
C 2 177 128
C 10 351 54
C 3 92 100
C 12 171 5
C 19 268 169
C 20 293 182
S 3 11 201
C 1 3 238
C 12 110 59
C 6 206 19
S 1 15 176
S 10 18 37
C 17 86 8
S 1 12 149
S 13 15 203
C 2 134 5
C 6 311 240
C 9 242 255
S 4 19 40
S 12 15 139
C 18 298 339
C 9 168 319
S 7 17 303
S 6 11 345
S 8 11 99
S 1 18 231
C 8 215 75
C 8 61 177
C 6 207 333
S 9 19 298
S 12 16 41
C 13 254 176
C 4 188 161
S 12 14 352
C 1 357 66
S 4 13 336
C 19 5 138
C 19 263 271
S 5 20 226
C 1 326 128
S 3 4 329
S 7 15 34
S 10 13 122
S 5 7 87
S 1 14 63
C 1 118 79
S 8 9 141
C 14 348 3
S 7 17 93
S 1 12 282
C 3 149 358
C 4 245 240
C 12 168 9
C 12 52 114
S 8 18 123
S 9 13 320
S 3 6 50
S 7 19 208
S 5 13 142
C 20 208 351
C 18 23 203
C 11 358 43
C 5 270 261
C 12 170 181
S 15 18 30
C 1 70 345
S 11 13 12
S 2 4 27
C 15 300 109
C 8 314 154
S 9 11 138
C 18 319 326
C 17 319 258
S 4 18 90
S 14 15 196
C 12 193 323
C 15 69 324
C 15 18 252
C 16 246 93
C 15 344 187
C 12 191 81
33
S 3 15 250
S 5 6 250
C 5 300 320
C 16 86 123
C 5 257 154
C 5 10 332
S 6 13 228
S 6 13 66
S 3 16 184
C 16 161 261
C 18 48 219
S 3 6 49
C 6 334 246
C 20 296 94
C 18 219 43
S 8 16 84
S 8 15 194
S 7 17 300
C 17 35 105
C 9 184 254
C 9 322 53
C 10 179 241
C 20 241 179
S 7 15 43
S 3 20 34
C 5 335 341
S 9 13 184
S 18 19 54
C 12 220 107
S 3 20 198
S 10 17 31
48
S 1 11 124
S 10 20 71
S 1 20 109
S 19 20 8
S 8 11 17
S 7 14 114
S 5 11 127
S 2 4 210
C 16 266 42
C 1 16 125
S 11 15 311
S 3 4 174
C 13 130 170
C 16 338 121
S 1 20 164
S 4 20 104
C 4 61 294
S 12 15 320
C 16 286 236
S 15 20 24
S 2 13 242
S 6 8 270
S 2 17 35
S 2 15 48
C 10 337 356
C 6 107 297
S 12 19 164
C 7 289 156
S 6 14 200
S 6 18 94
C 6 330 279
S 5 8 243
S 7 11 9
C 18 148 272
C 8 42 101
C 15 174 70
C 11 15 308
S 4 19 41
S 11 19 107
C 9 162 192
C 16 125 79
S 13 17 144
C 4 254 287
S 6 12 193
C 16 24 84
S 7 9 313
S 13 15 182
S 10 11 170
91
S 5 9 5
S 3 13 70
C 4 244 208
S 7 9 118
S 8 10 222
S 16 20 53
C 20 232 217
C 5 298 253
S 2 20 295
S 2 5 117
S 7 14 162
C 13 6 153
C 13 186 230
C 14 92 233
S 9 10 279
C 4 198 202
C 14 166 292
S 4 9 289
S 10 17 287
S 12 20 215
C 20 330 116
C 15 295 114
S 6 8 215
C 12 119 322
C 8 299 92
S 3 8 236
C 13 263 253
S 9 18 261
C 17 322 235
S 5 18 224
S 16 18 47
S 7 10 333
C 16 57 114
S 15 16 135
S 7 15 48
C 19 340 80
S 2 11 324
C 2 145 333
C 5 345 155
C 11 170 245
C 11 223 316
S 9 11 167
S 5 9 155
S 12 19 202
C 3 58 90
S 4 13 303
S 4 18 353
S 8 17 355
S 9 11 15
C 19 195 284
S 9 13 256
C 1 213 74
C 19 359 266
S 6 7 78
C 7 181 335
S 1 4 64
C 19 150 262
C 10 31 119
C 12 255 76
S 11 15 113
C 14 287 77
C 20 105 149
C 6 17 101
C 20 244 316
S 3 10 2
S 14 15 92
C 6 4 194
S 1 10 347
C 14 186 92
C 16 293 77
C 10 191 180
C 9 344 24
C 11 9 0
C 19 236 191
S 1 8 201
C 10 167 253
C 13 349 81
S 14 20 151
S 5 13 249
S 5 19 36
C 7 54 82
S 5 14 45
C 3 266 290
C 2 14 269
S 12 14 51
C 11 294 172
S 3 15 111
S 9 13 131
C 3 37 162
S 2 7 112
S 9 19 147
77
S 3 6 124
S 9 19 30
C 9 37 353
S 5 15 335
S 5 18 218
S 4 6 229
S 9 11 307
S 4 12 332
C 9 92 183
C 9 308 209
C 2 231 224
C 13 223 272
C 18 24 148
C 1 332 32
C 6 79 174
S 2 3 246
S 3 11 60
S 2 9 50
C 10 275 235
C 12 326 10
S 7 17 13
C 14 143 6
C 17 100 161
C 18 33 38
S 3 8 316
C 2 20 327
S 7 11 357
C 6 306 138
C 7 80 13
S 12 15 27
C 12 322 182
C 9 358 197
C 14 110 17
C 1 279 64
C 7 111 168
S 8 13 279
S 3 18 33
C 17 17 122
C 16 129 316
S 10 14 262
S 8 18 247
S 2 20 230
S 4 10 70
C 1 287 317
S 1 15 315
C 6 350 205
S 14 15 7
C 15 208 238
S 9 20 350
S 15 18 121
C 18 76 343
S 7 19 11
C 17 222 310
C 18 315 161
S 5 13 68
C 2 349 285
C 11 20 57
S 5 6 196
C 14 305 183
C 16 153 246
C 14 138 73
C 10 90 289
S 7 17 157
C 12 82 2
C 6 297 300
C 16 127 159
C 15 239 318
C 5 275 147
S 2 20 47
C 20 352 348
C 9 54 343
C 9 187 76
C 11 260 259
S 2 11 103
S 3 11 322
S 4 8 60
S 3 11 223
94
S 9 10 351
C 13 294 269
C 15 216 51
S 7 20 290
S 6 10 211
S 2 20 311
C 8 196 359
C 8 20 35
S 4 11 180
C 3 356 79
C 18 182 34
C 11 153 135
S 4 17 53
C 14 224 40
C 9 303 56
S 4 8 309
C 15 285 160
C 7 341 6
C 7 320 271
C 13 160 312
C 7 92 60
C 4 20 63
C 14 27 77
S 9 17 246
C 5 29 135
C 12 216 142
C 17 56 95
C 17 123 356
C 6 259 260
S 11 17 112
C 1 71 83
C 1 69 322
C 7 118 315
S 7 18 13
S 4 7 291
S 6 15 330
S 13 15 285
C 18 172 302
S 2 6 162
C 12 219 89
S 1 16 8
C 4 333 223
C 9 90 305
S 10 14 24
S 12 16 145
C 14 208 152
S 17 19 95
S 2 8 201
S 6 9 171
S 1 20 297
C 17 8 124
S 7 12 262
C 20 44 109
S 6 7 89
S 15 19 315
S 3 20 200
S 7 16 34
C 10 71 95
S 8 16 344
C 4 29 190
C 11 88 280
C 9 309 135
C 18 88 210
C 15 352 337
S 9 16 350
C 20 177 266
S 2 4 14
S 14 17 211
S 10 15 184
C 14 28 305
C 4 181 65
C 1 316 204
C 9 263 262
S 2 5 272
S 10 11 103
C 6 1 258
C 12 229 5
S 1 5 198
C 16 181 129
C 5 183 2
C 16 171 284
C 18 255 173
S 3 5 233
C 7 78 46
S 3 14 40
S 9 11 233
S 2 10 5
S 1 6 243
C 15 175 114
S 11 20 22
S 6 17 198
5
S 4 10 263
C 6 213 9
S 2 5 106
S 8 11 247
C 2 53 227
50
S 9 18 255
C 1 124 235
C 14 103 261
C 3 270 279
C 12 223 199
C 5 114 164
C 18 353 146
C 4 164 212
C 2 288 205
C 17 279 197
C 13 247 322
C 19 265 22
S 9 19 303
S 6 18 88
S 6 19 172
S 5 15 77
S 5 8 70
C 9 131 169
S 5 14 252
C 18 45 227
S 11 18 146
S 8 9 110
S 5 6 184
S 17 19 353
C 19 201 163
S 2 20 259
S 13 17 258
C 16 2 341
S 17 18 162
S 3 7 48
S 11 13 195
C 20 195 260
C 19 241 85
C 13 113 272
S 15 17 188
C 15 1 62
C 18 150 294
S 14 19 352
C 1 312 114
C 1 214 269
C 19 183 318
S 16 20 51
C 14 335 276
C 16 51 337
S 3 10 95
C 7 11 319
S 5 15 19
C 17 255 81
S 9 16 163
C 20 121 224
63
C 3 358 96
C 2 121 5
C 11 301 31
S 1 6 31
C 19 11 298
S 1 10 261
S 13 20 79
S 1 18 96
C 1 203 199
S 5 11 233
S 7 18 243
C 6 68 116
C 16 49 315
S 6 13 173
C 16 112 45
C 4 350 154
C 6 107 248
C 1 330 345
S 2 14 211
C 2 22 351
S 14 16 113
C 11 296 261
C 15 54 138
C 5 354 329
C 16 160 343
S 9 10 197
S 6 17 198
S 19 20 262
S 15 18 162
S 2 10 176
S 7 10 286
C 17 232 170
C 13 191 33
S 9 13 325
S 9 11 311
C 6 330 357
C 14 5 195
S 12 14 124
S 4 16 69
S 5 11 66
C 4 161 137
C 3 106 305
C 17 154 103
S 5 18 253
S 6 18 50
C 11 87 182
C 11 262 359
S 13 15 130
S 15 19 344
S 8 19 87
C 2 170 108
S 13 17 339
C 7 46 288
S 3 18 281
C 1 213 271
C 11 26 0
C 8 320 135
C 11 181 250
C 16 281 140
S 15 19 29
S 6 15 109
86
S 9 11 203
S 8 19 301
S 15 16 272
S 3 7 204
C 12 66 31
C 19 310 93
S 10 15 56
S 8 17 96
C 12 330 349
S 15 16 334
S 9 10 146
C 15 92 191
C 4 254 213
C 8 297 41
S 5 14 100
C 15 244 79
C 16 149 181
C 6 112 246
S 3 8 255
C 14 344 148
S 4 11 83
S 6 8 67
C 19 298 152
C 9 38 95
S 5 8 181
S 11 18 40
C 13 357 160
S 17 18 79
C 12 169 107
S 1 8 81
C 9 46 186
C 15 232 303
S 18 20 80
C 1 338 62
C 3 240 234
C 5 275 209
C 7 181 336
C 18 179 192
C 9 302 104
S 3 19 18
S 9 20 211
S 6 17 334
C 20 173 234
S 13 15 254
S 7 15 358
C 19 319 238
S 9 16 127
S 11 15 133
C 3 237 81
C 9 307 186
S 6 19 192
S 14 15 20
S 8 16 59
C 16 273 217
S 3 18 18
C 10 66 139
S 3 20 339
C 15 168 156
S 9 12 97
S 8 11 294
S 3 16 155
C 13 226 15
C 13 110 355
C 3 148 91
C 14 143 267
C 12 235 258
S 8 9 52
S 1 17 278
C 6 309 87
C 6 193 127
S 5 11 55
S 14 17 68
S 7 13 228
C 7 311 301
C 19 42 352
C 3 33 317
C 1 17 251
C 19 102 287
C 2 263 170
S 7 16 245
S 4 18 341
C 4 317 239
27
S 7 9 84
C 10 20 344
C 17 333 264
S 8 14 162
C 6 120 353
S 15 20 273
C 16 55 223
C 5 237 240
S 16 19 0
S 11 19 218
C 9 50 156
C 8 321 334
S 3 6 64
S 4 11 358
C 20 302 67
S 9 11 183
C 19 20 99
C 11 230 268
S 3 4 11
C 5 153 304
S 1 17 268
C 4 189 176
S 3 17 25
S 7 20 31
S 4 9 334
C 20 129 298
C 7 224 292
35
S 3 9 241
C 16 245 81
C 2 271 116
C 13 157 66
C 16 279 96
S 7 8 27
S 1 14 79
S 1 5 258
C 8 32 232
S 15 16 286
S 1 5 343
S 5 15 262
S 4 5 196
C 2 338 331
C 14 51 186
C 12 250 122
S 7 10 279
C 9 32 226
C 10 207 359
C 11 156 8
S 5 18 96
S 4 10 19
C 4 250 156
S 8 17 242
S 6 11 200
S 3 12 125
C 2 325 148
C 18 220 268
S 7 12 224
C 3 325 311
S 5 8 72
S 10 14 168
S 1 19 290
95
C 9 354 273
S 2 5 123
C 7 213 1
S 2 7 217
C 19 341 299
C 11 307 278
C 3 139 199
C 4 296 352
S 2 3 116
S 10 16 63
C 16 5 107
C 5 232 140
C 16 303 102
C 19 265 328
S 9 12 50
C 2 346 196
S 10 12 135
S 2 17 296
C 4 313 104
C 10 182 175
S 3 16 178
S 3 4 170
S 1 7 357
S 8 18 154
S 7 10 23
C 10 75 225
S 5 7 353
S 5 15 231
C 6 64 242
C 7 106 122
C 18 260 204
C 2 331 271
C 6 59 250
S 4 16 209
C 11 37 267
S 1 14 7
S 10 13 217
C 7 359 137
C 7 173 201
C 6 269 274
C 5 114 107
S 6 18 199
S 6 12 224
C 3 180 240
S 16 17 229
S 4 18 45
S 6 13 136
S 9 20 87
S 7 11 262
C 5 239 261
C 6 234 92
C 5 135 199
S 1 2 180
C 15 207 321
S 9 17 38
C 16 240 44
C 20 346 223
C 6 62 284
C 1 38 343
S 6 13 185
S 5 9 278
C 14 7 197
S 4 13 253
S 5 16 29
S 11 15 278
C 17 64 14
C 6 185 188
S 4 19 12
C 10 143 70
C 13 136 119
C 5 320 71
C 13 15 214
S 10 19 5
S 17 18 9
S 5 10 110
C 12 4 217
S 10 16 203
S 1 19 145
C 16 57 100
S 7 14 274
C 2 27 339
S 3 20 160
C 1 346 99
C 16 328 308
S 1 7 91
C 20 326 220
C 16 212 353
C 15 240 144
S 6 11 212
S 2 16 220
40
C 4 341 7
C 4 77 147
S 7 13 29
S 5 20 84
S 9 10 259
C 20 109 317
S 6 15 53
S 9 14 318
C 17 177 266
C 17 50 350
S 6 19 104
C 12 91 239
S 5 9 305
C 16 293 53
C 12 285 267
C 14 60 356
C 15 57 18
S 5 18 323
C 20 97 236
C 11 56 138
S 4 9 232
S 5 6 18
C 16 359 190
S 5 7 188
C 19 191 176
S 9 20 167
C 9 42 122
S 1 17 222
S 2 5 217
C 18 152 3
C 4 151 7
S 11 18 306
C 17 142 322
C 15 31 180
C 17 229 207
S 5 15 87
S 10 19 75
S 2 15 74
C 7 91 124
28
S 6 11 209
C 6 62 29
S 5 7 227
C 16 69 85
C 3 293 307
S 9 10 155
C 9 272 308
S 9 20 47
C 18 54 201
C 17 167 298
S 1 9 146
C 4 254 63
S 9 19 189
C 18 201 123
S 12 17 235
S 4 16 323
C 13 36 125
C 14 204 263
S 1 7 124
S 2 18 49
C 5 181 245
C 17 5 321
S 6 19 16
C 1 125 329
S 6 14 278
S 1 19 169
C 18 159 59
C 9 289 80
26
S 6 8 28
C 12 110 48
C 14 256 119
C 14 57 116
S 5 17 274
C 3 27 94
S 8 14 72
S 3 6 44
S 5 14 250
S 7 13 28
C 20 35 33
C 5 280 158
S 4 15 83
S 5 17 93
S 19 20 49
C 4 139 357
S 2 9 293
S 2 13 331
S 3 13 309
S 4 8 336
S 6 19 256
S 4 17 310
C 18 342 103
C 20 322 125
S 4 19 7
C 14 300 150
3
C 2 33 212
S 3 14 37
C 5 358 63
53
S 2 4 78
S 8 15 213
C 7 103 153
S 6 14 90
C 19 191 302
S 1 9 90
C 4 233 334
C 15 250 219
S 10 19 226
C 6 8 159
S 17 20 131
S 6 17 336
C 4 300 233
S 6 12 162
C 1 175 25
C 13 154 68
S 2 7 11
C 16 276 344
S 3 11 322
C 17 241 208
C 7 337 146
C 20 300 341
S 7 19 31
S 9 16 239
C 9 276 90
C 5 259 306
S 1 20 263
C 10 35 243
C 11 261 10
C 3 128 21
C 17 114 180
S 8 18 296
C 8 199 24
S 15 20 100
S 10 19 317
C 13 97 328
C 20 7 160
C 17 30 70
S 12 15 181
S 9 10 133
C 16 55 132
S 9 12 3
C 13 145 117
S 17 20 302
S 16 19 82
S 9 18 244
C 4 134 10
C 1 355 318
S 4 17 145
S 7 16 159
90
C 5 4 167
S 5 20 30
S 11 13 132
S 10 11 254
C 2 249 348
S 8 9 226
C 3 300 10
S 2 4 18
C 9 124 10
S 3 15 93
C 19 279 120
C 11 132 207
C 11 97 104
S 16 18 304
S 1 6 247
C 7 39 104
C 4 129 193
S 13 17 54
S 6 10 107
S 1 9 163
C 12 270 89
S 16 18 335
C 14 106 63
C 16 299 286
C 9 18 128
S 14 16 331
S 3 15 52
C 8 198 200
C 10 32 40
C 20 144 315
C 8 200 203
C 6 58 14
C 12 198 281
C 12 8 247
C 7 348 113
S 6 16 151
S 6 8 106
C 15 238 56
S 15 17 16
C 20 53 126
S 6 13 116
S 2 6 110
C 2 272 36
S 15 20 18
S 6 12 137
S 5 18 336
C 20 165 46
S 2 17 20
S 7 19 305
C 3 135 22
C 13 298 317
C 11 213 193
C 10 301 62
C 10 98 46
S 3 5 8
C 1 131 175
C 18 276 66
C 19 143 137
C 10 22 311
S 15 17 78
S 15 17 193
S 11 20 161
C 12 97 8
S 11 14 321
C 2 325 13
C 5 190 269
S 3 15 161
S 9 11 312
C 8 34 269
S 5 10 198
S 14 17 172
S 6 8 90
S 3 4 47
S 7 14 57
C 17 181 333
C 20 200 97
S 5 17 245
C 18 353 344
S 3 14 131
S 1 9 101
S 16 17 100
C 9 65 164
C 16 31 67
S 13 19 185
41
S 6 10 206
C 1 79 118
C 6 23 311
S 4 17 288
S 1 6 203
C 9 135 158
S 5 15 285
S 13 19 151
C 9 180 236
C 14 271 219
C 13 218 142
C 5 282 77
S 1 9 119
S 4 5 36
C 15 8 199
S 16 20 250
C 13 327 291
S 12 17 195
S 17 20 224
S 7 15 275
S 1 15 71
C 8 59 254
S 9 10 137
C 17 108 88
C 5 170 246
C 16 71 171
C 15 171 115
C 16 100 243
C 1 308 285
C 6 14 72
C 13 103 125
C 9 212 304
C 3 356 331
C 2 95 48
S 7 14 155
S 9 16 60
C 8 199 44
S 9 20 123
S 6 8 79
S 3 10 253
S 10 16 321
39
S 2 4 281
S 8 11 335
C 9 144 276
S 1 15 93
S 3 14 59
C 15 191 61
S 7 20 107
S 10 14 8
S 9 15 243
C 12 261 37
C 6 313 254
C 14 81 258
C 18 26 209
S 14 17 295
S 9 13 357
C 16 227 185
C 13 11 106
C 13 230 108
S 10 17 333
C 7 176 163
C 4 212 190
C 1 280 92
C 19 207 37
C 8 268 272
C 15 164 10
C 1 247 158
C 19 89 166
C 20 252 189
S 5 12 120
S 8 9 251
C 3 6 309
S 5 15 205
S 14 15 293
C 4 185 279
C 10 194 18
S 5 8 52
C 9 189 359
C 8 191 209
C 18 261 22
51
S 6 13 11
C 20 1 204
S 2 8 135
C 5 149 162
C 5 137 112
S 14 15 67
S 7 18 31
S 3 5 165
C 6 315 251
S 14 18 233
C 15 36 335
S 10 11 291
C 9 72 283
S 4 11 14
S 3 7 283
S 2 18 248
C 15 162 220
C 14 4 316
S 7 20 42
C 13 113 322
S 5 6 13
C 14 197 337
C 10 106 287
C 19 105 155
C 9 250 183
S 11 16 172
C 16 285 98
S 11 15 191
S 9 15 68
S 19 20 67
C 20 231 239
S 6 10 95
C 8 289 142
C 20 310 236
S 4 10 268
S 7 13 228
C 10 281 300
C 7 358 69
C 12 198 310
S 1 2 308
C 8 149 299
S 7 20 24
C 11 169 220
C 17 42 236
C 11 8 28
S 1 17 246
C 5 168 176
C 18 316 257
S 2 5 236
S 7 19 140
19
C 13 83 208
C 13 115 82
C 12 316 120
C 1 352 84
S 6 20 328
C 5 35 214
S 6 15 45
C 4 358 48
C 13 290 52
C 2 306 37
C 15 100 272
C 15 114 296
C 19 30 296
C 19 260 308
S 1 4 123
C 18 14 108
S 4 15 84
S 15 19 331
25
S 6 8 336
S 19 20 343
C 12 203 109
C 6 139 22
S 5 17 38
C 20 272 331
C 11 260 59
C 10 225 10
S 3 14 154
C 19 326 222
S 7 18 85
C 14 70 121
S 11 19 59
C 1 277 32
C 10 327 241
C 20 198 26
S 4 6 162
C 13 195 177
S 5 12 39
S 1 12 0
S 13 17 159
S 1 9 65
C 15 261 11
S 13 16 168
C 18 283 78
87
C 5 88 174
C 3 243 5
S 13 17 357
S 12 13 91
S 1 14 339
S 8 19 122
S 10 12 35
C 17 221 180
S 15 17 242
C 1 247 103
C 8 347 16
S 3 17 82
C 8 85 108
S 9 19 287
C 9 47 106
S 12 18 228
S 9 13 206
S 4 8 118
C 11 252 12
C 17 175 86
S 11 12 310
C 1 198 43
S 1 20 115
C 6 346 16
C 4 147 35
C 20 298 221
C 12 249 321
S 11 13 26
S 11 13 224
C 10 208 229
C 13 126 249
C 13 154 39
S 8 10 333
S 2 7 179
S 8 20 184
C 15 52 190
C 18 31 85
C 16 246 233
C 17 321 332
C 11 33 0
S 7 16 340
S 14 15 58
S 12 17 90
S 1 2 106
S 5 10 35
S 1 9 0
S 2 17 134
C 18 266 178
C 14 82 158
C 19 298 327
S 13 14 47
S 2 20 64
C 2 262 120
C 14 195 186
C 1 86 286
S 3 19 175
C 13 174 25
S 13 14 295
C 13 267 258
S 17 20 341
C 6 26 19
S 1 12 10
C 20 283 314
S 6 18 317
C 19 203 91
S 12 14 135
C 11 63 233
S 3 12 11
S 11 18 55
S 11 15 36
S 4 16 328
S 12 17 78
C 10 142 191
C 18 289 93
S 4 14 163
S 1 5 266
S 7 12 311
C 13 316 326
C 14 73 112
C 8 104 344
S 9 11 231
C 3 17 295
S 8 9 175
S 7 12 163
S 13 15 12
S 10 15 57
76
S 8 13 164
C 7 292 330
C 11 47 309
S 11 16 23
C 4 303 74
S 16 17 173
S 1 6 251
C 18 132 14
C 18 226 316
S 10 15 344
S 16 18 274
S 6 17 249
C 19 348 157
C 10 256 335
C 13 336 247
S 12 17 15
C 17 156 305
C 6 99 98
C 16 175 65
S 12 13 11
C 16 258 280
C 17 212 311
C 19 68 52
S 17 18 304
S 14 19 110
C 11 68 234
C 1 292 52
C 11 260 157
C 9 246 222
C 19 192 93
S 3 5 26
C 13 87 256
S 4 13 167
S 8 18 111
S 18 19 282
C 15 238 64
C 14 184 56
S 13 18 179
S 19 20 3
S 13 20 9
C 6 250 306
S 2 13 34
C 19 171 168
S 4 5 330
C 15 295 68
C 19 357 9
C 14 197 27
C 12 354 37
C 14 331 289
C 13 272 96
S 3 10 4
S 3 4 165
C 20 62 270
S 8 18 177
C 20 359 52
C 15 202 12
S 9 12 143
C 9 291 147
C 11 351 353
C 9 313 42
S 12 16 353
S 14 19 258
S 8 11 28
S 11 13 338
S 3 8 296
S 10 12 22
C 7 232 359
C 19 335 320
C 14 87 277
C 8 0 239
C 13 1 284
S 12 15 22
S 13 18 91
C 11 265 334
4
C 19 336 236
S 2 14 216
S 2 14 337
S 3 12 193
16
S 15 19 157
S 11 18 312
S 10 15 331
S 7 17 249
S 5 8 288
S 4 9 124
S 2 5 93
S 3 5 220
S 7 11 16
S 15 18 69
C 11 169 259
S 4 12 216
C 12 112 208
C 8 241 132
C 1 171 34
54
S 2 12 181
C 12 61 187
S 8 12 345
C 14 190 50
S 4 18 120
S 6 17 310
S 9 18 73
C 18 174 329
S 12 15 264
C 18 307 40
C 1 341 209
C 8 287 152
C 9 276 264
C 6 351 137
C 19 114 213
C 10 351 127
S 18 20 170
S 5 6 105
S 13 19 34
S 7 8 334
C 16 353 215
C 20 160 73
C 18 126 148
S 8 20 28
S 2 14 113
S 6 18 233
S 7 19 317
S 11 15 315
C 13 243 330
S 1 12 300
S 4 20 306
C 4 190 205
C 19 12 124
C 9 228 255
C 5 97 113
S 2 7 142
S 14 19 277
S 9 15 4
S 8 20 310
C 10 71 109
C 15 289 254
S 2 5 60
C 16 3 71
C 1 188 33
C 6 181 228
C 8 330 78
S 7 15 46
S 1 12 24
C 14 330 1
C 2 140 131
S 19 20 168
S 11 14 73
C 5 71 154
5
S 7 9 29
C 7 335 105
S 1 8 66
C 15 85 149
S 3 6 218
8
C 19 259 204
C 19 53 79
C 17 49 16
C 17 326 98
S 8 14 151
C 1 355 161
C 13 186 239
S 13 18 97
73
S 15 19 292
S 1 19 240
S 5 10 306
C 19 264 10
C 4 358 36
C 12 332 22
S 11 13 208
S 9 16 308
C 2 141 232
S 3 13 312
S 10 12 244
S 17 18 52
C 4 272 90
C 20 269 133
C 18 284 97
S 1 2 81
S 2 16 24
C 5 14 126
C 6 123 50
S 1 18 24
S 11 12 121
C 20 183 66
S 1 14 347
S 3 19 11
C 8 115 113
S 10 18 44
C 14 68 256
C 3 116 331
S 1 11 120
C 18 38 28
S 1 7 130
S 4 19 164
C 18 356 164
S 16 20 282
C 5 188 142
S 6 14 56
S 1 5 225
C 12 125 46
C 11 339 100
S 1 5 133
S 1 12 83
S 13 16 130
C 19 313 3
S 13 17 101
C 3 28 244
C 9 182 175
C 14 119 81
S 3 4 202
C 2 320 304
S 3 11 307
S 5 14 304
S 1 19 34
C 2 308 343
S 4 18 297
C 15 269 354
C 4 324 345
S 1 6 329
C 20 37 97
S 2 11 244
S 3 11 25
C 9 168 173
S 5 16 144
S 1 4 3
C 19 52 252
C 12 323 352
S 1 18 54
C 8 121 14
C 8 7 136
S 10 19 260
S 10 15 157
S 8 9 5
C 3 176 60
S 3 17 294
50
C 9 77 105
S 7 16 2
C 13 224 4
C 2 13 280
C 10 147 226
S 2 20 117
S 6 14 196
S 13 19 116
C 13 157 315
C 4 168 35
C 11 37 216
S 13 14 142
S 4 20 322
C 20 207 224
S 1 10 171
S 1 9 182
S 8 14 281
C 1 174 103
C 14 196 282
C 1 134 234
C 4 150 175
C 11 289 94
C 4 252 215
C 5 159 328
C 2 90 5
C 15 145 130
S 14 17 29
C 10 21 139
C 8 163 116
S 13 19 125
S 16 17 102
S 1 5 339
S 7 17 212
C 9 174 358
C 7 272 182
C 14 221 325
S 2 14 118
C 6 339 314
S 2 9 341
S 18 19 87
S 4 18 137
C 13 254 243
C 2 241 257
C 20 319 302
S 1 17 271
S 11 19 310
C 13 175 216
92
C 12 153 96
C 4 153 353
S 11 19 197
S 5 16 179
C 16 126 52
C 14 303 68
C 17 216 212
C 13 180 244
C 9 231 262
C 11 106 230
S 3 8 133
S 10 11 11
S 3 16 15
C 2 201 247
C 2 299 302
S 3 9 333
C 14 273 120
C 9 144 87
S 3 19 164
S 5 11 240
S 13 19 309
S 2 4 175
S 5 17 349
C 6 340 168
C 12 251 259
S 7 16 57
C 2 199 67
S 3 12 43
C 19 194 335
C 16 127 287
S 6 13 177
C 11 156 214
S 6 7 36
S 7 9 335
S 2 8 152
S 4 16 190
S 8 18 271
C 3 142 124
C 2 241 14
S 17 20 198
C 2 220 64
C 8 157 8
C 5 35 295
S 9 16 299
C 13 307 215
C 4 298 196
S 11 20 77
C 16 178 350
C 12 276 299
S 2 11 196
S 8 12 278
C 6 352 233
S 4 19 347
S 1 9 24
S 3 9 335
C 4 137 324
S 12 13 220
S 11 18 218
C 13 188 72
S 13 19 191
C 14 87 112
S 9 18 198
C 11 194 221
S 6 10 151
S 9 10 190
S 16 19 279
C 9 147 167
S 10 15 145
S 2 16 58
S 10 19 216
S 7 16 163
C 6 276 133
C 8 289 185
S 11 16 211
C 10 171 160
S 8 11 182
C 20 145 183
S 6 11 307
S 15 20 222
S 5 15 209
S 10 18 166
C 9 182 274
C 10 308 5
C 7 182 184
C 13 193 259
S 4 11 88
C 7 201 120
S 11 14 226
S 3 6 69
C 5 143 158
24
S 3 15 55
C 5 40 214
S 3 6 354
S 13 20 274
C 12 176 356
C 12 347 300
C 6 224 86
C 8 91 163
S 14 16 181
S 10 20 285
C 15 316 92
S 4 11 189
C 1 39 299
C 12 131 319
S 18 19 42
S 15 18 320
C 15 36 317
C 7 137 328
S 8 11 86
S 1 18 218
S 12 14 205
S 13 20 264
S 3 18 266
S 5 13 13
70
S 7 10 260
C 13 116 212
S 7 19 39
C 4 239 187
C 16 46 110
S 18 20 310
S 2 5 271
C 6 34 157
S 14 19 347
S 4 15 241
S 9 19 312
S 10 16 11
S 9 11 126
S 1 12 325
C 12 101 323
S 1 18 80
S 4 7 31
S 11 18 349
C 16 241 97
S 6 18 194
S 1 2 140
S 6 11 219
C 12 201 283
S 2 12 214
S 2 20 349
C 10 249 11
S 7 20 26
S 2 16 263
C 16 81 250
C 6 78 75
C 3 326 346
S 3 12 46
S 7 8 337
S 5 9 160
C 18 179 313
S 8 9 237
S 7 10 123
S 2 9 194
S 3 17 183
C 9 353 169
S 12 16 175
C 15 223 124
C 19 62 310
S 7 11 84
S 6 12 115
C 1 164 46
S 1 18 30
C 13 195 65
S 1 4 88
S 3 13 253
S 14 19 150
C 12 299 104
C 4 93 280
S 1 16 122
S 4 16 96
C 3 164 277
S 7 16 36
S 12 14 118
C 10 117 146
C 3 343 120
S 16 19 197
S 5 11 154
S 13 16 105
S 2 14 308
S 6 18 202
C 15 338 94
S 1 10 233
S 6 7 29
C 1 197 18
32
S 2 13 214
S 10 19 212
S 2 17 270
C 5 6 304
S 13 14 210
C 7 299 205
C 6 337 179
C 6 190 0
C 10 181 57
S 1 2 349
S 5 8 303
C 15 261 162
C 7 321 167
S 3 20 106
S 6 12 135
C 3 91 61
C 12 189 56
C 1 146 351
C 2 350 222
C 1 9 246
C 7 192 311
C 20 82 161
C 2 358 143
S 4 9 171
S 5 10 136
S 6 11 1
C 19 157 277
S 6 13 258
S 17 18 257
C 18 282 191
97
S 5 6 175
S 13 16 112
C 12 155 287
S 1 18 319
S 13 18 281
S 2 15 322
C 8 50 56
S 1 8 299
S 5 16 241
S 8 19 152
C 11 95 81
S 13 16 106
S 4 13 30
C 16 101 302
C 7 195 27
S 7 12 325
S 8 15 197
C 14 169 303
C 6 319 129
C 20 163 221
C 1 337 94
C 5 209 280
S 13 15 108
C 10 217 281
C 11 309 201
C 16 13 62
C 9 18 242
C 7 110 12
C 13 285 326
C 16 155 278
C 13 342 289
C 11 60 358
S 2 5 20
C 3 48 53
C 12 291 11
C 9 21 156
S 17 20 296
S 1 12 194
C 11 195 171
C 6 99 260
C 9 10 120
C 11 321 9
S 2 20 231
C 10 75 345
C 15 220 94
C 13 162 151
S 5 11 92
C 3 126 296
C 6 183 199
C 6 218 88
S 14 20 200
S 2 17 114
C 6 297 76
S 3 16 1
C 20 163 110
S 7 16 194
C 11 203 131
S 14 16 12
C 14 263 327
C 10 232 144
C 9 212 168
C 7 268 294
S 1 14 359
C 12 309 60
C 20 236 315
C 16 180 174
C 1 139 328
C 13 271 222
S 5 19 237
C 15 256 55
S 2 7 108
S 3 13 24
S 6 14 18
S 3 10 22
S 3 19 334
S 2 10 265
C 12 163 164
C 9 176 196
C 13 16 128
C 17 129 261
C 15 119 231
C 19 352 117
S 6 14 214
S 16 18 42
S 4 17 356
C 1 230 143
C 14 105 43
C 3 240 358
C 5 176 118
S 8 14 230
S 3 18 328
C 13 156 131
S 11 16 104
S 11 17 68
S 1 14 13
17
S 5 7 296
C 18 92 136
C 3 204 262
S 6 9 293
C 11 329 104
S 3 12 215
S 6 19 111
C 4 267 333
S 6 12 172
S 10 14 180
S 10 12 111
S 10 11 208
C 10 156 224
S 11 12 272
C 18 272 248
S 3 19 214
S 6 16 144
21
S 10 17 298
C 6 233 349
S 13 18 118
C 19 208 94
C 12 271 66
S 5 11 7
C 20 169 197
S 3 4 106
C 9 300 60
S 6 18 66
C 9 59 128
C 1 331 266
S 6 14 19
C 3 81 72
S 6 18 222
S 6 12 80
C 18 355 128
S 15 17 347
C 2 337 202
C 8 100 233
42
C 14 247 121
S 7 12 124
S 5 13 67
S 2 10 35
C 15 43 271
C 17 127 239
C 1 301 37
S 3 13 185
S 3 20 231
C 16 273 6
S 3 8 171
C 12 192 180
C 9 251 310
C 16 229 235
C 8 137 196
C 20 336 172
C 16 274 46
S 15 20 127
S 3 6 230
C 19 25 43
C 9 330 109
S 6 13 66
C 17 144 55
S 17 20 274
C 15 1 344
S 7 19 150
C 5 225 136
C 11 58 273
C 19 39 284
S 10 19 207
C 3 239 337
S 12 13 12
S 10 15 311
C 12 45 157
S 2 15 136
C 10 66 285
S 14 18 302
S 2 5 304
S 4 10 36
S 2 14 277
C 4 309 246
C 11 179 152
48
C 2 200 313
C 18 193 344
C 16 354 191
C 20 2 115
S 4 10 202
S 12 13 102
C 6 213 246
S 4 15 310
S 3 19 210
S 9 12 87
S 7 11 61
S 10 19 155
C 15 81 88
C 14 286 317
C 16 305 58
C 18 101 137
S 5 14 278
S 5 18 342
C 10 19 213
S 3 19 61
C 2 287 292
S 4 9 336
C 19 128 277
C 4 303 263
C 4 219 93
S 9 18 15
S 10 13 315
S 4 19 271
S 14 15 77
S 4 10 102
S 3 14 144
C 2 201 103
S 15 17 314
C 15 257 104
C 2 66 178
C 7 254 264
S 1 5 328
C 11 328 51
S 5 19 83
C 17 71 20
S 5 15 193
C 13 125 225
S 3 9 38
S 16 19 93
C 3 39 172
S 6 17 85
C 6 281 40
S 3 7 358
40
S 5 15 137
S 5 10 128
S 3 12 154
C 15 317 78
C 18 37 286
S 11 20 121
C 13 137 345
S 9 18 254
C 15 29 181
C 10 72 262
S 10 15 289
S 4 17 187
C 6 88 57
S 15 18 299
C 19 295 200
C 16 245 285
C 17 21 275
C 10 284 58
C 11 330 175
C 3 250 12
C 9 230 148
C 5 277 181
S 6 7 13
C 10 60 145
S 12 18 290
S 4 15 320
C 2 160 293
C 9 27 352
S 1 6 203
S 2 20 148
S 2 3 121
S 7 17 23
S 1 5 105
S 5 17 120
C 12 149 19
S 4 13 280
C 19 24 2
S 15 18 14
C 5 59 74
C 5 242 54
80
C 15 236 105
S 5 8 154
C 1 27 55
S 2 3 209
C 3 127 271
S 3 15 207
C 6 158 106
C 6 227 242
C 7 38 163
S 9 11 228
S 2 13 317
S 1 6 279
C 1 252 68
S 1 2 275
S 13 17 244
C 15 208 190
S 3 20 115
S 5 16 139
C 16 33 219
S 6 15 342
C 9 272 330
S 2 11 334
C 12 241 194
C 7 216 311
C 17 45 207
S 12 16 217
C 4 301 147
S 2 14 120
C 3 295 66
C 14 164 174
C 8 42 122
C 1 186 15
C 9 188 129
S 7 18 356
C 18 348 137
S 4 11 192
S 2 18 272
C 11 295 46
S 3 8 222
C 12 324 11
C 3 87 105
S 9 18 216
S 3 13 244
S 7 14 215
C 5 335 151
C 9 97 335
S 10 13 57
C 13 326 216
C 18 213 276
C 8 311 59
S 1 13 29
S 14 19 176
C 20 288 107
S 8 15 326
C 2 116 87
C 10 242 85
C 15 244 290
S 5 8 115
S 14 20 7
C 12 179 0
C 16 129 29
C 3 180 72
S 8 17 215
S 4 17 219
S 11 12 310
S 3 14 181
C 18 23 94
S 9 18 19
S 6 13 190
S 9 13 273
C 17 185 330
C 11 235 239
S 4 15 344
S 4 20 342
S 6 9 8
C 1 160 328
C 12 289 252
S 5 9 139
S 15 19 147
S 16 17 266
46
S 12 14 14
C 15 299 281
C 12 103 104
C 10 318 39
S 15 16 269
S 16 18 92
S 4 8 188
C 5 280 134
C 5 151 123
C 20 318 73
S 3 11 73
S 2 16 195
S 5 18 148
S 2 8 64
C 3 134 125
C 5 247 71
C 6 248 1
S 11 15 240
C 19 345 320
S 16 20 229
S 6 18 1
C 19 79 123
C 7 264 125
C 3 201 249
S 12 18 359
S 4 9 221
S 6 7 73
S 12 15 47
C 17 16 90
C 17 244 170
S 3 17 348
C 6 356 99
C 19 251 134
C 11 268 281
C 16 270 25
C 13 151 343
S 12 13 341
S 14 20 293
C 18 348 332
S 4 12 70
S 9 10 125
C 8 208 238
C 18 38 281
C 13 198 357
58
C 9 353 137
C 10 176 340
C 17 262 293
S 10 15 104
S 1 2 172
C 5 273 193
C 7 93 175
C 16 126 124
C 8 88 12
C 6 332 147
C 1 4 24
C 19 12 109
C 17 53 344
C 2 16 304
C 13 210 138
C 10 260 43
C 5 60 321
C 10 83 82
C 10 199 50
C 19 88 19
C 4 52 197
C 18 124 110
C 16 20 236
S 3 13 202
S 5 12 152
C 3 39 166
S 13 15 340
C 3 253 159
C 18 255 280
C 20 295 152
S 13 18 4
C 14 97 163
C 9 208 270
C 8 12 86
S 12 17 115
S 2 10 125
S 6 16 171
S 6 13 265
S 3 18 279
S 7 19 257
S 6 19 165
C 1 270 60
S 7 14 292
C 17 165 200
C 11 308 237
S 6 11 224
S 7 11 338
C 5 345 273
C 13 350 292
S 4 9 83
C 8 86 240
C 2 326 147
S 5 15 223
S 13 16 114
C 14 338 4
C 17 29 110
S 11 20 234
C 18 229 40
78
S 7 17 149
C 17 113 321
S 4 10 239
C 7 258 101
S 1 8 192
S 5 6 216
S 17 18 247
C 3 299 229
S 19 20 260
C 10 134 143
C 19 350 31
C 2 299 179
S 3 6 317
C 13 41 126
S 13 14 126
S 7 15 107
S 1 15 51
C 5 154 249
S 6 20 152
S 8 10 9
S 2 13 304
S 14 20 64
C 18 4 91
S 4 5 103
C 9 145 356
S 13 15 51
S 5 14 192
C 19 175 203
S 13 20 121
C 12 109 171
S 14 20 358
C 8 345 321
S 8 9 2
S 10 12 107
S 4 9 128
S 7 20 40
C 2 202 234
C 8 139 101
C 1 215 174
S 12 19 224
S 7 15 296
C 18 39 167
C 4 257 217
S 9 18 288
C 20 359 250
C 4 82 26
C 3 84 347
C 5 121 276
C 2 77 77
S 7 13 95
C 16 338 235
C 12 138 104
S 1 19 127
S 16 17 117
C 9 114 51
S 4 8 167
C 5 62 56
S 14 19 108
S 6 20 85
C 4 179 60
C 5 141 90
C 10 199 229
C 3 3 54
S 5 13 183
C 10 333 135
C 11 251 287
S 10 16 204
C 12 236 312
S 12 17 192
S 5 12 126
S 3 10 25
S 1 6 69
C 10 355 31
S 2 17 292
S 18 19 316
29
C 17 34 88
S 4 20 281
S 16 18 19
S 12 14 196
S 5 15 295
S 7 17 142
S 10 15 8
C 10 194 120
C 12 76 298
S 5 6 339
S 1 15 117
C 13 101 95
S 15 16 187
C 15 196 234
S 12 18 292
C 20 172 67
S 2 19 246
C 17 153 10
C 6 57 81
S 14 15 199
C 4 342 139
C 6 78 235
C 1 181 12
S 6 18 124
C 12 258 219
S 8 15 112
S 6 13 45
23
C 15 154 139
C 18 174 48
S 2 4 279
C 13 350 298
S 2 6 200
S 9 19 217
C 2 345 354
C 13 33 140
S 9 20 30
C 11 14 122
C 12 262 146
S 5 14 115
C 11 353 331
S 10 16 304
S 16 18 4
C 1 171 69
C 1 178 1
S 3 5 236
C 11 202 159
S 5 20 140
C 1 282 157
C 4 85 345
C 9 264 253
3
S 4 8 51
C 18 351 135
C 13 249 324
63
C 11 54 312
S 4 19 245
C 16 232 217
S 10 18 94
S 2 12 327
C 5 282 287
C 9 149 161
C 1 282 46
S 2 10 148
S 6 8 351
S 5 19 35
C 12 17 184
C 2 153 73
S 3 5 266
S 11 13 165
S 2 18 55
C 15 190 9
C 19 341 50
C 8 214 90
S 2 8 259
C 9 356 25
S 3 16 73
S 10 18 349
C 20 141 308
C 9 324 45
C 7 322 30
S 3 17 10
S 4 19 320
S 5 11 21
C 19 314 123
C 14 285 82
C 2 160 119
C 16 195 290
C 12 15 196
C 2 107 151
S 18 19 67
S 16 20 295
S 4 10 145
C 7 334 273
S 7 18 255
C 3 197 54
C 20 208 93
S 2 17 39
S 2 9 339
S 5 11 169
C 9 303 282
S 4 15 347
S 1 6 282
S 4 19 273
C 17 62 254
S 15 16 89
C 8 290 113
C 4 74 117
C 20 131 243
C 11 2 15
S 3 18 43
S 9 16 136
S 3 14 306
C 2 231 247
95
C 8 159 68
S 5 7 194
C 10 288 358
C 16 83 19
C 17 51 270
C 14 270 232
C 5 237 309
C 12 46 278
S 8 17 212
C 5 41 312
S 6 17 58
C 14 126 166
S 12 14 189
S 5 11 251
C 7 79 350
S 1 15 166
C 5 146 216
C 19 97 77
C 8 307 220
C 2 271 215
C 11 150 150
C 1 349 194
S 11 13 243
S 2 11 226
S 1 5 150
C 18 206 56
C 9 10 73
C 8 11 260
S 1 16 179
C 11 171 304
C 13 96 106
C 9 99 192
S 3 18 94
S 2 19 197
S 1 15 0
S 12 15 33
C 1 274 160
S 3 13 237
C 5 236 23
C 15 39 95
C 11 97 128
C 10 238 57
C 14 229 0
S 9 18 37
C 11 168 161
C 13 167 181
S 10 14 115
S 12 17 245
S 11 14 241
S 10 17 162
S 8 16 31
C 3 289 323
S 2 4 110
C 15 38 148
C 16 157 273
C 3 310 263
C 6 169 353
C 9 8 160
S 5 13 167
S 3 16 326
S 9 12 75
S 11 20 328
C 2 230 196
S 16 17 114
C 19 342 211
S 12 19 242
S 17 18 27
C 16 6 155
C 1 302 265
S 9 16 112
C 7 219 109
C 8 220 310
S 1 6 282
S 7 8 29
S 1 12 200
C 10 166 275
C 12 47 149
C 20 114 222
C 18 332 221
C 1 23 85
C 12 181 345
C 19 229 273
C 20 41 121
S 3 5 224
S 2 6 186
S 12 15 152
C 16 216 236
C 14 101 248
S 12 15 270
C 20 213 300
S 16 17 197
S 2 6 248
S 1 6 55
S 13 19 168
C 2 204 112
89
S 1 7 142
C 16 344 241
S 13 17 104
S 10 18 87
S 10 14 300
C 10 294 55
C 20 98 211
C 5 129 321
S 4 12 83
S 5 8 359
C 13 9 246
C 17 346 70
C 8 251 43
C 12 244 192
S 6 9 39
S 8 13 330
S 4 7 135
C 16 40 256
S 3 15 107
C 6 240 271
S 6 7 84
C 7 175 298
S 7 16 189
C 11 206 246
S 12 13 283
S 11 12 150
S 5 13 124
C 5 186 267
S 16 19 100
S 5 13 310
C 13 215 22
C 4 10 193
S 2 16 38
S 2 5 175
C 4 165 66
C 16 157 1
S 13 15 260
C 13 309 155
C 20 233 255
S 19 20 348
C 6 331 262
S 4 14 263
S 16 20 241
C 1 36 177
C 10 258 215
S 6 15 339
S 18 19 33
C 1 86 249
C 18 329 173
C 13 62 119
S 7 8 36
S 5 6 49
S 9 13 279
S 6 10 161
S 5 9 232
C 15 23 89
C 8 196 170
S 9 12 45
S 2 9 96
C 14 204 49
S 6 7 255
S 1 11 49
C 4 319 72
S 1 9 173
S 3 8 269
S 14 16 151
C 13 308 248
S 8 16 106
C 16 210 302
C 1 171 354
S 10 11 72
S 10 11 228
S 4 8 140
S 10 17 17
C 9 26 163
C 11 102 5
C 9 276 340
C 15 73 157
S 11 19 70
S 11 20 73
C 4 30 176
C 18 87 252
S 3 8 140
S 1 10 132
S 5 6 293
S 8 10 178
S 6 20 142
S 13 19 314
S 3 6 211
37
C 8 177 314
S 7 18 333
C 18 247 352
C 14 251 144
C 6 348 304
C 1 86 271
C 2 259 202
C 8 345 140
S 7 13 131
S 2 7 265
C 14 296 260
S 6 9 278
C 1 150 247
S 8 20 210
C 11 261 201
S 4 15 217
C 15 328 41
C 10 249 155
S 6 7 69
S 9 15 16
S 6 11 340
S 3 18 51
S 8 15 193
S 3 19 331
C 20 61 140
S 1 6 357
S 3 11 267
C 1 123 188
S 6 18 343
C 1 15 252
C 4 207 65
C 6 263 300
C 13 85 52
C 8 267 32
S 8 17 101
16
C 8 192 277
C 11 51 193
C 12 157 267
C 15 106 358
C 1 241 29
S 8 14 71
C 1 355 34
S 1 10 54
C 4 313 254
S 8 18 214
C 3 358 328
C 16 282 80
C 6 327 155
C 20 255 66
S 10 17 131
C 2 305 232
87
S 2 18 333
S 5 11 353
C 5 240 300
S 4 16 35
S 4 14 253
S 11 18 251
C 5 51 295
C 20 100 44
S 11 20 194
C 14 139 271
C 8 204 131
S 4 16 227
S 1 17 140
C 10 205 162
C 19 35 21
C 14 277 44
S 9 14 343
S 13 19 20
C 13 68 234
C 7 126 243
S 8 11 134
C 14 293 272
C 15 255 247
S 6 9 79
C 5 176 224
C 6 67 175
S 3 17 212
S 9 19 275
C 15 327 179
S 1 12 151
C 11 11 359
S 10 19 279
C 9 221 105
S 10 16 99
C 14 99 344
C 2 206 242
S 4 8 318
S 7 14 97
C 5 191 123
C 19 263 338
S 2 19 274
C 10 114 314
S 12 15 268
C 17 115 119
S 4 8 200
S 10 16 64
C 16 113 125
C 13 220 164
C 13 253 111
C 14 93 278
S 1 10 350
C 7 136 277
C 7 237 295
C 16 276 160
C 15 287 190
S 5 7 40
S 6 8 185
C 8 358 65
C 18 80 202
S 8 13 87
C 7 38 94
S 12 19 189
S 3 7 192
C 5 287 121
C 17 159 185
C 3 245 226
S 13 16 115
S 4 14 83
S 4 8 213
C 7 159 181
S 6 17 175
S 7 12 208
C 11 310 127
S 1 9 236
S 10 18 105
S 1 11 253
C 2 72 217
C 2 112 97
C 10 146 343
S 5 10 227
C 11 98 123
C 16 198 182
S 4 11 58
C 4 216 91
26
S 17 19 196
C 14 245 63
S 6 8 2
S 2 14 136
C 6 133 311
C 12 131 160
S 5 16 294
S 4 8 222
C 20 205 123
S 7 20 258
S 5 20 50
C 8 172 28
S 12 20 234
S 2 19 343
S 1 14 247
S 3 20 30
C 6 222 86
C 3 151 222
C 10 264 76
C 5 151 161
C 3 94 125
S 4 7 207
S 7 16 110
S 2 9 234
C 2 173 238
37
C 3 229 64
S 12 16 25
S 5 7 14
C 15 47 190
S 6 12 168
C 19 162 8
S 1 13 150
C 18 311 323
C 2 276 6
C 18 105 121
C 17 357 137
S 12 20 103
S 1 10 125
S 2 15 267
S 2 6 135
C 16 225 208
C 2 21 33
C 10 345 123
S 1 14 30
C 8 285 82
S 1 3 158
C 10 70 96
S 9 14 233
S 7 12 22
S 4 9 221
S 4 20 168
S 11 12 51
S 5 15 347
S 12 18 353
S 18 19 250
C 1 280 28
C 12 174 200
C 3 9 226
S 9 19 202
S 6 19 127
S 10 16 188
S 12 13 141
94
S 7 12 299
S 1 3 204
S 6 13 222
C 19 149 235
S 8 17 17
C 14 113 65
C 20 192 183
C 11 22 41
C 11 90 265
C 4 238 173
S 15 17 101
C 8 166 112
C 20 302 160
C 8 151 79
S 9 15 164
S 7 9 201
S 7 9 88
S 19 20 168
S 2 14 151
S 15 18 76
S 8 12 104
S 12 20 135
C 5 24 211
S 9 14 233
C 2 156 49
C 12 143 44
S 1 5 135
S 1 10 356
S 8 11 326
S 2 6 315
S 9 18 95
S 4 13 248
C 19 6 32
C 10 175 302
S 2 3 162
C 17 355 181
S 5 6 146
C 15 330 6
C 10 265 203
C 13 282 113
S 3 19 140
C 5 315 105
C 4 289 170
S 4 14 328
S 4 17 152
C 2 325 340
C 4 344 170
S 4 7 308
C 14 175 165
C 11 30 276
C 14 304 135
C 3 255 92
S 4 19 150
S 5 20 179
S 1 14 117
S 2 15 86
S 6 8 40
S 4 6 102
C 19 194 10
S 3 10 356
C 19 80 263
C 14 267 163
C 16 240 157
S 7 20 81
C 15 292 112
C 4 10 339
S 5 18 185
C 10 341 164
S 13 19 194
S 16 17 146
C 2 305 46
C 8 327 78
S 19 20 101
S 3 5 260
C 17 253 275
S 3 5 109
C 1 342 316
S 8 13 66
S 4 8 244
C 2 116 231
S 11 12 281
S 9 12 229
C 13 276 334
S 8 11 5
S 6 12 316
S 3 17 263
S 4 12 226
C 15 356 74
C 6 120 99
S 2 10 39
S 3 6 3
98
C 19 293 188
C 4 236 286
C 8 324 298
S 2 4 228
S 13 17 330
S 1 12 231
S 5 19 299
S 6 7 317
C 18 211 202
C 20 194 194
S 4 6 309
S 11 13 169
S 10 19 330
S 5 11 228
S 6 13 203
C 14 206 139
S 2 5 157
C 3 256 342
S 6 20 84
S 2 10 87
S 5 10 109
S 6 9 155
C 14 40 97
C 3 116 114
S 6 18 28
S 4 10 284
C 15 105 258
S 17 20 223
S 14 20 158
C 19 99 340
C 17 316 186
C 2 22 155
C 1 6 59
S 15 18 88
C 11 343 359
S 2 7 40
S 2 19 55
C 1 196 163
S 17 18 90
S 14 20 338
S 10 18 71
S 4 16 15
S 2 9 197
C 19 250 189
S 3 4 66
S 3 4 286
C 14 217 256
C 16 312 220
C 5 289 109
S 2 19 167
C 2 290 348
S 3 8 231
S 8 20 118
C 6 325 144
C 5 265 90
C 1 53 124
C 10 290 310
C 14 259 115
S 3 19 266
S 18 20 89
C 5 106 108
C 8 211 210
S 1 17 308
C 14 212 184
C 15 301 286
S 1 6 296
S 1 20 141
S 2 15 10
C 20 61 276
C 18 174 49
S 6 15 270
C 7 193 28
C 20 206 263
S 3 16 95
S 1 17 118
C 2 282 211
S 2 20 324
C 14 271 110
S 1 12 315
C 8 34 25
S 7 11 31
C 1 198 287
C 7 305 22
S 15 17 285
S 4 19 319
C 4 154 326
C 18 234 256
C 14 208 296
S 1 12 128
C 7 180 83
S 2 20 60
C 15 169 342
C 10 189 306
S 15 17 72
S 6 14 99
S 16 18 266
98
S 6 15 137
S 5 20 172
S 10 15 326
C 16 64 307
C 15 258 189
C 7 23 174
S 3 9 220
S 7 9 319
C 4 125 256
C 4 185 93
S 8 15 35
C 15 232 251
C 18 345 294
S 1 18 170
S 5 18 91
S 16 17 350
S 3 14 133
C 17 200 51
C 6 224 55
C 11 139 279
C 18 353 62
C 19 115 183
C 4 340 331
C 2 358 153
C 4 51 211
C 9 298 180
C 1 281 318
C 5 124 339
S 8 13 255
S 10 14 302
C 3 211 173
S 3 20 316
S 5 10 225
S 7 10 267
C 20 309 292
S 7 9 33
C 10 105 64
C 5 201 210
C 4 115 288
S 3 13 146
C 18 181 98
C 11 21 116
S 11 12 214
S 10 16 105
C 11 79 229
C 18 176 78
C 12 282 237
S 11 18 260
S 2 7 224
S 7 11 116
C 17 115 172
S 11 19 1
S 5 16 56
S 1 5 294
C 16 7 311
S 15 19 85
S 3 9 204
S 13 14 212
C 10 286 228
C 18 150 342
C 18 343 76
S 3 9 117
C 6 208 200
C 16 87 180
C 20 285 157
S 14 17 179
C 11 9 88
C 8 1 193
S 13 15 322
C 11 154 213
S 3 19 104
S 7 12 27
C 5 206 331
S 5 8 189
S 13 16 124
S 9 17 237
C 20 186 179
S 10 11 47
C 17 357 334
S 4 15 69
C 6 290 163
C 20 337 309
C 7 214 309
C 3 287 297
C 19 51 85
S 3 16 207
C 11 274 202
C 8 226 204
C 3 187 100
C 14 352 262
C 19 226 39
C 18 334 142
S 10 20 187
67
C 19 88 320
S 2 13 4
S 4 18 162
S 11 14 81
S 3 4 324
S 1 16 82
C 12 229 128
C 17 114 120
C 11 245 256
S 3 10 177
C 20 179 74
C 10 209 22
S 13 16 116
C 4 359 193
C 4 286 220
C 14 176 68
S 3 10 280
C 14 21 347
S 10 12 177
C 11 271 197
S 8 17 344
C 9 246 294
S 2 5 268
C 6 46 51
C 18 226 349
S 5 12 184
S 5 13 137
S 9 12 193
S 6 8 281
C 8 267 41
C 5 328 333
S 9 11 112
S 2 8 111
S 5 11 225
S 17 19 72
S 10 20 175
S 11 18 27
S 10 12 157
S 9 19 43
C 4 350 184
C 15 170 17
S 1 14 320
S 1 18 142
C 7 57 110
C 10 85 240
C 5 180 39
S 4 20 258
S 4 12 343
C 11 127 328
C 2 30 282
C 11 35 283
C 6 291 298
S 13 19 202
C 7 74 14
C 8 167 58
C 19 334 159
C 15 115 271
S 2 8 51
C 18 285 152
S 5 10 196
C 8 228 302
C 12 61 269
C 12 199 237
S 13 18 215
31
S 15 16 175
C 16 97 50
S 8 11 105
C 15 97 50
C 2 315 66
C 12 85 309
S 12 14 61
C 11 224 112
C 11 55 338
C 5 112 182
C 13 185 193
C 5 336 138
S 2 5 160
S 7 11 22
S 1 2 260
S 11 19 84
C 15 4 199
S 1 13 246
C 2 215 347
C 6 294 299
S 8 13 286
S 16 18 199
C 1 6 150
C 2 100 133
S 15 19 351
C 2 311 159
C 20 227 236
S 2 18 184
S 5 17 125
S 1 6 216
S 3 13 354
76
C 7 344 16
S 15 20 45
S 1 15 278
S 3 4 56
S 8 20 4
C 12 72 170
S 6 17 167
C 14 283 321
C 15 26 92
C 7 152 146
S 5 19 71
S 8 11 287
S 9 19 67
C 8 71 65
C 2 129 358
S 7 14 225
C 4 316 36
S 1 15 285
S 2 6 283
C 4 299 331
S 6 9 19
C 6 294 177
S 2 14 215
C 3 245 346
S 14 17 311
C 5 177 265
S 3 9 114
S 2 15 288
C 3 65 166
S 13 17 192
S 1 4 80
C 1 186 77
C 19 284 286
S 5 10 304
C 19 182 303
C 20 329 208
C 5 110 299
C 20 351 297
C 7 150 184
S 4 18 95
S 11 17 345
C 9 62 217
S 10 17 262
C 17 262 232
C 11 173 343
S 4 6 20
C 3 68 204
C 8 243 229
S 7 19 306
C 14 299 32
C 2 169 223
S 6 7 26
C 9 2 351
C 9 110 309
S 5 16 4
S 17 20 313
S 4 17 298
C 17 305 250
S 7 11 286
C 14 147 5
C 17 336 231
S 11 14 308
S 3 10 196
C 5 98 12
C 16 132 358
C 19 347 242
C 13 267 33
C 6 94 298
C 20 352 290
S 5 9 121
S 1 14 316
S 6 20 170
S 10 14 132
C 15 2 274
S 19 20 111
54
S 9 17 37
S 5 14 294
S 1 3 265
S 11 13 27
S 4 5 42
C 19 317 319
C 8 90 164
C 19 310 247
S 5 15 39
S 7 9 70
S 2 9 216
S 1 3 175
C 15 52 266
S 4 13 171
S 16 18 265
S 6 16 345
C 14 6 213
C 8 198 337
C 16 171 341
S 4 5 238
C 4 16 128
S 11 14 358
C 3 257 117
C 5 54 358
C 9 240 244
S 16 17 58
S 6 9 337
C 20 3 312
S 1 20 166
S 6 15 2
C 7 7 307
C 6 274 199
C 20 307 23
S 6 17 350
C 16 275 309
C 15 211 189
S 4 20 318
S 9 16 153
S 1 20 325
C 15 185 294
C 13 106 82
C 8 87 203
C 9 192 50
C 17 196 330
C 5 160 262
C 20 330 174
C 19 153 25
C 1 329 165
C 18 221 78
S 15 17 287
C 18 278 151
C 6 112 322
S 3 17 23
C 12 79 71
76
C 8 332 291
S 1 11 287
C 13 310 168
C 4 263 318
C 8 214 250
C 11 342 83
C 4 69 4
C 9 116 174
C 4 167 162
C 14 312 319
S 14 15 296
C 20 206 0
S 4 11 334
C 9 40 256
S 14 19 269
C 18 229 75
C 12 183 69
C 13 319 292
C 11 141 300
S 17 18 233
C 16 330 21
C 13 260 7
S 9 20 210
C 16 74 73
C 14 82 276
S 8 14 41
S 16 19 294
C 20 293 12
C 13 325 169
S 3 15 265
C 6 147 52
S 5 18 350
S 3 17 38
C 8 340 282
C 5 76 85
C 18 307 343
S 11 20 241
S 1 18 180
C 16 289 320
C 12 319 205
S 1 20 202
C 13 34 122
S 8 12 297
C 2 147 128
S 7 16 136
S 9 15 337
S 1 6 160
C 11 34 157
C 9 61 24
C 19 325 183
S 8 20 127
C 8 255 105
C 8 219 198
C 11 114 249
C 17 228 58
S 3 15 9
S 9 10 138
S 11 12 191
S 7 16 155
S 14 20 48
S 4 14 5
C 3 41 281
C 17 207 139
C 13 90 315
S 4 19 349
C 11 107 266
C 1 165 256
C 4 93 4
S 3 13 354
C 11 16 41
S 7 16 238
C 7 242 168
C 1 280 248
C 19 83 255
S 1 2 41
C 3 245 91
95
S 11 14 330
C 5 99 269
C 19 159 357
S 8 14 86
C 17 226 225
C 9 84 201
S 5 17 310
C 7 235 97
C 10 238 100
C 10 294 108
C 5 95 186
C 10 130 222
C 12 210 292
C 7 302 91
S 14 18 265
C 19 50 141
C 13 328 334
S 6 10 221
S 18 20 79
S 5 16 238
S 4 19 256
S 9 19 149
S 12 13 167
S 8 9 167
S 11 20 324
S 8 16 138
S 6 7 16
C 18 42 44
S 5 16 270
C 8 290 133
C 2 119 242
S 8 19 130
S 4 12 347
S 6 20 211
S 9 19 341
C 4 264 51
C 17 143 272
C 8 248 20
C 12 6 154
S 1 3 334
C 17 19 186
S 12 14 218
S 11 14 243
S 1 18 51
C 10 18 336
S 4 5 71
C 7 356 128
S 3 14 191
S 8 9 176
C 4 75 138
S 14 18 99
S 1 2 4
S 5 11 92
C 3 315 134
S 17 19 190
S 16 19 258
C 6 143 285
S 18 20 322
C 20 319 80
C 2 141 20
S 13 16 133
S 16 20 137
S 8 12 123
C 6 124 63
S 7 17 229
S 3 17 0
S 9 11 232
S 1 15 14
S 14 18 10
C 8 76 350
S 7 19 225
C 11 236 200
C 2 89 357
C 12 10 26
S 9 20 67
C 13 237 29
S 10 14 327
S 3 20 311
C 17 101 179
S 6 9 327
S 4 15 238
C 14 301 281
S 9 19 184
S 4 6 114
S 2 8 306
S 3 7 85
S 12 17 295
S 11 14 203
S 4 11 237
C 9 25 158
18
C 17 154 325
C 3 300 150
C 17 321 246
S 15 19 262
S 10 17 306
S 9 19 164
C 16 201 121
C 18 347 340
C 20 39 344
C 9 257 156
S 10 17 224
C 4 258 293
C 3 59 188
S 3 7 241
S 6 9 337
C 1 91 256
C 2 293 154
60
C 10 151 191
S 1 2 347
S 2 20 300
S 5 13 335
C 19 260 320
S 1 13 231
S 6 19 26
S 9 10 247
S 16 18 251
C 14 52 204
S 5 6 183
C 15 319 28
S 7 15 343
C 14 250 220
C 2 80 350
C 10 344 98
S 10 20 201
C 20 202 68
S 10 17 29
C 12 298 134
S 13 20 1
S 10 11 239
S 7 14 119
C 8 197 94
S 3 19 293
S 14 20 329
S 10 17 223
S 13 16 99
S 9 10 114
C 17 304 57
C 16 107 271
C 4 8 307
S 2 3 282
S 15 18 222
C 4 28 181
S 9 17 52
C 18 7 67
C 3 335 228
C 6 39 4
C 14 91 175
C 5 176 350
S 7 18 234
S 10 11 13
C 4 261 210
S 4 11 165
C 5 256 106
C 4 239 51
S 14 20 193
C 14 313 82
C 9 148 53
C 12 268 24
C 15 191 311
S 13 18 50
C 1 90 355
C 1 300 125
S 8 11 231
72
S 1 18 9
S 6 10 92
C 18 169 340
S 8 18 194
S 11 19 335
C 18 112 176
C 18 17 326
S 8 17 138
S 9 14 133
C 11 227 30
S 3 8 225
C 3 133 202
C 11 128 196
S 4 15 132
C 11 123 6
S 16 19 344
S 3 15 14
S 14 20 59
C 11 12 182
S 10 12 149
S 18 20 70
S 9 14 157
S 4 13 263
C 16 62 114
C 12 19 246
S 7 11 2
C 4 269 23
S 18 20 115
C 17 332 28
C 9 3 86
S 11 18 204
S 12 15 48
S 12 17 287
S 6 10 82
C 13 279 341
C 1 155 114
S 9 13 226
S 18 20 300
S 1 10 120
S 12 18 46
C 3 59 134
C 14 208 109
C 4 150 321
C 6 239 39
S 7 9 334
S 7 9 109
S 12 14 101
S 16 19 123
C 5 88 150
C 20 172 35
S 2 8 344
S 15 17 258
S 3 9 116
S 12 15 265
S 9 13 35
S 5 12 71
C 2 345 149
C 14 2 176
C 7 342 276
C 7 291 330
S 6 11 129
S 3 19 14
C 9 35 99
S 4 15 9
S 10 11 200
S 10 19 113
C 12 250 303
S 1 2 238
C 1 301 132
C 16 81 117
C 13 43 256
19
S 1 18 148
C 3 249 169
C 6 258 136
C 9 116 288
S 1 4 311
C 4 133 272
C 15 38 121
S 3 16 41
C 7 191 280
S 14 15 156
S 2 10 17
C 18 155 300
S 5 20 54
C 9 335 263
C 3 188 18
C 15 184 219
C 10 327 173
C 8 20 39
S 5 16 193
87
C 4 11 42
C 4 346 70
C 4 268 286
C 3 50 343
C 2 158 1
C 12 240 207
C 4 345 349
S 5 13 161
C 10 3 201
C 8 214 270
S 13 14 8
C 2 36 285
S 19 20 81
S 1 7 172
S 2 4 260
S 9 10 200
S 3 17 67
S 2 18 46
C 4 219 50
S 8 11 39
C 15 244 117
C 18 120 226
C 20 27 235
C 16 31 279
S 12 16 214
C 10 199 186
S 3 5 184
C 11 247 250
C 7 91 185
S 6 9 68
S 17 19 31
S 1 8 338
C 10 11 14
C 15 235 233
S 8 18 252
S 16 18 137
S 11 12 17
C 17 266 69
S 15 19 178
S 14 15 281
S 9 17 16
S 1 18 155
S 12 17 82
S 5 19 110
C 15 276 191
C 13 188 110
C 4 313 241
S 1 12 229
C 16 229 118
S 4 7 345
C 7 22 85
C 12 346 205
C 9 328 301
S 1 11 206
S 4 10 234
S 10 20 350
S 1 8 130
C 8 171 197
S 8 11 85
S 5 17 300
C 10 122 195
C 1 43 236
S 1 19 239
S 10 17 124
C 12 276 165
S 9 16 260
S 2 17 22
C 1 104 187
S 4 5 347
C 12 39 346
S 13 18 128
S 17 18 233
C 4 194 225
S 4 15 221
C 2 330 70
S 8 12 204
S 3 4 190
C 13 189 247
C 13 321 36
C 15 151 208
C 14 31 159
S 2 3 56
S 2 18 279
S 1 19 116
C 18 194 171
2
S 7 11 317
C 2 260 161
57
S 12 17 19
S 9 16 287
C 1 236 0
C 12 285 219
S 16 17 229
C 9 289 332
C 8 4 261
S 18 19 237
S 13 15 267
C 11 75 278
S 2 18 45
S 6 17 125
S 8 9 9
S 13 18 81
C 4 159 300
S 14 16 323
C 4 21 27
C 16 17 231
C 9 316 182
C 8 347 176
C 11 289 11
S 9 16 156
C 9 217 91
S 9 15 237
S 8 19 188
S 16 19 136
C 7 182 172
S 6 15 123
C 14 76 33
C 3 44 142
S 5 9 232
C 7 338 0
C 7 169 301
C 19 35 346
S 4 18 187
C 5 111 343
C 16 330 24
S 17 19 159
S 5 12 219
C 20 190 86
C 11 156 319
S 11 18 37
S 3 11 275
S 2 15 2
C 11 60 268
C 13 254 253
S 6 19 346
S 1 4 133
C 11 219 94
S 4 12 163
S 14 15 277
C 5 181 357
S 3 20 206
C 14 23 101
S 6 11 270
19
C 12 201 357
C 5 13 291
C 19 281 161
S 8 11 24
S 14 17 40
C 15 359 59
C 5 313 223
C 16 1 341
C 17 274 99
C 10 69 174
C 7 241 237
S 15 20 192
S 4 17 359
C 2 356 136
C 20 30 272
S 11 19 69
C 15 162 282
S 7 17 268
44
S 2 9 37
S 3 18 88
S 11 15 281
S 12 15 33
S 3 12 177
S 6 20 240
S 3 7 107
C 17 356 265
S 10 18 190
C 11 262 284
C 15 325 74
S 4 9 228
C 10 83 145
C 11 286 63
S 4 7 40
S 7 11 218
C 9 306 132
S 13 18 221
C 5 170 269
S 2 10 76
S 16 17 157
C 20 325 268
C 14 108 205
C 9 295 159
S 1 6 54
C 9 318 175
C 17 140 307
C 17 322 205
C 13 265 217
S 3 19 279
C 9 245 148
C 15 77 171
C 16 140 12
S 5 17 346
S 4 13 191
S 4 12 126
S 1 17 311
S 4 10 161
S 17 19 230
S 16 20 280
S 9 14 345
C 5 326 164
C 4 91 141
69
S 4 9 175
C 19 337 320
S 6 19 148
C 3 354 353
C 20 241 11
S 4 14 127
S 7 18 335
S 2 13 339
C 9 295 153
C 14 148 183
S 10 15 317
C 14 226 185
C 6 65 241
C 14 159 175
C 19 52 29
S 11 17 288
S 15 16 207
S 4 11 216
S 2 16 100
C 14 116 217
C 17 177 60
C 12 134 53
C 7 68 286
C 3 206 73
C 11 270 80
S 10 14 263
S 8 15 60
C 11 150 146
S 3 18 321
C 9 186 240
C 18 221 270
S 1 13 177
C 3 290 322
S 8 20 82
C 15 322 187
C 20 107 207
C 7 153 104
S 8 14 81
C 13 302 240
S 1 4 304
S 4 16 309
S 12 20 17
S 1 12 290
C 1 347 154
S 5 14 59
S 4 8 60
C 18 356 267
S 5 6 23
S 1 13 280
S 4 12 177
C 1 6 138
C 17 32 303
C 17 325 270
C 4 127 26
C 19 167 18
S 6 10 56
C 4 202 42
C 10 77 281
C 16 244 343
C 5 339 65
C 6 141 225
C 3 331 185
C 7 274 156
C 14 223 239
C 11 165 160
S 1 15 241
C 6 141 63
C 2 357 29
C 9 274 171
66
C 9 191 13
C 14 296 356
C 14 306 221
C 17 222 249
C 18 17 346
C 6 83 244
C 3 98 103
S 4 8 25
C 9 82 40
S 10 13 58
C 19 287 326
S 4 18 105
S 13 14 193
S 11 20 67
C 7 307 98
S 5 19 276
C 1 39 123
S 4 13 309
S 3 11 122
C 17 130 10
S 10 19 21
C 19 202 68
C 13 46 188
S 4 7 232
C 13 268 130
C 8 142 111
S 3 20 194
S 15 18 315
S 1 4 108
S 7 18 215
S 6 19 174
S 7 15 84
C 14 175 162
C 13 332 26
C 20 23 158
S 10 20 61
S 1 9 316
C 12 340 144
S 5 18 194
S 1 17 152
C 6 173 177
S 16 18 59
S 2 14 243
C 15 335 297
C 1 262 234
C 4 193 337
C 4 289 315
S 11 20 319
C 4 119 55
C 4 203 287
C 19 56 322
C 18 176 358
C 6 92 354
C 11 105 321
C 20 74 6
C 5 80 19
S 14 20 351
C 15 253 218
C 5 60 22
S 6 11 76
S 2 17 232
C 3 228 1
C 2 2 137
C 5 249 180
S 2 3 285
S 6 7 243
75
C 8 238 51
C 13 169 252
C 16 14 104
S 6 18 199
C 12 60 185
C 6 65 161
S 10 20 160
S 14 20 291
S 7 14 318
S 8 11 259
C 2 266 49
S 13 18 148
C 10 38 0
C 17 317 186
C 4 89 198
S 3 7 114
S 5 6 91
C 9 141 221
C 10 62 246
C 7 33 130
S 12 14 260
S 11 20 227
C 10 202 112
S 3 17 197
S 1 20 212
C 16 203 347
C 6 129 67
S 16 19 28
C 16 138 56
C 19 263 203
S 5 10 319
S 6 15 290
S 6 10 33
C 19 316 16
S 4 7 85
C 3 352 80
S 10 13 210
C 5 147 292
S 15 18 42
C 19 9 149
C 9 229 20
S 1 16 285
C 15 84 196
C 18 226 11
S 3 6 194
S 9 20 159
C 2 12 77
C 13 42 321
S 7 11 89
S 10 12 165
S 2 9 276
S 1 13 252
C 20 119 154
C 5 250 14
C 19 72 44
S 2 6 353
C 7 258 336
S 9 13 159
C 12 264 348
S 5 16 142
S 4 8 232
C 8 80 163
C 13 287 345
C 19 105 121
C 3 89 287
C 14 13 190
S 3 13 249
S 1 19 336
C 4 349 329
S 6 16 126
S 9 11 196
C 10 62 309
80
C 20 340 228
S 8 9 84
S 7 14 103
S 15 17 127
S 7 14 148
C 10 322 332
S 5 15 216
C 5 239 188
C 7 1 87
S 7 19 255
S 3 20 276
C 7 221 347
C 10 133 90
S 16 20 342
C 6 98 53
C 11 340 306
S 2 5 67
S 8 16 303
S 6 15 165
C 16 269 10
S 1 8 296
C 1 303 75
C 13 121 147
C 18 194 169
C 8 274 255
S 7 20 248
S 1 9 183
S 9 20 46
S 12 15 318
S 16 18 100
C 10 145 185
S 3 11 282
S 1 7 184
C 13 29 64
C 12 252 138
C 3 9 248
S 7 9 115
S 19 20 250
S 12 19 188
S 17 18 290
S 5 14 150
S 12 16 90
S 1 10 42
C 5 269 42
C 15 318 95
C 3 101 172
C 14 349 118
C 1 346 332
S 18 20 86
S 6 14 335
C 15 242 320
C 11 15 43
C 9 194 91
S 5 6 28
S 6 15 20
S 15 16 272
S 9 12 292
C 10 298 233
C 18 282 209
S 4 17 59
C 4 270 241
S 10 11 105
C 14 126 158
C 20 227 13
S 6 15 121
S 7 19 344
S 1 8 52
C 16 60 60
C 12 75 168
C 18 294 105
S 14 17 43
S 4 20 350
S 1 6 291
C 14 38 91
C 8 24 290
C 7 179 288
S 1 2 43
C 17 276 281
C 2 135 27
86
S 12 20 311
C 2 134 356
C 20 41 229
S 7 20 313
S 15 19 96
C 18 229 147
S 8 11 182
S 11 17 323
S 4 7 241
C 2 246 322
C 6 183 165
S 4 6 219
C 20 211 294
S 11 19 261
C 13 296 334
C 5 144 278
C 18 295 201
C 15 250 3
S 2 16 150
S 14 17 341
S 3 4 312
C 20 126 192
S 2 18 14
C 12 161 72
C 18 256 122
C 20 44 343
S 11 15 51
C 20 152 121
S 3 19 349
C 13 125 174
C 2 82 82
S 4 8 294
S 2 3 88
C 12 130 129
C 14 111 75
C 14 325 158
C 18 298 199
C 16 211 126
S 5 18 102
C 19 332 184
S 5 11 123
C 14 37 286
C 17 101 117
C 14 4 186
S 8 11 271
C 3 176 260
S 1 15 16
S 12 20 168
C 2 54 17
S 10 19 79
C 11 62 23
S 7 14 27
S 2 20 14
C 16 350 255
C 14 102 278
C 8 257 135
S 2 19 194
C 15 253 143
S 3 14 48
C 5 137 8
C 10 98 18
S 10 18 303
S 4 15 74
C 5 43 302
S 16 17 327
S 8 20 299
C 20 255 305
S 3 8 49
C 5 151 48
C 19 196 258
C 1 328 214
C 20 151 36
C 20 240 248
C 5 170 99
S 9 20 33
S 4 15 66
C 8 99 275
C 15 203 190
C 2 128 91
S 8 19 253
C 16 206 104
S 6 13 314
C 6 347 270
C 7 245 43
19
S 2 15 257
S 2 8 260
C 18 277 144
S 9 15 2
C 19 285 123
C 18 67 265
C 4 258 114
C 17 221 258
C 1 152 166
C 18 43 310
C 2 322 169
C 12 43 57
C 8 8 327
C 18 79 197
C 3 313 280
C 9 323 350
C 16 104 305
C 16 159 245
S 7 13 331
97
C 20 40 351
C 8 151 224
S 6 19 36
S 1 4 207
S 2 19 270
C 20 187 34
S 2 12 64
C 5 177 191
S 15 20 247
C 15 36 86
S 16 18 141
C 11 118 13
C 7 137 198
S 3 13 44
S 4 9 311
S 3 5 218
C 12 107 245
C 14 131 351
C 17 199 8
C 13 4 316
S 3 15 184
C 10 240 126
C 12 256 58
S 6 16 216
C 15 332 189
C 15 251 86
S 4 20 245
C 4 94 290
S 1 15 340
S 10 19 217
C 2 17 239
S 1 19 139
C 3 258 305
S 12 15 113
C 17 301 12
S 6 16 18
C 2 30 149
S 1 20 196
C 4 147 300
C 10 320 196
S 2 8 308
S 3 9 333
C 12 163 211
S 14 16 234
S 8 12 146
S 2 3 47
C 4 253 325
C 11 295 178
C 15 165 35
C 19 149 105
C 5 60 101
S 2 8 139
C 20 162 32
C 1 223 62
C 1 33 143
C 9 75 217
C 9 209 288
C 12 65 52
C 6 241 55
C 5 285 60
C 20 230 133
S 15 20 9
S 12 13 166
C 5 260 76
C 12 306 291
S 12 18 235
S 6 11 275
S 2 13 69
S 2 12 240
S 2 10 64
S 3 11 293
C 20 32 231
S 6 9 202
S 3 18 106
C 12 150 122
S 5 12 228
C 19 266 149
C 7 95 331
S 14 20 96
S 2 15 258
S 5 16 263
C 14 315 10
S 5 17 298
S 2 3 12
S 2 9 108
S 1 19 124
S 3 6 44
C 3 281 50
S 10 14 159
C 12 30 351
C 1 81 270
S 13 19 153
57
S 1 13 264
C 17 292 4
S 3 18 21
S 8 20 113
C 6 108 175
S 11 12 0
C 16 301 165
S 13 17 139
S 7 17 11
C 5 298 270
C 9 38 323
C 19 339 326
C 1 337 96
S 3 6 27
S 1 10 354
S 3 17 61
C 10 187 192
S 9 13 316
C 2 149 20
S 2 6 173
C 15 40 305
S 11 20 158
C 17 328 129
S 4 14 193
S 8 16 198
S 4 10 172
C 11 8 86
C 13 284 165
S 11 19 65
C 4 351 219
C 6 86 40
S 17 19 138
S 10 13 234
C 10 295 92
C 11 235 33
S 3 11 140
C 4 295 348
S 7 17 234
S 2 20 345
S 1 5 340
S 2 7 337
C 10 68 179
C 6 207 266
S 7 11 314
C 10 324 65
S 6 15 340
C 17 11 295
C 3 145 141
S 3 6 310
S 16 19 47
C 8 131 172
C 9 337 71
S 1 3 80
S 12 14 65
S 2 14 305
S 3 5 273
86
S 8 16 330
C 13 0 185
S 9 10 101
S 8 16 178
C 11 307 7
C 5 38 37
C 11 79 84
S 3 17 158
S 17 20 77
C 17 170 86
C 4 11 325
C 16 255 204
S 18 20 147
S 4 14 149
C 12 320 89
C 10 10 196
S 5 12 175
S 4 16 65
C 6 127 275
C 20 107 341
S 1 13 309
S 5 8 65
C 8 82 70
C 6 89 29
C 10 210 76
C 1 200 147
C 13 107 236
S 15 18 341
S 9 20 280
C 12 342 297
S 10 12 331
C 15 252 194
C 4 337 315
S 5 14 157
S 15 17 299
C 6 132 243
S 5 11 29
S 11 16 186
C 19 81 293
S 4 7 235
C 5 351 326
C 4 129 221
S 9 15 328
S 10 13 115
S 7 9 357
C 15 129 114
S 10 20 264
C 10 321 3
S 7 10 12
C 19 146 247
C 2 1 162
C 9 43 144
C 19 284 292
S 9 11 129
C 9 236 54
S 7 19 255
C 18 42 278
C 6 130 283
C 12 269 16
S 8 11 40
S 9 17 46
S 14 20 133
S 5 6 14
S 7 18 130
S 9 20 341
C 6 2 187
C 10 92 175
C 6 201 295
S 9 11 107
C 5 3 218
C 6 270 209
S 5 13 200
C 10 202 215
S 10 16 86
S 6 7 354
C 18 176 208
S 11 14 114
C 14 191 291
S 2 15 168
C 9 198 2
C 18 144 176
C 16 28 302
S 3 15 85
S 12 19 253
S 7 17 241
30
C 13 195 165
C 11 123 324
C 16 214 264
S 9 20 68
C 1 187 177
C 7 235 112
S 19 20 211
C 10 11 132
C 6 326 329
S 3 11 328
S 1 20 356
S 11 19 302
C 5 180 88
S 1 12 14
S 16 20 105
C 17 192 225
S 8 11 295
C 19 307 150
S 15 19 289
C 4 87 19
C 10 178 204
C 9 30 70
S 9 20 320
C 19 278 313
C 12 266 345
S 2 12 88
S 16 17 259
S 9 16 182
S 2 15 43
S 5 8 37
70
S 5 8 288
S 7 10 89
C 2 163 76
C 6 66 310
S 5 13 45
S 5 14 166
S 10 12 104
C 17 179 5
C 10 289 126
C 8 45 85
C 4 67 114
S 5 19 174
C 18 231 331
C 7 180 64
S 11 12 20
S 2 13 5
S 5 13 192
C 7 29 352
C 7 110 76
C 15 304 180
S 12 14 85
S 1 2 257
C 1 58 239
S 7 11 233
S 6 9 354
S 4 20 34
C 7 102 59
S 3 13 95
S 1 5 52
S 4 12 254
C 11 277 173
S 8 12 112
S 12 14 108
S 2 16 240
C 17 354 357
C 18 325 319
C 11 323 20
C 4 320 41
C 3 103 305
S 9 12 160
C 5 12 321
C 16 338 139
C 15 18 63
C 17 109 204
S 11 12 84
S 5 20 163
S 15 16 198
S 8 19 47
C 10 104 73
S 3 4 339
C 9 333 3
S 12 15 173
C 3 109 321
S 11 15 239
C 3 15 12
C 18 214 324
C 17 49 297
C 8 283 98
S 10 13 111
C 5 92 73
S 5 15 89
S 8 15 5
S 4 14 206
C 2 325 49
S 7 12 326
S 1 14 222
C 12 190 215
S 9 20 184
C 8 203 233
S 8 11 207
19
S 4 13 23
C 12 170 233
C 19 221 92
C 18 303 108
C 15 163 294
C 6 251 341
C 9 226 0
S 17 20 137
S 15 17 188
C 9 333 259
S 11 18 302
C 17 315 279
C 12 36 57
C 14 232 18
S 6 8 58
C 15 250 274
S 1 10 289
S 16 20 239
C 10 210 95
94
S 9 14 169
C 13 229 229
S 2 4 206
C 3 349 117
S 7 14 153
C 12 27 39
S 15 19 24
C 11 51 198
S 12 16 13
S 5 10 154
S 11 13 76
C 11 209 87
S 1 17 249
C 9 238 77
C 18 211 86
S 3 10 319
C 15 151 105
C 6 77 9
S 5 6 263
S 15 19 205
C 8 321 153
C 8 311 97
C 18 300 266
S 18 20 73
C 4 159 183
C 5 152 110
S 6 14 246
C 7 336 88
C 12 262 83
C 10 297 98
S 5 19 32
S 8 15 43
S 10 13 6
S 12 17 77
C 20 44 311
S 14 19 240
C 3 234 289
S 2 20 181
C 20 125 57
C 8 115 64
S 7 17 269
S 10 16 217
S 4 20 39
S 18 20 56
C 7 328 109
C 5 186 49
C 13 33 132
S 15 19 322
C 6 111 25
S 12 15 156
C 11 320 359
C 1 46 88
C 15 120 5
C 17 259 281
C 16 152 313
S 13 15 99
S 4 5 208
S 11 13 146
C 13 220 136
C 13 316 305
C 7 242 297
C 15 5 77
C 20 355 176
C 1 142 309
C 10 233 349
S 10 19 261
S 12 19 11
S 2 7 275
C 20 144 213
S 1 12 255
S 2 6 281
C 19 329 26
C 7 81 153
S 9 19 136
C 15 44 58
C 18 297 71
C 14 167 251
S 14 15 233
S 16 20 216
S 3 5 37
C 20 141 347
S 2 5 345
S 7 10 26
S 7 11 262
C 3 214 192
C 14 244 119
C 6 246 281
S 2 20 100
C 12 172 268
6
C 19 65 277
S 1 18 154
C 6 50 325
S 4 14 152
S 3 11 357
S 1 6 235
43
C 10 260 63
C 8 98 264
C 5 107 326
S 13 20 88
C 8 218 71
C 13 135 266
S 18 19 13
C 17 243 26
C 13 94 35
C 14 316 28
C 2 233 221
S 1 3 92
C 2 146 272
S 1 11 316
S 16 19 332
C 2 312 99
C 1 322 85
C 8 303 102
S 15 19 4
C 19 98 181
S 4 6 325
S 8 19 26
S 1 12 101
S 5 7 179
S 14 15 90
C 9 246 69
C 18 16 88
S 8 13 136
S 1 14 113
S 10 16 307
S 3 20 41
S 1 9 71
C 8 229 285
S 1 20 270
C 13 218 241
C 5 15 288
S 1 13 240
S 4 11 132
S 9 19 325
S 10 14 294
C 15 48 75
C 6 203 249
86
S 12 17 1
C 4 356 299
C 19 90 313
S 2 14 264
S 13 17 230
S 14 17 80
S 9 20 293
C 6 19 149
C 5 257 276
C 18 210 247
S 2 16 156
C 20 65 162
C 5 111 287
S 15 18 265
C 18 316 336
S 11 13 174
C 19 279 203
C 2 247 343
S 10 20 207
C 1 183 239
C 6 258 96
C 5 178 8
S 1 5 151
C 9 210 308
C 9 319 259
C 8 355 181
S 16 17 96
S 14 19 211
S 14 16 39
C 15 174 349
S 5 13 62
C 3 172 46
S 8 13 132
S 15 20 190
C 4 332 148
S 6 14 2
C 14 356 143
C 10 198 345
S 1 19 122
C 16 199 270
S 5 12 136
S 2 15 170
S 2 7 167
C 14 19 209
C 4 250 307
C 7 274 194
C 5 141 145
C 2 143 219
S 2 12 204
C 9 27 158
C 7 293 246
S 2 15 135
S 3 14 353
S 7 15 206
C 11 311 13
C 13 78 13
C 2 337 274
C 12 246 71
S 10 12 149
C 7 193 343
C 6 314 283
S 10 13 125
C 13 123 252
C 14 255 107
C 7 143 102
S 7 16 52
C 18 310 152
S 12 14 90
S 9 19 315
S 10 11 336
S 9 10 311
C 5 217 339
C 10 287 313
C 13 116 223
S 1 8 310
C 18 52 170
S 4 15 165
C 1 235 347
C 12 26 318
C 2 149 216
C 17 162 58
25
S 4 5 232
C 5 347 149
C 8 91 77
C 20 165 15
S 14 20 28
C 15 106 89
S 10 13 52
C 4 42 104
S 14 18 287
C 16 343 354
C 2 69 129
S 5 8 262
C 19 15 344
C 14 84 33
C 2 29 143
C 7 27 345
S 11 16 203
S 6 19 344
C 13 238 158
C 19 312 56
S 12 20 47
C 10 83 175
S 9 10 331
C 1 10 206
C 8 208 346
30
S 17 18 77
S 11 20 334
C 11 187 313
C 10 198 225
S 12 16 315
C 5 98 70
S 7 16 151
S 6 16 250
S 6 19 56
S 1 18 230
C 18 101 73
C 11 299 270
S 3 12 30
C 15 323 1
C 12 138 346
S 2 17 88
C 2 208 264
C 8 44 260
S 10 13 107
C 6 55 242
S 11 12 179
C 12 179 282
S 5 16 130
C 7 287 1
C 3 113 218
C 20 338 327
C 19 197 239
S 9 12 13
S 4 20 259
21
C 10 354 57
C 18 318 99
C 4 256 210
S 16 17 57
C 5 43 89
S 9 18 179
C 15 324 124
S 7 9 28
S 2 7 198
S 5 9 176
C 13 302 289
S 4 5 147
S 8 14 21
S 8 16 104
C 11 335 338
S 13 18 67
S 10 15 51
S 5 15 265
C 8 248 157
S 1 4 253
36
S 13 15 287
C 16 300 348
S 5 11 148
S 8 9 93
S 6 12 292
S 5 7 358
S 12 13 347
C 9 258 127
C 13 67 135
C 11 229 199
C 8 212 314
S 9 19 354
S 13 16 115
C 6 234 232
C 20 123 152
C 2 179 345
S 10 15 34
S 3 20 232
S 7 15 19
S 14 16 50
C 12 241 29
C 20 330 168
S 2 7 56
C 6 256 145
C 17 4 14
C 15 286 129
C 6 206 221
C 17 226 217
C 20 238 304
S 2 7 252
C 16 160 300
C 13 44 346
S 10 16 144
S 4 11 139
C 16 287 29
90
S 2 15 162
S 3 4 65
C 1 45 149
S 10 20 133
C 11 168 353
C 6 304 319
S 5 8 168
S 11 17 43
C 9 133 160
C 6 107 71
C 15 180 307
C 7 196 327
S 7 17 207
C 16 2 150
C 12 227 267
S 6 10 285
S 3 13 92
S 18 19 256
C 5 210 124
S 13 17 14
S 4 5 347
C 10 279 348
S 7 20 148
C 10 295 317
S 9 16 146
S 2 19 230
S 3 13 242
S 1 14 332
C 10 208 301
C 13 197 281
S 5 9 46
C 15 131 281
S 8 18 3
C 20 110 146
C 2 19 32
C 10 63 209
S 3 15 213
C 12 9 42
C 7 247 128
C 7 72 339
C 2 216 52
S 6 15 127
C 18 34 292
C 16 23 237
C 16 164 199
C 4 119 30
C 18 129 212
S 4 18 37
C 16 17 0
C 6 214 148
S 13 17 320
S 4 9 144
C 17 190 171
C 6 56 359
S 7 17 86
S 18 19 203
C 14 344 159
S 5 13 45
C 18 259 234
S 11 20 58
S 6 15 281
C 12 134 218
S 18 19 338
C 6 318 94
C 6 322 62
C 4 276 63
S 11 15 92
C 7 10 181
C 5 228 343
S 13 20 62
S 3 7 73
S 7 11 211
S 4 6 205
S 2 14 153
C 7 94 310
C 20 315 292
S 1 14 336
C 3 324 67
C 19 96 333
S 6 19 146
C 11 92 217
S 1 7 348
S 2 18 46
C 2 206 93
S 13 19 32
S 13 14 37
S 1 9 83
59
S 6 11 216
C 5 254 16
S 9 11 17
S 6 12 141
S 6 11 56
S 5 8 12
S 9 19 89
S 7 14 246
C 15 141 66
C 18 228 63
C 9 298 148
S 16 17 293
C 10 108 311
C 1 126 170
S 7 9 296
S 3 7 320
S 4 15 104
S 3 15 45
C 17 17 113
C 1 47 144
C 5 213 229
C 6 33 248
S 7 16 159
C 2 205 344
C 3 180 243
C 8 288 135
C 4 228 139
C 5 232 289
C 9 243 219
C 18 86 277
C 5 327 164
C 4 334 310
C 13 202 260
S 2 13 236
C 6 336 79
C 19 129 357
C 8 286 275
S 2 10 355
C 17 43 357
C 4 342 61
C 14 80 164
S 3 13 227
C 13 92 225
S 7 14 85
S 9 20 241
C 7 329 48
S 7 16 323
C 14 242 158
S 2 14 250
C 2 107 353
C 7 36 345
C 18 107 242
C 13 340 290
S 16 17 337
C 12 201 77
S 9 12 269
C 5 131 121
17
S 1 7 228
C 6 139 170
C 12 240 290
C 16 290 23
C 5 359 129
C 18 203 227
C 6 351 36
S 3 18 234
C 9 216 85
C 20 302 105
C 7 166 294
C 16 212 33
S 11 17 309
C 11 320 299
S 8 15 223
C 14 191 276
S 6 12 12
65
C 5 255 337
S 8 14 196
S 13 18 127
C 2 335 152
C 16 241 54
S 1 12 161
C 17 104 70
S 17 18 104
C 8 256 266
C 14 43 284
S 5 10 105
S 6 14 225
C 5 348 105
C 5 151 14
S 1 15 247
S 11 16 167
S 5 20 271
C 9 333 359
S 4 20 221
S 8 12 86
S 6 15 272
C 5 216 281
C 18 46 30
C 5 172 229
S 11 14 109
S 4 6 268
S 1 3 334
S 2 13 62
S 3 16 349
C 4 272 154
C 18 73 105
C 13 14 66
S 16 18 217
C 16 95 146
S 2 11 274
S 5 6 350
C 16 118 287
S 13 17 284
C 7 154 233
C 14 45 14
C 20 178 121
C 11 242 202
S 12 16 218
S 9 16 105
C 10 22 224
S 13 14 118
C 20 225 225
C 17 8 267
S 5 8 269
S 8 9 88
C 1 107 183
S 2 7 99
C 7 223 285
C 8 71 168
S 16 17 307
C 19 26 282
S 9 15 331
C 9 185 341
S 3 18 89
C 16 292 134
C 18 97 255
C 6 259 105
80
S 8 17 185
S 10 16 349
S 6 19 146
C 6 81 129
C 1 230 114
C 1 24 262
C 7 44 288
S 4 11 82
C 1 112 28
C 7 346 57
S 6 10 308
S 5 8 241
C 19 177 141
C 14 60 265
S 18 19 235
S 3 8 268
S 3 15 332
C 16 14 33
C 20 308 183
C 2 140 254
C 17 38 36
S 8 16 168
C 2 199 221
S 10 19 342
C 11 194 30
S 6 20 154
C 10 148 180
S 11 18 288
S 4 5 209
S 7 10 215
S 4 12 292
C 14 148 308
C 8 42 276
C 17 255 163
C 3 294 11
S 1 8 233
S 4 19 163
C 13 107 183
S 5 13 15
S 6 13 248
S 5 14 7
S 1 20 222
C 12 115 177
S 5 14 65
S 14 19 355
S 3 7 180
S 3 8 283
S 6 13 68
S 3 5 297
S 16 18 319
C 6 312 70
C 15 125 328
S 2 19 79
S 9 15 213
C 19 227 153
S 7 15 230
S 2 8 228
C 6 105 53
S 2 5 142
C 19 262 45
C 6 113 37
C 11 208 43
S 15 19 332
S 7 12 345
S 9 13 50
C 6 244 7
S 11 19 31
S 7 19 196
S 1 19 41
S 14 16 286
C 14 72 322
S 4 9 289
C 14 358 310
C 8 13 262
C 16 356 217
S 10 15 253
C 12 23 310
C 7 16 107
C 14 209 86
C 7 242 233
75
C 11 77 205
S 1 19 105
C 12 34 140
S 12 18 150
C 1 268 162
S 2 15 120
C 13 178 165
C 5 70 319
S 7 10 118
C 12 282 61
C 5 204 129
C 20 244 206
S 5 6 219
C 20 313 142
S 1 18 228
C 17 190 18
S 5 19 312
S 2 8 315
S 1 14 125
S 4 10 148
C 12 256 218
S 8 19 36
S 4 16 163
S 5 6 180
C 15 190 344
S 4 18 339
C 9 283 17
S 1 18 223
S 3 4 330
S 9 18 65
C 9 19 51
S 4 11 276
S 3 18 230
S 6 20 358
C 6 304 87
C 4 70 296
C 20 307 87
S 7 20 134
C 6 42 344
S 6 16 309
C 17 355 333
S 6 12 296
S 10 19 158
C 16 2 251
C 6 238 244
C 13 208 16
S 9 16 138
S 14 18 16
C 1 45 7
S 8 15 90
C 17 273 81
C 12 138 195
S 6 13 246
C 5 174 102
C 14 294 317
C 19 311 222
S 7 13 120
S 9 11 333
S 9 11 354
C 19 119 3
C 3 343 5
S 13 19 89
C 6 36 118
C 16 198 353
S 6 10 72
C 3 89 55
C 20 148 258
S 13 16 231
C 7 57 259
S 15 18 149
S 13 14 188
S 11 12 153
S 1 15 325
C 5 152 252
S 3 14 166
97
S 7 13 141
S 3 4 150
S 5 8 117
S 2 17 79
S 16 19 105
C 9 163 147
C 5 135 90
C 15 106 315
S 17 19 25
S 19 20 222
S 7 17 173
S 16 17 227
S 6 8 196
C 20 91 93
C 13 233 355
C 11 209 293
C 12 295 10
S 1 4 320
C 18 34 300
S 1 15 198
C 3 280 115
S 9 13 335
S 1 5 174
S 2 6 160
C 15 280 331
C 16 89 56
C 12 203 262
S 10 20 111
C 6 93 319
C 3 100 110
C 15 338 142
C 2 147 266
C 19 165 119
C 8 300 316
C 2 79 186
S 1 18 340
S 11 20 185
C 12 105 319
C 4 177 181
S 4 18 90
S 15 18 291
S 14 16 286
C 10 302 284
S 1 10 203
C 10 241 52
C 5 16 41
S 7 14 223
C 14 47 109
C 9 207 324
C 5 224 80
C 15 138 116
C 6 53 166
C 17 18 68
C 2 278 359
S 11 20 152
S 14 19 118
C 20 3 166
S 5 9 40
C 7 54 153
S 5 13 187
S 13 20 336
S 7 8 78
S 1 5 269
C 6 344 182
C 13 85 111
C 12 226 95
S 4 13 69
C 14 285 9
C 11 116 2
C 2 250 214
C 13 254 219
S 14 19 325
S 14 15 309
S 5 8 307
C 6 135 111
S 8 20 276
S 3 9 76
C 20 261 163
C 13 269 225
C 1 181 182
C 17 44 28
S 2 6 54
S 10 11 291
C 3 253 161
C 15 337 186
C 3 25 181
C 15 240 154
S 3 17 99
C 8 237 309
S 13 16 209
S 1 17 203
S 11 15 274
C 9 176 285
C 18 143 177
S 7 16 64
C 17 52 104
17
S 2 4 12
C 6 4 196
C 17 225 165
S 3 5 35
C 11 351 225
C 15 285 65
S 7 15 357
S 7 16 43
S 3 10 102
C 11 60 298
S 7 15 68
S 1 19 264
S 6 18 319
C 18 320 251
S 4 11 307
C 3 276 94
S 3 15 7
4
C 13 109 47
C 12 161 322
S 3 14 353
53
S 1 11 15
S 1 15 44
S 3 20 263
S 3 12 228
C 5 166 68
C 15 310 269
C 1 209 63
S 3 4 346
C 20 16 110
S 6 11 151
S 5 10 289
S 3 9 149
S 8 10 94
S 10 15 225
S 7 10 137
C 16 234 100
C 19 16 35
S 3 20 236
C 8 100 299
C 17 14 42
C 12 207 24
S 5 16 206
S 6 11 8
S 18 20 191
C 14 330 128
C 7 230 123
C 18 81 309
S 4 17 270
S 1 11 170
S 15 18 96
S 18 19 324
S 14 20 83
S 3 13 217
C 3 102 162
S 9 16 229
S 5 19 271
C 5 270 140
C 16 137 306
S 5 10 240
S 7 14 258
S 7 8 289
S 15 18 328
S 4 15 181
S 17 20 333
C 6 168 118
C 9 78 111
S 5 12 321
S 7 20 60
C 10 72 0
C 11 297 114
S 6 13 253
S 15 17 0
67
S 6 17 204
C 8 244 221
S 1 2 318
S 2 17 338
S 2 9 240
C 12 148 177
S 9 19 56
S 4 19 283
C 15 333 165
S 5 14 351
C 18 34 76
C 5 63 127
S 9 16 240
C 17 119 175
S 4 6 57
C 14 79 27
S 1 15 123
S 18 19 303
C 16 296 59
C 6 60 250
C 2 56 140
C 11 115 46
C 9 217 123
S 13 19 99
S 2 16 130
C 19 81 298
C 17 142 109
S 9 17 140
C 6 233 82
C 16 78 272
S 2 8 147
C 13 258 109
C 18 67 248
S 5 13 3
C 2 170 323
S 13 17 125
S 1 3 40
C 20 80 266
C 9 147 304
S 7 20 103
C 6 75 281
C 6 352 83
S 6 15 61
C 4 158 259
S 1 10 233
S 5 9 256
S 7 8 284
C 12 217 301
S 5 12 228
C 18 307 141
C 1 79 1
S 9 19 254
C 15 343 352
C 8 19 162
C 5 187 251
C 17 15 178
S 4 19 108
C 15 337 120
C 19 198 195
S 9 12 203
S 10 16 216
S 1 5 142
S 3 5 218
C 16 321 181
S 4 14 337
64
C 15 230 302
C 15 313 120
C 20 214 144
C 13 168 162
C 17 284 330
S 4 10 200
S 1 18 17
S 6 12 101
C 15 188 204
S 11 17 347
C 13 33 190
S 4 17 282
C 5 25 128
S 7 8 156
S 7 19 296
S 12 16 127
S 4 12 36
C 12 270 337
C 10 209 271
C 2 33 138
C 6 341 343
C 20 318 159
S 1 2 72
C 12 92 57
C 9 14 98
S 2 12 27
S 6 12 351
C 8 327 8
C 19 283 113
S 1 7 166
S 2 11 42
S 2 5 329
C 7 66 276
S 4 8 287
S 4 9 238
S 6 8 107
C 8 103 242
S 16 17 292
C 17 130 258
C 13 110 54
C 9 169 54
S 4 17 246
C 20 341 85
S 7 9 187
S 2 10 247
C 6 356 173
C 17 233 11
C 5 57 359
S 9 10 41
S 15 18 225
S 5 11 139
C 14 273 216
C 12 202 190
C 5 26 268
S 12 18 141
S 1 19 88
C 12 113 215
C 13 61 149
S 4 6 135
C 16 278 73
C 12 295 208
C 10 279 90
C 3 138 42
49
C 5 4 11
S 4 16 228
C 14 161 202
S 1 11 161
C 12 112 65
S 7 17 181
S 11 19 245
C 1 107 223
S 16 19 262
C 12 100 94
C 14 56 79
C 6 285 190
C 3 29 324
S 10 15 351
C 8 343 19
C 7 4 321
C 8 214 149
C 2 112 297
S 11 19 151
S 1 10 79
S 7 20 214
C 3 109 90
S 5 17 158
S 3 11 180
C 1 84 66
C 8 255 229
C 5 261 283
S 10 15 294
S 10 19 251
S 6 12 176
C 10 164 300
C 1 74 314
C 5 294 329
S 8 17 215
C 13 82 157
S 6 10 235
C 1 27 327
C 16 282 84
S 10 12 19
C 14 308 231
S 4 8 59
C 13 296 250
S 10 19 226
C 12 105 109
C 4 200 59
C 16 50 66
C 4 148 187
C 1 81 34
28
S 4 11 11
S 6 10 169
C 9 46 57
S 12 14 204
S 1 20 53
C 5 306 85
S 5 14 227
C 5 103 185
S 9 19 209
S 4 20 79
S 8 18 103
C 19 154 302
C 10 193 198
C 14 267 326
S 8 9 9
S 4 10 122
C 9 132 335
S 6 9 86
C 17 52 46
C 19 81 357
S 3 8 148
S 12 17 151
S 12 17 194
S 3 18 99
C 12 167 128
C 2 336 32
C 4 102 263
77
S 6 17 147
S 4 20 133
C 11 6 324
S 6 7 112
S 2 16 221
C 3 201 239
C 8 273 16
S 7 18 56
C 1 283 133
C 12 265 348
C 2 302 155
C 17 348 17
C 20 260 249
C 5 121 242
C 16 235 147
C 3 122 72
S 9 15 103
S 2 15 353
C 6 161 71
C 18 179 157
S 11 14 319
S 5 8 303
C 20 264 353
C 19 235 150
S 12 13 243
C 10 67 124
C 13 6 178
S 2 17 357
C 3 338 136
C 8 179 83
S 14 18 19
C 6 316 295
S 10 20 19
C 20 164 240
C 18 255 194
S 1 10 289
C 3 350 3
C 11 337 354
S 17 20 241
S 11 14 297
S 13 18 25
S 10 13 108
C 1 112 17
C 13 214 102
S 4 15 107
S 4 12 322
C 9 169 1
C 11 111 275
C 9 221 151
S 4 13 242
S 16 20 250
C 7 350 113
S 17 19 155
S 3 19 67
C 1 170 244
C 6 188 241
S 3 18 293
S 15 16 266
C 6 42 106
C 2 249 280
S 2 16 83
S 4 13 242
S 1 9 34
S 2 15 166
S 2 8 336
C 7 208 301
C 19 214 192
S 9 12 198
S 11 16 50
C 4 66 66
C 12 323 55
S 2 17 99
S 6 10 133
S 14 19 48
S 4 7 58
46
S 11 17 33
S 5 6 38
S 10 19 193
C 20 344 278
C 20 143 223
S 6 15 358
S 11 12 319
S 6 13 50
S 1 5 213
S 5 17 356
S 1 6 81
C 14 81 159
S 10 19 190
S 9 13 130
S 4 9 46
S 15 19 315
S 11 18 128
C 2 132 191
C 1 229 298
C 9 21 196
C 17 229 268
S 7 18 250
C 16 157 2
C 9 94 194
C 12 172 269
S 8 18 256
C 16 143 168
C 18 304 305
S 4 16 263
C 19 121 338
S 2 8 159
C 14 227 116
S 2 17 206
S 15 19 204
S 9 16 277
S 4 9 125
S 8 15 97
S 4 6 163
S 5 9 149
S 5 17 256
S 12 14 134
C 13 99 162
S 1 14 146
C 15 153 303
4
C 2 322 127
S 10 17 43
S 2 15 212
S 1 11 345
51
C 7 268 159
S 1 6 311
S 1 18 78
C 9 312 311
S 4 9 226
S 5 8 195
C 20 62 86
S 4 8 150
C 8 223 11
S 1 7 319
S 18 20 295
S 1 16 172
S 6 20 97
S 2 12 8
C 11 151 39
C 14 105 146
S 12 13 256
C 18 156 331
C 3 74 225
C 4 215 76
S 8 14 163
C 8 134 102
S 7 18 121
C 18 221 211
S 2 13 79
C 14 12 312
S 7 11 10
S 3 5 93
C 19 201 242
S 11 14 3
C 7 175 37
C 8 354 57
C 7 247 270
C 13 103 247
C 5 337 243
S 5 19 321
S 16 18 97
S 11 19 86
C 16 74 244
C 1 276 230
S 9 13 297
C 1 298 121
S 2 14 53
C 14 229 68
C 8 305 349
S 5 13 258
S 1 11 257
C 14 100 259
C 2 201 328
S 1 9 193
C 14 291 290
2
S 3 16 152
C 16 190 155
77
C 18 66 102
S 6 13 335
C 18 218 173
C 13 213 201
S 1 17 101
C 19 218 313
S 1 14 271
C 7 73 49
C 10 169 315
C 5 348 101
S 2 7 324
C 13 6 77
C 13 291 236
C 5 78 134
C 17 69 124
S 13 14 70
S 8 13 229
C 16 341 195
C 19 36 312
S 2 4 129
C 8 176 67
C 2 236 296
C 4 268 93
C 4 294 265
S 7 20 325
S 9 10 91
S 9 14 137
C 10 60 255
C 20 158 153
S 10 12 123
S 6 9 137
S 1 13 187
S 4 16 194
S 1 4 57
S 10 11 136
S 1 4 110
S 12 17 37
S 15 20 245
S 7 11 2
S 6 18 354
C 14 64 334
S 12 18 145
S 9 16 157
S 10 20 202
C 6 180 62
S 13 19 264
C 18 85 221
S 9 19 144
C 15 130 285
C 11 34 31
S 4 5 10
S 13 16 170
S 7 10 311
S 5 20 330
S 11 14 161
S 9 18 8
C 18 129 103
C 16 253 315
C 7 312 314
C 10 133 312
C 8 262 79
C 20 253 300
C 20 67 289
S 9 15 27
C 18 93 255
C 2 169 170
C 5 135 251
C 3 209 334
C 20 352 128
C 9 106 35
S 3 8 296
C 16 337 137
C 16 110 18
C 2 6 355
C 19 116 94
79
S 18 20 270
S 8 10 329
S 12 17 133
S 11 20 338
C 2 238 31
S 1 19 14
C 7 320 325
S 2 18 330
S 4 9 273
C 17 36 56
C 15 92 127
C 2 331 331
C 20 109 192
S 1 13 158
C 20 140 334
C 17 307 261
S 16 18 103
S 14 17 28
S 15 16 180
S 11 17 307
C 4 46 158
S 12 14 208
S 9 16 19
C 9 158 179
C 2 55 227
C 10 68 269
S 13 19 259
S 7 14 232
C 14 272 286
S 7 17 201
S 9 20 56
C 5 286 271
C 8 79 96
S 9 17 207
S 2 8 52
S 2 3 123
C 11 182 187
S 16 20 120
C 15 21 110
C 1 280 198
S 3 17 181
S 2 11 344
C 17 211 36
C 14 42 214
S 8 17 307
S 7 19 140
C 8 71 248
S 6 18 127
S 2 13 15
S 9 15 124
C 12 147 4
C 13 40 298
C 18 128 207
S 9 16 30
S 9 15 259
S 12 19 359
C 8 173 93
C 15 274 202
C 12 99 164
C 20 8 162
S 13 19 232
C 9 299 5
S 2 6 86
S 6 13 227
C 16 300 339
S 11 16 99
S 16 20 250
S 8 13 307
C 1 296 1
S 5 8 114
C 18 348 269
S 11 20 107
C 7 301 275
C 12 194 42
C 13 325 162
C 10 194 151
C 19 134 174
71
C 9 62 131
C 20 281 60
C 4 35 258
S 9 13 249
S 2 14 220
C 2 43 347
S 5 20 39
S 3 17 319
S 1 6 62
S 1 8 333
C 17 26 245
S 3 8 358
S 4 14 1
S 8 17 188
C 13 340 141
S 4 7 32
S 1 16 210
C 17 164 171
C 11 160 180
C 18 251 337
S 3 19 336
S 4 9 358
C 18 279 205
C 6 146 30
C 11 166 148
C 1 162 142
S 9 13 357
C 5 24 91
C 14 58 11
S 1 9 230
S 3 20 203
S 4 15 69
C 14 39 355
S 12 15 102
S 15 20 297
C 1 36 10
S 6 15 17
C 17 290 48
C 15 277 168
S 6 11 101
S 13 18 17
C 8 58 116
C 4 301 325
C 5 325 335
C 2 189 73
C 17 120 155
S 2 10 327
C 11 282 81
C 16 204 234
C 9 169 87
S 6 19 27
C 2 335 107
C 19 248 340
C 17 43 342
C 3 174 312
C 13 219 179
C 2 293 260
C 18 283 86
S 15 20 1
C 13 235 298
C 10 183 253
C 5 71 194
C 12 224 285
S 3 18 107
C 13 323 45
C 15 286 308
S 5 6 218
C 13 118 269
44
S 1 15 326
C 18 299 331
C 2 128 350
S 2 13 160
C 3 234 121
C 1 121 77
S 1 6 117
S 10 14 105
S 8 11 56
S 4 20 279
S 2 16 226
S 5 9 160
C 4 99 155
S 2 10 9
S 3 4 13
C 19 102 210
C 16 116 286
S 14 16 271
S 9 19 324
C 12 83 290
S 2 5 63
S 2 11 86
S 8 11 75
C 13 137 249
C 8 246 98
S 14 17 35
S 7 14 97
C 8 69 87
S 10 20 30
S 6 11 263
S 4 12 165
C 20 2 238
S 16 17 283
S 13 17 222
C 8 294 116
S 3 8 341
S 9 18 19
C 19 296 327
C 7 190 55
C 3 116 96
C 16 355 11
S 11 13 55
17
C 18 227 0
S 6 10 75
C 9 253 254
S 7 11 32
S 5 10 276
C 2 48 50
C 18 29 300
S 4 17 159
S 14 16 20
S 16 17 167
C 8 184 88
C 1 207 128
C 16 267 205
S 6 7 348
C 19 295 240
S 2 7 144
36
C 3 258 244
S 12 18 329
C 13 169 33
C 2 263 80
S 5 6 310
C 9 177 268
C 11 137 81
C 20 231 143
S 7 11 273
C 5 149 20
C 12 65 46
S 13 16 134
C 3 62 172
S 13 18 20
S 1 20 89
S 11 13 274
S 8 13 66
S 8 14 146
C 9 78 91
C 8 274 194
C 11 102 335
S 3 17 64
S 1 17 318
C 3 309 65
S 1 3 299
S 4 15 92
C 13 210 233
C 20 168 101
S 1 3 107
C 13 182 349
S 14 19 79
S 7 15 323
C 4 222 149
S 6 10 172
78
S 3 6 224
C 13 247 134
S 7 13 269
C 20 218 323
C 16 211 141
S 6 15 264
C 10 199 46
S 1 18 184
C 14 354 128
C 7 2 249
C 10 33 267
S 10 19 282
C 17 256 115
C 15 167 29
S 6 15 131
S 8 11 10
C 14 320 41
C 10 338 297
C 11 144 258
C 10 74 295
C 20 316 353
C 5 288 240
C 5 309 33
C 7 253 17
S 14 19 226
C 9 351 4
C 19 231 291
C 15 256 50
S 12 20 199
C 8 264 344
S 4 7 285
C 12 263 196
C 4 234 283
C 5 132 236
S 12 20 288
C 2 346 216
C 9 44 324
S 13 18 241
C 14 278 111
C 14 305 73
S 6 17 101
C 13 356 35
C 18 46 179
C 7 306 96
C 5 69 162
C 7 353 304
C 17 43 181
C 12 314 49
C 13 172 182
S 4 17 57
S 4 14 31
S 2 10 228
C 15 296 172
C 6 57 173
S 11 12 89
C 5 246 353
C 15 0 164
S 10 14 336
S 17 20 68
C 14 196 356
C 7 37 48
C 16 292 294
C 12 196 123
C 1 131 236
C 19 83 339
C 11 31 287
S 4 5 128
C 17 98 124
C 4 38 276
C 2 223 160
S 2 4 45
C 19 321 52
S 11 18 277
C 18 266 120
S 6 9 131
C 12 83 308
96
C 13 337 159
C 11 50 215
C 19 44 304
S 11 13 296
S 4 18 120
C 8 8 114
C 14 83 37
C 14 27 314
S 10 14 260
S 6 11 238
S 15 17 209
C 19 82 140
C 5 190 197
S 12 13 17
S 6 20 68
C 9 293 44
C 7 250 118
S 4 10 148
C 14 224 95
S 6 10 112
C 17 236 236
C 14 246 249
C 4 291 150
S 7 15 307
S 4 13 254
S 6 12 14
C 7 105 187
S 1 16 345
S 9 16 267
S 13 16 344
C 4 6 102
C 13 140 115
C 7 188 274
S 9 10 221
C 10 122 277
C 10 281 299
S 18 19 343
C 10 48 229
C 3 156 335
S 6 19 172
S 17 19 358
C 1 10 107
C 15 23 14
S 4 18 88
S 6 19 273
S 12 13 195
C 19 282 258
C 2 288 60
C 19 337 177
C 20 24 66
S 1 10 338
S 3 18 180
C 7 60 298
S 5 14 97
C 15 89 244
C 20 141 106
S 4 14 71
C 12 63 175
S 10 14 263
S 3 10 307
C 1 333 354
C 11 74 298
S 6 16 14
S 11 12 226
S 7 18 236
S 10 11 71
S 5 16 275
C 10 292 116
C 5 161 0
C 14 177 153
C 6 4 1
S 13 14 210
S 13 16 217
S 2 5 347
S 10 13 179
S 6 10 215
S 5 18 224
S 1 19 89
S 9 14 346
C 13 145 322
S 2 5 236
C 20 265 2
C 18 105 353
C 19 265 337
S 7 20 293
C 10 217 232
S 3 12 70
C 16 357 116
S 10 11 280
S 10 15 306
C 8 63 310
21
S 17 20 301
C 6 40 339
S 2 17 200
S 9 14 181
S 1 13 198
S 11 12 280
C 17 156 37
C 2 295 121
C 17 92 327
C 17 177 272
S 4 15 294
S 16 17 10
C 3 244 132
S 3 10 316
C 3 204 218
S 12 14 264
C 13 67 243
C 7 153 209
C 8 297 253
S 2 15 59
C 6 6 2
20
C 13 254 128
S 4 9 277
S 2 14 276
S 4 10 357
S 5 20 188
S 6 7 145
C 8 13 355
C 7 82 52
C 9 54 263
S 8 13 318
S 12 15 231
S 13 17 295
C 5 38 249
C 15 206 301
C 3 152 158
S 9 18 2
C 3 91 256
C 20 307 140
S 8 19 206
S 3 14 20
51
S 3 6 196
S 2 10 142
S 1 12 111
S 14 20 80
C 11 39 308
C 9 68 70
S 2 13 140
C 18 50 136
C 7 70 44
S 11 12 148
C 20 354 37
S 12 14 252
S 10 16 290
S 7 17 39
C 17 271 34
S 2 3 97
S 7 10 165
S 1 18 166
C 1 198 238
C 15 122 133
S 6 17 56
C 7 274 126
C 7 214 90
S 3 4 214
C 8 212 161
C 19 36 30
C 19 73 153
S 6 20 90
S 2 10 140
C 18 80 161
S 2 13 110
S 3 17 253
S 9 15 221
S 14 16 120
S 11 15 111
C 16 253 65
S 8 14 348
C 20 251 296
C 18 145 53
C 15 159 302
C 12 15 347
C 9 314 90
S 14 17 188
C 4 103 292
S 5 12 237
C 6 299 156
C 10 148 99
C 11 141 312
C 1 13 221
34
S 10 11 291
C 5 187 250
C 18 6 111
S 19 20 329
S 4 17 191
C 14 55 2
S 8 18 35
C 17 359 116
S 10 14 142
S 9 14 160
S 10 17 37
C 18 193 357
C 20 233 246
S 3 20 97
S 1 7 145
C 1 59 38
C 15 172 304
S 10 20 248
S 5 15 175
C 11 215 215
C 7 186 61
S 2 11 35
C 14 1 130
C 17 232 116
S 9 12 11
S 4 16 36
S 8 14 354
S 14 18 26
S 11 20 141
C 14 286 230
S 8 15 212
C 9 227 326
C 19 249 289
S 2 20 95
71
C 20 174 33
C 16 55 247
S 7 13 142
S 3 8 286
C 4 133 168
S 6 15 324
C 20 181 241
C 5 145 28
C 4 182 285
C 1 341 68
C 5 135 194
C 6 205 60
S 4 12 193
S 9 11 172
C 19 196 290
C 6 20 125
S 4 7 131
C 3 147 3
C 9 69 80
S 10 14 111
S 4 20 89
C 8 194 7
S 9 17 162
C 16 296 289
C 12 213 4
S 5 17 57
C 3 187 119
S 19 20 265
S 12 14 7
C 15 189 117
C 9 178 186
S 6 15 354
C 9 263 30
C 12 142 59
C 3 143 328
C 12 313 65
C 17 166 64
S 4 13 111
C 2 114 16
C 1 298 195
C 7 166 193
C 17 125 340
S 1 4 56
C 15 168 102
S 14 15 257
C 2 128 177
C 16 202 221
S 17 19 307
C 10 172 137
S 1 14 158
C 20 299 5
S 2 3 285
C 15 103 191
S 1 12 124
C 13 206 235
C 8 314 255
S 3 20 281
S 2 9 195
S 7 19 280
S 11 16 117
S 2 5 359
C 16 297 227
S 1 3 17
C 13 202 100
S 14 17 168
S 11 20 223
S 16 17 294
S 12 18 236
C 9 11 237
S 1 14 61
62
S 3 4 84
S 1 8 245
C 15 54 315
S 4 9 1
C 2 156 103
C 7 237 92
S 1 11 307
C 1 121 208
S 3 4 34
C 16 203 108
C 14 333 166
C 11 197 101
C 17 160 151
C 11 198 71
S 9 13 132
S 7 14 169
C 7 42 153
S 13 19 192
S 6 17 303
S 2 10 179
S 10 12 28
C 15 110 155
S 2 20 302
C 13 88 181
C 6 162 180
S 4 5 95
S 4 14 252
S 4 10 69
S 9 20 312
S 16 18 203
C 12 169 147
C 12 345 6
S 9 11 194
C 12 114 190
S 6 8 54
S 4 5 14
S 3 9 85
C 19 52 187
C 7 220 176
S 13 18 42
C 18 237 54
C 9 15 145
S 3 9 308
C 5 317 16
C 14 223 61
S 17 19 266
C 3 157 292
S 1 19 347
S 5 14 145
S 9 19 31
S 1 11 301
C 15 315 96
S 1 4 237
S 2 14 276
C 12 335 187
S 4 8 48
C 14 2 202
S 2 17 256
C 7 139 199
41
C 2 273 242
C 2 70 2
C 17 171 240
C 4 320 29
C 11 294 226
C 2 57 170
C 6 68 195
C 12 319 217
C 11 100 150
C 15 297 348
S 7 11 147
S 11 15 79
C 11 30 304
S 5 11 326
S 8 19 164
S 17 18 296
C 17 110 136
S 16 19 238
S 8 12 162
C 9 201 242
S 10 11 336
S 1 4 98
C 20 105 220
S 5 12 184
C 6 56 344
S 3 14 293
S 12 20 95
C 5 222 54
C 10 48 159
S 8 15 176
C 15 233 263
S 10 20 24
S 5 6 177
C 19 184 220
S 3 14 30
S 3 12 310
S 1 14 307
S 19 20 154
C 17 72 244
S 15 20 166
2
C 19 98 230
58
C 6 194 353
S 6 13 277
C 16 312 173
S 5 13 146
C 8 264 313
S 5 6 104
S 5 11 50
C 1 258 304
S 7 8 120
C 10 90 160
C 4 59 318
S 13 19 80
S 6 10 130
S 1 18 92
S 13 16 233
S 19 20 150
S 14 17 62
C 14 121 186
S 1 9 103
S 11 16 8
S 2 3 328
S 9 17 90
S 6 14 253
S 6 18 339
S 3 7 267
C 10 11 321
S 2 19 359
S 4 17 262
C 5 344 26
C 13 159 302
S 11 18 193
C 11 326 322
S 3 6 88
C 7 315 311
C 10 25 188
C 4 186 244
C 8 340 168
S 12 18 209
S 1 2 15
S 7 8 16
C 7 39 270
C 20 104 141
C 5 228 166
S 1 8 335
C 18 311 118
C 18 190 122
S 5 12 262
C 8 248 254
C 8 171 274
C 15 108 359
S 16 20 186
C 15 131 331
C 17 161 143
S 8 18 228
C 2 154 110
S 1 20 61
S 1 12 351
23
C 7 85 297
S 1 15 17
S 8 12 189
C 5 234 79
C 9 218 349
S 15 19 238
C 1 259 52
C 10 13 340
C 7 340 177
C 18 340 195
S 3 17 33
C 4 58 164
C 16 268 306
C 19 116 215
S 9 18 137
S 4 9 149
S 4 9 58
S 17 18 325
C 12 27 337
C 6 265 340
S 11 12 4
2
C 17 120 172
S 6 18 179
83
S 4 20 354
S 4 5 251
S 6 9 351
C 1 252 108
S 7 14 122
C 15 91 214
C 16 111 24
S 8 17 211
S 8 13 197
C 14 164 24
C 9 191 48
C 8 119 271
C 16 290 354
C 9 333 98
S 6 15 235
C 18 84 50
S 1 20 24
C 1 253 347
C 5 228 55
C 4 74 146
S 14 15 291
C 16 182 267
C 7 166 69
S 3 7 181
C 4 104 265
C 13 208 316
C 17 15 57
C 17 37 190
S 5 9 326
C 8 235 53
C 15 316 67
C 8 260 183
S 5 14 144
C 20 12 154
S 10 20 308
S 3 13 13
S 13 15 125
S 1 16 283
C 2 233 278
C 3 325 138
C 15 284 168
C 1 335 67
C 15 190 211
S 3 17 57
C 20 38 294
S 1 17 161
C 10 91 52
S 1 9 84
S 4 5 14
S 1 11 184
S 2 19 224
C 18 214 137
C 11 327 344
S 3 17 89
C 5 263 101
S 11 20 160
C 4 135 205
S 8 14 315
S 14 19 88
C 16 247 145
S 2 13 4
C 8 181 297
C 16 252 334
S 19 20 48
S 8 16 21
S 2 12 21
C 2 153 192
C 1 292 29
S 6 12 323
S 2 18 229
S 6 12 223
C 13 320 175
C 11 92 67
S 15 18 161
C 19 202 208
C 19 6 76
C 16 301 78
C 13 84 52
91
C 20 292 209
C 3 217 87
C 18 298 173
S 11 20 343
S 6 16 11
S 10 20 106
S 4 7 320
S 1 13 274
C 14 303 154
C 11 152 301
S 1 10 201
C 19 192 106
S 3 20 286
S 8 17 77
C 17 274 308
S 13 19 316
C 13 316 157
C 8 306 210
S 6 10 18
S 6 7 266
C 18 301 263
C 12 85 143
S 16 20 175
C 16 4 335
C 14 72 238
S 1 2 353
C 1 26 110
C 14 55 206
S 3 14 57
S 6 16 52
C 10 181 131
C 17 223 86
C 7 184 67
S 2 20 279
S 2 5 239
C 2 235 195
S 12 16 8
S 3 5 328
C 11 255 283
S 1 3 11
S 1 8 75
C 14 157 291
S 2 7 246
C 4 268 295
S 15 17 75
S 3 11 352
C 3 176 84
C 1 346 187
S 3 4 2
S 10 17 146
C 10 176 52
S 7 19 253
S 13 17 28
S 1 6 253
C 10 270 100
C 5 162 309
C 4 356 36
S 4 6 15
S 10 19 23
C 3 327 228
S 4 9 287
C 4 237 116
S 2 16 101
S 1 10 33
S 15 20 154
S 2 5 58
S 3 7 337
S 10 15 21
S 14 16 214
S 6 18 123
C 20 346 150
C 1 291 265
S 4 7 355
S 12 19 210
S 13 15 210
C 11 97 294
S 6 11 277
S 14 17 153
C 12 231 321
C 12 37 302
C 14 26 73
C 6 167 239
C 18 38 306
S 3 19 39
C 10 195 282
S 13 14 243
S 3 11 254
C 20 141 355
C 14 3 16
S 7 12 249
6
S 7 9 194
C 14 323 2
S 16 20 359
C 19 144 127
C 13 123 324
98
C 2 267 130
C 17 103 292
S 18 20 76
C 10 170 334
S 15 20 40
S 2 18 40
S 10 16 109
S 9 11 15
C 13 353 159
C 15 178 163
C 18 286 323
S 1 14 339
C 14 240 235
S 11 17 151
C 8 140 259
S 13 18 296
C 14 182 324
C 19 128 240
C 5 222 293
C 10 322 21
C 10 77 336
C 10 251 20
C 16 34 58
S 4 19 340
S 2 19 272
S 3 15 211
S 7 16 265
C 11 275 212
S 4 11 197
S 18 19 78
S 13 14 258
C 15 340 178
C 20 350 286
S 3 13 174
S 14 15 39
C 8 99 209
C 6 193 296
C 7 50 73
S 7 17 228
S 2 8 251
C 15 24 15
S 3 7 306
C 6 2 262
S 14 17 48
C 5 124 104
C 10 269 254
S 3 20 2
C 10 53 355
S 3 11 357
C 11 303 291
C 7 244 250
S 4 15 41
C 19 248 141
C 19 292 310
S 4 5 338
C 7 88 52
C 20 169 75
S 2 20 222
C 8 157 145
C 6 176 250
C 6 241 84
C 7 211 50
C 18 230 172
C 5 351 54
C 7 84 333
S 2 8 89
S 6 12 33
S 5 15 344
S 13 19 67
S 6 14 93
C 7 117 68
C 13 215 144
C 18 288 119
C 12 85 74
S 4 5 219
C 15 282 20
C 11 51 281
S 11 16 110
S 8 18 112
C 11 26 247
S 3 11 64
S 1 5 320
S 14 17 275
S 4 7 289
S 4 13 214
S 3 14 26
S 9 20 231
S 2 4 318
C 18 194 338
S 10 16 257
C 13 308 180
C 6 319 243
S 5 18 335
C 19 285 93
S 6 13 76
C 4 162 224
63
S 19 20 219
C 11 271 301
S 14 19 295
C 2 340 214
S 5 14 35
S 3 17 339
C 20 85 229
C 4 351 265
C 15 281 245
S 3 7 32
C 10 331 235
C 2 183 132
S 6 9 319
S 6 18 347
S 10 14 42
S 2 18 43
S 2 16 96
C 7 86 69
S 2 14 163
C 11 152 202
S 4 20 288
C 3 336 255
C 3 196 196
S 2 20 351
S 6 18 106
S 6 18 113
S 6 13 281
S 4 8 156
C 17 163 276
S 5 19 89
S 2 12 84
C 7 83 192
C 18 43 82
S 14 16 48
S 2 8 88
S 5 19 353
C 5 142 51
S 2 20 15
S 10 11 267
C 1 140 65
C 11 302 288
C 13 346 64
S 5 20 91
S 1 10 233
C 15 178 128
S 9 13 4
C 2 49 70
C 18 86 6
S 9 15 59
C 12 165 10
S 1 16 153
C 9 310 157
S 7 15 2
S 12 14 53
C 16 255 171
C 11 33 198
C 11 321 82
S 15 17 141
C 2 15 162
C 6 113 119
S 17 19 181
C 10 259 209
14
C 20 321 164
S 9 12 1
S 8 20 201
S 14 20 149
S 7 20 350
S 12 19 192
C 5 216 184
S 4 19 11
C 12 151 120
S 11 18 188
S 4 13 199
C 11 232 51
S 6 16 129
C 11 343 287
87
S 2 12 330
S 7 15 7
S 3 11 295
C 5 328 139
C 17 318 274
S 14 17 53
C 16 81 297
C 18 207 112
C 3 250 0
S 10 20 212
S 6 16 217
S 15 18 135
C 11 283 103
S 3 19 182
S 6 9 351
C 16 97 130
S 8 18 257
S 10 15 11
S 5 18 261
C 17 280 14
S 1 5 25
C 8 288 1
S 9 12 327
S 4 5 325
C 5 8 19
S 1 7 97
C 7 162 268
C 11 94 205
S 5 14 3
C 14 46 113
C 18 92 226
C 4 339 220
C 11 23 8
C 9 99 137
S 13 15 358
C 9 6 330
S 10 13 29
S 7 12 135
S 5 19 9
S 14 19 325
S 6 18 242
C 17 267 205
C 9 16 347
S 5 20 184
S 9 18 22
S 1 12 207
S 7 13 144
C 9 6 322
S 3 20 253
S 17 19 297
C 14 188 302
S 3 6 321
C 4 77 324
C 10 183 63
C 9 156 99
S 7 12 297
S 9 12 32
S 6 10 180
C 4 173 308
C 16 40 55
C 19 350 276
S 5 17 163
C 1 272 228
S 18 20 135
S 13 20 220
C 1 3 226
C 17 290 276
C 2 152 171
S 4 10 135
S 2 9 34
C 16 312 296
C 5 337 9
C 18 83 64
C 15 308 297
S 12 18 87
C 15 229 232
C 8 302 104
S 9 18 241
C 5 134 286
S 12 13 333
C 13 297 325
S 10 12 323
S 4 9 334
C 12 196 59
C 10 14 132
S 8 17 341
C 16 113 47
54
S 1 3 218
S 13 16 175
C 6 1 57
C 9 298 208
C 20 7 142
S 10 18 22
S 6 14 202
C 8 78 228
S 5 7 274
S 1 12 19
S 15 18 74
S 6 20 302
S 9 12 301
S 8 19 100
C 17 197 225
C 2 51 246
S 2 7 78
C 2 286 93
C 7 220 53
S 5 19 102
S 5 10 341
C 14 6 221
S 4 14 89
C 8 233 103
C 4 348 158
C 20 177 357
C 13 352 5
S 7 14 132
S 13 17 352
S 13 14 162
S 4 18 14
C 6 135 176
C 12 73 236
C 14 357 287
C 6 72 81
S 4 12 158
S 15 17 5
C 10 278 322
C 14 269 34
S 1 16 30
C 13 260 36
C 12 168 96
S 15 19 14
S 2 4 32
C 16 352 351
C 14 120 294
C 14 126 347
S 9 16 73
C 6 266 47
S 3 13 350
S 1 8 236
S 11 13 353
S 8 10 262
S 14 20 139
56
S 15 17 167
S 6 10 93
C 18 351 25
C 14 201 282
S 9 12 106
S 13 20 124
S 7 18 172
C 15 220 127
C 9 246 200
C 9 128 23
C 6 255 46
C 16 250 198
C 17 252 310
S 4 11 176
S 4 13 291
S 12 20 18
C 9 137 223
S 4 9 333
C 7 94 24
C 11 287 278
S 6 17 145
C 10 227 281
C 15 354 199
S 13 15 279
C 12 190 8
S 7 14 106
C 13 171 193
C 1 116 145
S 2 13 118
C 6 281 81
C 6 341 103
S 8 18 87
C 17 101 296
C 1 122 137
S 10 15 6
C 20 158 32
S 7 16 242
C 10 154 184
S 3 4 8
S 2 20 300
C 18 190 159
C 16 272 80
S 4 11 204
S 9 15 331
S 10 14 60
C 6 349 77
C 18 139 187
S 2 14 206
S 12 14 112
S 4 6 25
C 5 67 17
S 5 15 228
C 3 165 264
S 7 16 56
S 8 10 71
15
S 13 15 9
S 6 15 239
C 12 358 30
C 14 42 28
C 2 321 190
C 18 96 72
C 5 188 211
C 20 141 7
C 18 39 133
C 6 63 123
S 8 20 274
S 2 16 6
C 7 348 88
S 3 19 28
54
C 9 281 185
C 7 175 315
C 3 191 82
C 11 353 22
S 7 11 205
S 2 17 129
C 10 314 321
S 16 17 127
S 9 10 73
C 20 159 187
S 15 18 329
S 1 6 217
C 5 236 22
C 15 89 129
C 13 196 7
C 14 120 23
C 5 13 92
C 4 25 341
S 2 7 79
S 1 20 354
S 7 13 99
C 3 19 218
C 6 197 275
C 15 129 115
S 9 16 123
C 1 183 333
S 11 14 338
S 17 19 91
C 7 32 357
C 17 42 43
C 18 285 145
C 16 214 303
C 18 333 161
C 5 122 246
C 10 123 137
S 12 13 117
C 13 305 293
S 8 14 83
C 8 262 1
S 6 16 214
C 3 60 272
S 8 17 31
S 4 17 132
S 1 19 83
S 8 18 241
C 17 127 279
C 7 264 143
S 12 19 225
S 8 18 269
S 5 7 162
C 12 118 30
S 7 12 358
S 8 10 146
C 1 187 261
29
C 20 23 220
C 17 314 2
S 7 14 334
C 12 61 80
S 6 9 129
C 9 42 188
S 9 17 282
C 3 10 130
C 19 156 235
S 9 19 186
S 13 18 3
C 6 291 281
S 1 13 149
S 5 13 340
C 1 207 178
S 1 20 301
S 12 19 4
S 10 11 304
C 18 54 169
S 9 13 96
C 20 330 153
S 4 12 45
C 7 109 104
S 3 6 221
C 15 173 359
C 15 275 199
S 5 20 73
81
C 7 204 257
C 15 339 196
C 11 344 2
S 6 11 47
C 7 206 307
S 11 12 195
S 8 19 41
S 18 20 82
S 5 14 293
S 7 9 189
S 4 10 176
C 16 237 171
S 3 19 228
S 7 10 158
S 5 14 290
C 5 18 123
S 9 10 323
C 12 341 319
C 3 263 118
C 16 90 116
C 8 192 314
S 14 16 16
S 2 15 333
S 2 14 128
C 15 55 192
C 16 165 78
S 13 20 352
C 15 155 87
C 5 48 17
C 7 215 159
S 3 20 21
C 1 53 172
C 5 346 121
C 13 29 95
C 14 17 220
C 13 81 318
C 2 109 352
C 11 157 265
S 12 15 70
S 7 18 156
C 12 105 286
C 3 174 201
S 8 14 193
S 12 17 103
S 16 18 298
C 3 251 105
C 12 187 356
C 3 48 29
S 2 5 326
C 2 90 296
S 18 19 322
C 9 159 124
C 15 141 139
C 16 42 18
S 3 16 31
C 12 8 175
C 13 87 225
C 13 282 38
C 2 31 49
C 12 40 109
S 5 17 46
S 13 17 290
C 12 355 149
S 5 12 224
S 11 18 245
S 13 19 95
S 2 13 240
S 1 11 132
C 10 78 345
S 8 20 266
S 2 16 167
S 6 7 252
C 14 15 82
S 10 20 100
C 12 183 307
S 6 14 136
S 3 13 95
S 10 13 27
S 15 16 108
S 3 18 183
92
C 15 81 313
S 10 18 124
C 10 125 73
S 9 15 83
S 16 20 11
C 17 169 345
C 6 99 152
S 6 9 234
C 11 44 267
S 14 16 176
S 1 20 330
C 13 90 288
C 12 102 123
S 3 11 39
S 1 8 30
C 8 238 86
S 2 19 116
C 1 140 47
C 5 282 175
C 2 78 200
S 9 12 51
C 8 233 207
S 8 12 332
S 7 18 151
C 5 297 290
C 13 253 213
S 2 11 176
C 11 156 161
C 15 253 22
S 1 13 313
C 15 200 164
S 6 13 18
C 5 116 168
S 7 20 46
S 1 17 1
S 1 7 322
C 6 267 242
S 2 12 84
C 10 190 328
C 5 286 197
S 5 13 152
S 1 10 55
C 19 0 237
S 6 19 11
C 16 77 70
S 13 18 101
C 4 69 251
S 4 6 197
S 4 18 249
C 12 140 247
C 2 101 53
C 8 146 337
S 12 17 238
S 14 17 284
S 16 18 343
C 16 324 246
C 4 275 95
C 13 284 114
C 16 13 339
C 18 348 201
S 2 19 228
S 4 10 251
S 15 17 270
C 1 278 133
C 17 151 187
C 18 163 7
S 16 17 67
C 20 337 147
C 1 337 1
C 12 230 192
C 9 345 135
S 3 7 169
C 13 199 152
C 16 180 269
C 7 358 346
S 2 18 264
S 5 8 180
C 1 246 159
C 1 181 134
S 9 12 224
C 17 303 239
S 12 16 280
C 4 342 180
S 15 18 221
S 10 13 284
C 16 148 226
C 14 220 352
S 14 20 210
C 11 234 90
S 8 19 187
S 6 8 171
1
C 8 345 342
81
C 18 325 235
C 12 337 24
C 11 184 261
S 2 18 272
C 13 117 214
C 3 267 157
C 11 103 113
S 6 19 64
C 1 210 350
C 9 52 59
C 12 87 178
S 5 6 229
S 2 19 244
S 5 19 347
C 16 253 167
S 1 12 141
C 2 75 101
C 7 267 33
S 1 4 223
C 9 13 203
C 17 120 6
C 15 290 327
C 19 33 252
S 7 12 302
S 11 19 79
C 8 329 238
S 4 9 201
C 13 287 351
C 16 214 319
C 17 249 321
C 8 282 142
S 6 9 128
S 10 17 235
C 14 146 175
S 4 15 272
C 2 325 188
C 14 252 292
S 8 19 330
S 13 18 264
S 8 12 179
S 3 18 318
C 7 295 222
C 2 214 89
S 3 8 182
C 8 344 338
S 1 20 333
C 17 4 317
C 16 58 88
S 1 17 45
S 1 17 240
C 9 224 7
C 10 140 244
S 8 16 338
S 7 10 130
S 1 5 24
C 20 159 198
C 4 223 112
C 6 31 128
C 16 155 61
C 4 64 339
C 4 260 134
C 5 45 359
C 14 202 159
S 5 14 90
C 4 66 175
S 7 20 301
C 12 124 8
S 13 16 55
S 8 15 16
C 8 324 140
S 6 20 340
S 7 10 135
C 12 99 33
C 18 336 234
S 10 12 304
S 11 16 348
S 5 9 170
S 12 19 150
S 3 12 156
39
C 20 310 325
C 16 214 138
S 13 16 197
S 6 12 193
S 7 16 134
S 10 14 98
C 6 206 226
S 1 4 49
C 9 127 22
C 6 287 254
C 6 327 304
S 12 20 52
C 10 116 123
S 6 11 136
C 7 278 287
S 1 15 78
S 5 20 4
S 11 16 73
C 17 301 114
S 1 14 28
C 15 290 125
C 7 42 278
S 5 17 276
S 4 12 256
C 2 329 36
S 1 13 262
C 9 187 117
S 7 16 45
S 1 10 265
S 1 2 104
C 10 208 83
S 2 6 271
S 6 17 261
C 10 13 186
C 19 191 119
S 10 19 53
C 3 198 91
C 2 306 48
31
S 4 18 178
S 9 14 247
S 8 9 107
S 1 5 301
S 2 17 103
C 7 217 78
C 15 206 32
S 6 7 185
S 1 9 278
C 20 231 78
C 19 74 247
C 4 348 317
C 12 296 347
C 8 239 174
C 15 199 100
S 8 10 250
S 10 18 94
S 14 20 323
S 4 17 168
C 13 75 317
S 11 13 319
S 9 17 74
C 5 72 22
C 8 55 221
S 4 13 212
C 12 197 249
S 6 16 135
S 1 14 342
C 3 45 346
C 17 218 198
31
C 20 228 260
S 13 16 27
S 5 20 24
C 20 87 176
C 4 111 155
C 17 355 357
S 9 12 144
S 10 16 270
C 6 310 136
S 6 19 151
S 1 18 120
S 1 11 304
C 10 307 97
S 2 20 120
C 8 256 307
C 1 250 144
C 9 259 21
C 5 114 238
C 7 321 210
S 9 10 316
S 15 18 99
S 7 14 110
S 4 7 180
C 16 141 230
S 2 7 227
C 18 35 267
C 1 142 184
S 2 10 39
S 4 6 216
S 6 13 269
C 17 301 51
18
S 5 7 163
C 19 33 342
C 3 106 33
S 12 19 77
C 19 140 32
S 4 10 243
S 13 17 50
S 9 10 203
C 12 157 79
S 8 13 342
C 9 290 334
C 10 59 192
S 5 7 106
S 4 14 185
C 14 270 65
S 5 6 41
C 6 213 70
47
C 19 296 201
C 1 214 296
S 2 8 357
S 7 9 122
S 1 2 187
C 9 89 188
C 10 91 74
C 13 178 314
S 11 19 141
S 13 16 232
C 3 251 113
C 11 149 151
C 19 183 42
C 2 50 77
S 1 8 234
C 11 177 98
S 7 13 152
C 13 269 122
C 2 2 147
S 3 10 337
S 4 10 203
S 7 18 309
C 19 26 228
C 7 326 28
C 9 192 144
C 13 65 273
S 18 19 137
C 13 89 1
C 20 146 66
S 2 8 22
S 2 11 140
C 13 2 312
C 20 261 79
S 1 14 259
C 14 209 12
C 18 344 108
C 12 18 133
C 7 251 285
C 19 322 84
C 4 184 134
C 9 280 212
S 9 10 196
C 13 117 144
S 5 18 342
C 11 39 240
59
C 19 89 314
S 1 2 185
C 2 241 295
S 14 18 317
S 4 6 91
S 12 18 96
C 15 299 134
S 17 19 283
S 16 20 186
C 9 64 192
C 13 298 305
S 12 16 135
S 2 12 206
C 13 277 70
S 8 16 341
S 12 20 113
S 10 18 299
C 13 115 9
S 1 20 161
C 4 50 116
S 9 19 13
S 8 18 44
S 6 16 85
S 3 17 244
S 5 16 205
C 7 99 288
S 13 18 84
C 12 226 72
S 15 17 48
C 19 75 356
C 2 137 43
S 15 17 290
S 4 20 189
C 1 353 45
S 5 14 235
S 3 9 295
C 11 312 120
C 11 292 358
S 2 14 103
S 2 20 87
C 20 105 21
C 5 338 359
C 15 215 30
C 16 29 179
S 7 8 53
S 12 15 43
C 1 264 226
C 1 350 59
C 6 261 294
S 2 19 252
S 17 18 8
C 10 287 240
S 1 14 350
S 3 7 359
S 7 20 117
S 2 19 27
S 9 10 298
C 12 146 91
57
S 5 12 237
S 13 16 272
C 7 7 238
S 1 12 1
S 2 7 66
C 17 40 356
S 7 8 355
S 9 15 141
C 12 133 58
S 7 8 310
S 3 8 302
S 5 17 88
C 8 195 255
C 4 206 195
C 7 314 273
S 2 13 280
C 12 333 200
S 8 9 210
S 10 12 197
S 5 13 123
S 2 11 157
S 2 3 105
S 3 17 331
S 1 13 6
S 14 17 88
S 13 18 294
S 16 18 78
C 14 69 59
S 9 13 270
S 9 18 89
C 15 180 117
S 14 19 17
C 13 92 359
S 9 19 139
S 14 19 132
S 12 15 127
S 5 18 125
S 4 19 119
C 2 151 33
C 13 45 107
C 10 354 71
S 11 13 254
C 7 100 336
C 13 43 89
C 5 329 229
C 3 263 267
S 17 20 238
S 2 16 15
C 1 6 354
C 20 292 225
S 1 9 283
C 18 345 19
S 4 7 298
S 2 17 152
S 2 8 137
S 4 19 307
C 2 91 167
88
S 12 18 16
C 20 321 326
S 9 19 279
S 14 20 15
S 15 16 316
C 8 14 214
C 8 229 235
S 17 20 151
S 3 16 30
C 8 356 92
C 6 295 135
C 5 308 243
S 6 8 5
S 15 19 311
C 7 324 97
C 14 253 359
S 1 3 290
S 11 13 287
S 2 17 132
C 15 330 293
S 1 2 266
S 2 14 289
S 16 17 245
S 11 14 201
C 17 7 348
C 5 5 23
S 1 6 193
S 1 2 248
C 1 189 106
C 17 86 72
C 11 356 325
C 20 245 109
S 6 11 292
C 13 111 116
C 9 292 32
C 12 269 246
C 4 105 302
S 11 12 40
C 17 207 323
S 4 5 234
C 11 348 262
C 6 280 272
C 17 294 214
S 2 12 26
S 9 11 51
S 5 10 137
C 14 146 50
S 7 10 22
S 10 20 196
C 19 37 264
S 2 17 109
C 16 79 56
S 5 6 348
C 2 55 135
C 14 160 348
S 15 19 272
C 8 27 189
S 16 17 316
S 5 9 124
C 17 332 78
S 2 15 150
C 13 350 276
C 16 212 344
S 4 10 303
C 13 48 297
C 15 39 211
S 4 19 42
C 4 20 308
S 9 19 74
S 2 3 265
S 6 18 298
S 12 13 137
C 19 163 91
S 17 19 192
C 4 347 4
C 5 161 338
S 10 20 163
C 18 257 265
S 9 19 188
S 4 6 321
S 3 7 16
C 7 281 359
S 7 10 272
C 6 100 131
C 18 82 331
S 1 6 143
98
C 6 168 208
S 11 20 325
C 12 248 217
C 10 33 337
C 7 309 354
C 17 130 316
S 7 15 175
S 8 12 200
S 10 15 235
S 16 17 18
S 6 14 237
C 13 126 92
C 14 188 149
C 9 49 268
S 14 20 55
C 1 127 262
S 16 20 287
S 6 10 204
S 10 12 282
S 14 16 156
S 12 20 243
C 15 162 43
C 6 184 175
C 14 192 327
C 8 47 137
C 20 206 301
S 13 17 251
S 5 18 87
S 11 15 78
C 1 354 177
S 5 14 38
C 2 136 65
C 20 0 132
S 6 15 11
S 7 16 97
C 2 221 273
C 20 65 14
C 18 276 152
S 6 9 88
S 7 13 251
C 10 285 33
C 4 105 114
S 3 18 105
S 4 20 134
S 7 17 93
S 11 19 227
C 10 164 95
S 5 13 22
C 8 161 142
C 12 241 95
C 11 211 37
S 2 17 343
C 6 4 170
S 6 14 244
S 7 8 60
S 14 16 47
C 13 331 212
S 16 20 165
C 17 110 264
C 8 266 184
C 2 39 297
C 12 2 59
S 7 14 213
S 10 15 29
S 4 7 334
C 13 348 202
S 11 14 80
S 4 11 48
S 8 9 322
C 10 127 190
C 2 192 210
C 16 302 153
C 9 25 49
S 3 4 310
S 10 18 135
S 13 15 176
C 3 132 324
S 14 19 178
S 15 17 98
C 15 259 275
C 17 29 32
S 11 20 354
S 3 11 136
C 17 23 105
C 12 167 293
S 5 9 291
S 2 13 273
S 1 3 131
C 13 154 64
C 19 135 339
C 19 44 237
S 11 19 326
C 11 357 14
S 9 15 291
16
C 14 210 48
S 3 6 223
S 11 15 173
C 8 242 28
S 9 16 126
C 20 72 298
S 3 20 255
S 1 18 3
C 15 99 306
S 15 16 65
S 8 14 11
S 6 10 162
C 17 2 296
S 5 18 0
S 6 7 30
S 15 20 276
33
C 15 325 3
S 1 15 216
S 5 14 163
C 18 149 34
S 12 19 205
S 16 17 203
S 3 18 24
S 1 20 232
C 8 77 306
C 15 218 28
S 1 14 51
C 1 36 215
C 8 298 39
S 10 17 159
C 15 45 196
C 15 58 202
C 17 189 255
S 2 12 203
C 11 79 125
S 16 18 69
C 20 133 95
C 2 292 302
S 10 20 201
S 2 17 31
S 1 18 299
C 19 70 102
S 11 15 296
S 8 13 335
S 4 14 58
S 10 11 2
C 4 20 37
C 10 103 66
C 9 102 281
62
S 2 5 48
C 20 133 297
C 17 162 87
C 2 96 145
C 10 271 138
S 9 10 64
C 20 173 74
S 5 8 273
C 16 188 210
S 1 9 236
S 3 14 338
C 2 26 10
C 20 296 272
S 13 15 94
C 10 318 123
S 10 15 270
S 7 11 321
C 14 206 332
C 4 31 112
C 15 318 263
C 18 192 258
C 10 343 243
S 11 15 3
C 3 333 317
C 14 353 267
C 11 217 51
C 17 68 156
C 20 84 103
S 3 13 301
S 6 15 77
C 7 164 326
S 15 16 82
C 17 287 126
S 11 16 240
S 2 16 138
S 5 18 71
C 18 6 316
C 7 351 56
C 6 320 306
C 12 160 51
S 4 5 246
C 18 149 297
C 7 297 324
S 2 15 3
C 3 14 37
C 7 92 281
C 12 160 326
C 11 252 228
S 2 10 92
C 3 63 333
C 14 349 302
S 4 10 289
C 20 21 229
S 2 5 351
C 6 151 315
C 16 29 282
S 4 5 92
S 8 12 74
C 11 170 331
C 5 255 293
S 11 13 231
92
S 4 14 333
S 3 9 77
S 2 19 125
C 4 76 156
C 5 317 19
S 3 14 225
C 10 357 155
C 14 78 328
S 8 14 251
S 4 15 233
C 12 128 82
C 7 191 35
C 4 144 216
S 5 17 18
C 2 76 357
C 17 57 89
C 7 148 346
C 20 182 334
C 20 278 86
C 1 65 115
S 7 13 8
C 4 220 254
S 9 13 52
S 9 14 243
C 1 283 149
S 4 15 269
S 2 7 231
C 8 249 196
S 2 14 59
C 5 185 52
S 10 14 178
S 10 16 220
S 9 20 210
C 11 2 9
S 13 20 231
C 14 229 84
S 7 14 168
C 10 78 88
S 2 16 120
C 14 133 89
C 7 193 263
S 6 9 205
C 11 109 270
C 6 297 10
C 9 163 75
C 17 326 323
C 5 74 62
C 8 21 116
C 13 181 83
C 4 163 312
S 13 19 284
C 2 135 146
C 13 262 270
S 1 12 58
C 13 73 212
C 3 14 325
S 6 11 186
C 10 120 202
S 1 17 193
C 5 254 115
S 2 18 335
C 2 219 50
S 12 13 318
C 15 195 2
C 1 0 121
C 2 81 279
S 10 19 160
S 7 9 18
C 10 281 254
S 6 15 358
C 9 332 224
S 4 7 9
S 3 10 210
S 2 8 286
C 10 219 203
C 8 85 74
C 4 316 337
C 2 96 106
C 17 255 343
C 4 259 154
C 11 21 323
C 18 335 356
C 16 282 153
S 16 18 192
S 7 11 17
C 10 245 179
S 12 15 30
S 10 11 229
C 13 128 351
C 6 298 121
S 7 15 161
100
S 11 16 100
S 15 20 356
C 6 337 141
C 2 139 287
C 12 171 265
C 3 104 336
C 14 211 311
S 5 13 188
C 11 356 202
C 15 30 333
C 7 324 272
S 4 18 351
S 15 16 224
C 3 344 134
S 2 12 46
S 11 12 86
C 10 91 271
S 1 9 110
S 4 12 319
S 19 20 299
C 2 304 117
C 5 175 33
C 12 158 347
S 1 18 287
S 9 12 330
C 10 356 177
C 17 262 200
C 14 36 162
C 20 10 51
C 4 305 199
C 16 276 7
C 8 104 228
C 11 56 148
S 2 20 75
C 5 241 173
C 18 72 53
S 2 12 205
S 5 16 316
S 9 18 4
C 18 42 136
S 4 8 297
C 13 220 105
C 2 46 90
S 6 9 216
C 5 318 175
S 3 9 291
C 9 81 224
S 5 16 72
C 2 237 201
S 6 8 182
C 9 217 355
C 17 106 179
S 11 18 337
C 7 75 295
C 17 209 249
S 5 6 34
S 15 20 195
S 13 16 109
C 19 185 17
S 11 18 101
S 16 18 203
C 3 313 264
C 3 2 199
C 1 241 270
S 7 15 93
C 5 206 205
S 2 17 44
C 3 307 51
C 19 161 144
S 9 13 203
C 9 76 310
S 16 18 94
C 19 341 244
C 6 73 28
C 1 210 325
S 6 12 243
C 2 113 356
S 1 15 314
C 2 122 155
C 14 102 181
S 2 4 165
S 17 18 238
C 12 251 175
S 11 19 150
C 20 112 273
S 7 13 105
S 7 8 40
C 10 92 329
C 12 83 359
C 18 130 228
C 20 318 279
C 14 89 319
C 10 336 277
C 19 3 96
S 6 18 358
C 16 296 325
S 11 17 70
C 11 89 164
C 5 287 216
C 20 93 300
19
C 6 77 34
C 12 234 348
S 5 14 331
C 3 313 68
S 5 8 182
C 8 37 337
S 1 7 353
C 18 253 115
C 2 107 42
C 13 287 339
S 4 9 101
C 18 186 52
S 14 15 313
C 16 204 276
S 9 17 134
C 15 335 206
C 3 91 196
C 17 219 288
S 6 9 176
42
S 7 12 85
C 6 260 132
C 8 18 117
C 1 294 58
S 9 15 358
C 16 232 346
S 5 11 344
C 14 171 303
S 6 12 353
S 4 10 12
C 3 356 172
S 11 18 287
C 7 349 270
S 5 20 356
C 4 162 349
C 10 136 9
S 11 14 262
C 2 1 21
S 18 19 75
S 6 12 358
C 5 209 306
S 8 16 120
C 15 320 1
S 8 11 100
S 12 17 238
S 11 19 100
C 14 175 165
S 1 8 172
C 7 323 45
C 19 25 81
C 20 276 155
S 1 8 331
S 4 20 262
C 6 135 24
C 6 300 197
C 9 109 152
C 10 267 310
C 10 330 354
S 2 8 298
S 3 6 325
S 11 19 73
76
C 19 135 157
C 14 4 188
C 8 357 252
C 1 175 23
C 15 111 194
S 2 13 71
C 10 351 166
S 11 14 130
S 3 16 274
C 20 199 2
C 17 265 323
C 10 20 139
C 18 235 252
S 2 19 91
C 8 232 70
C 18 216 65
S 1 7 7
C 8 270 272
S 14 18 184
C 13 300 32
S 14 20 244
C 8 253 351
S 8 9 277
S 1 4 263
S 12 13 193
C 4 220 228
C 12 308 168
S 1 4 173
S 15 18 19
C 5 219 265
C 6 245 258
C 8 338 302
C 7 253 213
C 13 68 54
S 7 18 207
C 13 76 328
S 5 18 238
S 14 19 8
S 6 19 113
S 7 9 158
S 4 12 120
C 19 221 146
S 10 20 1
C 9 178 322
S 2 19 286
C 10 250 289
C 13 138 298
C 10 181 82
C 1 286 273
S 9 17 271
S 8 16 259
C 1 1 180
S 7 18 327
C 16 55 282
S 4 10 339
C 12 56 218
C 8 59 128
S 1 10 84
C 11 36 51
C 1 344 200
S 9 10 212
S 5 7 188
C 11 44 187
C 15 291 193
C 20 105 256
S 3 6 13
C 1 339 109
C 8 176 309
C 3 296 8
S 3 4 356
S 7 9 61
S 18 19 142
C 11 76 234
C 2 39 346
58
C 3 323 259
S 2 20 286
S 9 20 64
S 7 8 273
S 6 17 124
S 4 13 223
C 15 332 280
C 20 284 138
C 1 164 147
S 1 8 293
C 2 133 308
S 3 19 190
S 14 20 285
C 3 191 107
C 3 222 291
S 2 8 188
C 20 43 32
C 16 233 1
C 11 18 54
S 1 19 150
C 1 243 286
S 15 20 275
S 16 19 125
C 3 76 100
S 11 19 279
S 2 19 44
C 10 99 214
C 2 75 332
C 7 70 329
S 11 12 119
C 15 283 293
C 17 42 188
C 10 234 1
S 8 15 103
C 9 347 352
S 2 6 180
C 6 38 128
C 6 131 299
C 9 3 70
S 8 15 178
S 3 18 198
C 11 134 215
S 7 18 132
S 9 13 119
C 11 5 261
S 7 9 274
C 14 258 71
S 5 11 334
S 4 8 125
S 2 8 102
S 8 16 36
S 17 19 145
S 5 10 125
C 13 38 327
S 15 19 175
C 12 297 253
C 10 106 299
55
S 2 18 160
C 18 219 303
C 17 235 131
C 3 152 349
C 9 332 223
S 2 20 78
S 8 14 171
S 12 17 229
S 5 19 98
C 8 306 333
C 14 237 91
C 3 211 344
C 17 71 63
C 7 90 274
C 17 327 5
C 15 24 192
S 6 8 7
S 1 18 229
S 12 15 105
S 10 17 257
S 4 8 258
C 15 72 357
S 2 7 266
C 2 0 91
S 1 5 346
S 3 16 245
S 1 2 152
C 13 39 41
C 16 84 278
S 9 10 73
S 12 19 298
C 8 341 178
C 17 337 266
C 8 145 186
C 8 29 220
C 5 224 189
C 10 156 161
C 11 215 354
S 12 20 130
C 15 356 281
S 4 14 124
S 3 12 337
C 4 166 318
S 11 14 252
C 9 326 19
C 9 291 125
S 10 20 145
C 19 31 195
C 9 103 90
C 8 353 303
S 7 11 210
C 15 350 19
C 9 323 127
87
C 1 276 319
C 13 249 156
S 9 20 161
C 20 71 283
S 8 16 216
C 15 325 50
C 10 330 36
S 1 10 141
S 1 18 201
S 7 15 204
S 9 18 202
C 8 18 4
S 7 20 307
S 1 13 266
C 12 334 141
C 12 316 91
C 6 212 195
C 12 252 194
C 13 211 258
C 17 55 110
C 13 40 5
C 8 332 2
C 4 343 126
S 13 18 94
C 14 188 159
C 18 72 227
S 16 20 299
C 13 271 131
C 7 323 224
C 20 262 353
C 5 102 209
C 13 272 105
S 4 9 179
C 12 349 339
S 6 19 277
C 14 124 321
S 4 6 155
C 6 353 353
S 4 5 131
C 12 289 215
S 11 14 166
C 18 354 281
C 8 113 230
S 6 10 358
C 9 187 142
C 8 346 69
S 4 20 119
C 15 17 184
C 10 355 299
S 10 15 146
C 2 166 72
S 15 16 265
S 11 15 144
C 14 16 101
C 15 345 247
C 12 30 166
C 14 128 243
S 1 7 23
C 9 341 69
S 13 14 71
S 10 14 175
S 4 16 329
S 12 16 205
C 17 45 182
C 20 165 307
C 16 277 347
S 11 18 255
C 20 317 204
S 13 19 54
S 2 5 95
S 6 10 320
C 18 126 126
C 12 9 265
C 16 286 6
C 4 88 244
S 3 13 249
C 17 244 77
C 6 231 341
S 2 8 278
S 12 17 254
C 19 332 200
C 1 190 204
C 17 233 195
S 3 20 337
C 14 249 171
C 15 42 123
70
S 1 13 297
C 17 206 290
C 8 273 251
C 9 155 157
C 4 115 295
S 1 14 141
C 15 37 117
C 19 322 108
C 6 192 109
S 6 9 209
C 20 232 321
C 14 184 163
C 11 356 129
S 3 14 154
C 10 95 89
C 12 266 79
C 19 171 77
C 17 30 77
C 13 24 173
S 14 20 341
S 8 11 216
S 10 13 141
C 10 137 272
C 5 343 274
S 17 18 59
S 9 14 105
S 2 6 226
S 2 13 180
S 17 18 101
C 7 154 172
C 12 155 104
S 6 11 270
C 5 326 352
C 1 23 157
S 3 20 192
S 10 17 67
S 6 7 88
S 9 18 170
S 5 11 202
S 11 19 114
S 3 17 172
S 1 3 189
C 1 227 246
S 3 15 56
C 17 132 155
S 2 14 121
C 19 94 5
C 16 164 299
S 11 20 36
C 17 30 85
S 8 16 311
S 8 13 249
C 20 246 257
C 1 300 207
S 4 17 16
C 13 288 302
C 1 308 293
C 18 349 130
S 9 13 348
S 8 15 265
S 2 8 278
C 19 35 60
C 15 187 189
S 9 13 244
C 7 350 60
S 8 19 22
S 11 18 103
C 8 176 73
C 5 262 80
99
S 2 12 251
S 15 19 118
C 19 155 164
S 2 16 294
C 4 2 128
C 14 231 234
S 4 12 109
C 13 49 230
C 19 185 269
S 8 20 238
C 11 31 346
S 14 15 131
S 6 8 248
C 6 209 27
S 10 19 299
C 10 329 344
S 7 10 52
C 5 317 35
C 17 196 145
S 11 20 68
S 3 16 242
C 2 215 61
S 7 11 257
C 3 279 300
S 5 7 109
S 5 19 185
S 3 20 327
C 4 7 230
S 9 20 9
S 14 19 77
S 1 15 119
C 6 86 347
S 4 16 319
S 9 13 169
C 13 246 101
S 19 20 99
S 4 10 305
S 10 15 150
C 19 162 17
C 7 35 282
C 2 112 246
C 15 110 182
C 8 296 69
S 7 11 223
S 6 9 124
C 15 185 222
S 1 10 228
C 10 163 162
C 4 238 328
C 3 43 14
S 5 18 235
C 9 245 148
S 12 18 250
S 6 11 246
C 3 214 253
C 13 12 107
S 12 13 311
C 19 277 96
S 10 13 137
C 13 228 201
S 1 11 314
S 1 7 216
C 9 165 14
S 8 19 66
C 12 50 197
C 7 160 182
S 3 11 1
S 5 19 68
C 2 327 164
S 6 10 338
S 7 11 12
S 11 16 142
S 15 17 39
S 4 18 279
S 8 14 142
C 12 350 30
S 7 10 188
C 8 287 218
C 13 57 25
C 14 217 300
S 17 19 10
S 6 20 317
S 9 20 321
C 10 198 14
C 11 301 254
C 13 129 181
C 14 49 114
S 10 18 268
C 3 10 333
S 11 18 0
C 20 172 234
C 7 188 254
C 12 334 210
S 7 14 267
C 17 18 175
C 2 0 160
S 1 12 319
34
S 7 20 198
C 15 83 131
S 6 12 229
C 6 239 128
S 11 20 300
C 15 224 209
S 8 17 107
C 16 85 92
C 17 166 215
C 19 19 21
S 8 19 313
S 10 11 201
C 14 347 66
S 16 20 329
C 12 233 173
S 4 18 170
S 9 14 357
S 2 6 220
S 3 4 197
S 7 18 286
C 19 266 150
S 2 18 89
C 3 170 65
C 6 210 351
C 16 139 261
S 14 19 157
C 18 356 117
S 16 20 143
C 12 235 256
S 1 13 255
S 13 20 206
C 7 7 54
C 17 278 222
32
C 3 167 200
S 2 9 207
C 15 319 19
C 12 8 250
C 6 318 9
S 6 10 28
C 19 82 252
S 3 19 331
C 18 64 224
S 4 6 332
C 15 88 112
S 18 20 194
S 2 3 228
C 4 356 194
C 3 163 189
C 13 212 311
C 14 253 263
C 12 241 340
C 2 343 124
C 19 273 184
C 6 99 308
C 2 58 161
C 16 106 271
C 13 8 211
C 17 356 117
S 1 18 252
S 10 14 129
45
S 9 12 79
C 18 334 336
S 2 13 28
C 14 280 260
S 1 20 188
S 3 4 356
S 6 10 70
C 18 253 330
C 9 187 324
C 3 289 293
C 14 316 309
S 5 6 36
C 6 118 190
S 13 15 353
S 1 19 71
C 13 215 35
S 12 17 26
S 6 14 258
C 14 343 254
C 15 89 25
C 20 250 122
C 9 301 134
S 2 16 10
C 5 142 54
S 12 14 345
S 6 20 242
S 5 20 304
C 5 269 72
C 3 303 228
S 1 14 248
C 1 247 212
S 4 11 316
S 1 9 264
S 1 8 252
S 5 12 193
S 4 13 105
S 1 14 155
S 10 18 146
C 18 296 182
S 17 18 93
S 3 14 124
S 8 16 10
C 14 125 71
C 20 81 174
43
C 14 142 261
S 13 19 255
S 7 14 348
S 11 14 36
C 3 312 165
S 11 12 58
C 18 31 150
C 4 182 145
C 17 240 209
C 8 204 252
C 4 28 130
C 8 244 62
S 2 7 80
C 17 12 295
S 12 19 348
S 5 12 95
S 1 19 220
S 8 19 138
C 20 200 150
C 15 100 209
C 3 125 203
C 10 270 37
S 10 16 167
C 4 262 88
C 16 123 110
S 3 5 150
C 5 63 260
C 17 150 227
S 6 10 63
S 2 10 57
C 5 74 213
C 19 337 175
C 7 348 131
C 18 167 141
C 8 59 71
S 16 19 63
S 3 16 198
C 9 194 269
C 13 248 96
C 12 341 208
C 4 104 229
C 5 82 349
S 4 19 122
73
C 20 37 119
S 3 18 315
C 9 145 256
C 16 171 347
C 1 241 231
C 4 267 179
C 19 250 90
S 6 10 8
S 17 20 122
C 8 335 267
C 9 1 170
S 11 20 119
S 5 13 84
S 6 15 236
C 7 355 140
C 13 108 313
S 5 6 294
C 9 150 133
C 9 239 275
S 2 19 133
S 2 11 355
C 20 150 314
C 6 299 13
C 1 192 69
C 12 321 139
S 15 16 346
C 4 307 156
C 2 10 179
C 19 143 227
S 14 18 68
C 13 224 265
C 12 142 20
S 6 19 329
C 13 21 217
S 12 19 338
S 3 7 46
S 7 9 277
S 2 8 16
S 6 11 109
S 11 15 278
S 9 16 189
S 1 18 313
S 5 9 320
C 12 288 346
C 3 48 139
C 8 220 341
C 8 206 332
S 10 11 1
S 9 18 59
C 2 295 154
C 8 166 323
S 5 12 70
C 14 108 266
C 13 160 15
C 18 53 122
S 4 12 118
S 3 17 202
S 4 15 301
C 2 77 240
S 15 16 246
C 9 234 204
S 2 4 20
C 15 323 75
C 12 48 26
S 2 17 42
C 17 47 281
C 13 285 69
S 9 19 296
S 3 19 78
C 5 50 295
S 7 8 356
86
C 2 183 287
C 3 296 356
C 13 328 116
C 13 329 146
S 9 18 198
C 11 41 7
C 12 282 223
C 10 186 101
S 11 20 21
C 8 247 167
S 3 15 161
S 7 20 233
S 4 17 23
C 3 40 112
C 10 193 105
S 12 17 18
C 2 7 54
C 15 28 180
C 12 249 76
C 10 237 69
C 20 221 81
C 9 49 140
C 2 77 328
S 9 19 66
C 15 27 308
S 9 17 265
S 15 19 318
S 9 20 192
S 2 3 341
C 16 171 54
S 12 16 168
S 3 19 2
S 1 6 15
C 3 348 15
S 13 15 25
C 20 219 175
S 12 18 177
S 7 14 277
S 4 19 313
C 13 127 235
C 18 103 264
S 8 19 196
C 20 90 259
S 1 8 303
S 4 12 282
C 16 308 207
S 8 11 210
C 20 71 218
C 11 281 85
C 8 234 18
C 16 221 90
C 14 108 322
C 4 279 83
S 5 14 226
C 14 168 351
S 14 18 202
C 16 208 198
C 12 243 45
S 1 20 167
C 18 247 51
S 10 19 359
C 18 293 309
C 12 269 253
C 5 161 319
C 12 168 159
C 7 75 119
S 5 13 210
S 11 13 126
S 1 20 180
C 16 145 261
C 18 326 311
S 4 20 330
C 7 165 129
S 10 14 20
S 5 6 113
S 8 20 170
S 14 19 176
C 19 198 267
C 6 73 266
C 18 55 90
C 17 252 150
S 9 11 49
S 5 10 51
73
C 8 35 336
S 8 18 2
C 16 182 359
C 5 160 45
S 2 20 51
C 10 38 37
C 18 347 211
C 6 131 51
C 3 42 182
S 12 18 252
C 9 320 347
C 20 38 268
C 18 107 260
S 5 9 57
S 13 18 334
C 8 60 107
C 16 110 64
C 2 92 58
C 7 43 354
C 18 204 180
S 8 18 124
S 7 12 0
C 15 344 359
C 1 54 178
S 2 14 311
S 8 9 315
C 5 224 163
S 3 12 180
S 15 20 19
S 14 15 61
C 1 353 325
S 12 16 185
C 11 97 243
S 14 15 354
S 6 13 252
C 3 69 195
S 7 13 98
C 13 38 305
C 19 136 320
C 6 282 103
S 1 2 167
C 19 319 204
C 15 265 242
C 14 40 18
S 2 3 135
S 3 9 233
C 1 127 272
S 12 13 162
S 2 18 238
S 1 13 230
C 7 209 256
C 4 248 309
S 3 16 83
C 1 31 231
C 18 244 107
S 14 16 35
S 4 18 174
S 8 18 299
S 19 20 71
S 4 8 39
C 9 334 118
C 19 257 191
S 1 17 229
S 12 15 99
S 18 19 335
C 12 22 263
C 16 139 28
S 8 20 89
C 11 231 207
S 2 11 35
68
C 15 279 223
S 15 17 357
S 5 13 191
S 6 9 280
C 1 24 165
C 9 155 51
S 1 2 312
S 11 17 348
S 1 3 178
S 12 16 330
S 3 13 81
S 5 8 180
S 4 17 296
C 8 45 270
S 9 19 9
S 2 9 48
S 6 7 123
C 20 279 68
C 16 270 201
C 8 237 353
S 1 16 300
C 6 253 319
C 18 278 352
C 8 82 121
S 2 11 110
S 13 14 309
C 9 97 237
S 9 20 288
C 13 63 114
S 5 6 18
C 17 167 210
C 3 234 145
C 15 237 80
C 11 252 179
S 11 14 277
S 8 15 331
S 8 11 273
C 16 187 20
C 13 217 213
C 4 265 246
S 14 18 273
S 11 15 266
C 17 139 87
C 9 286 46
S 12 14 201
C 14 252 355
S 1 5 125
S 3 5 118
S 2 3 36
C 5 79 187
S 2 10 336
C 15 338 200
S 11 14 67
S 8 16 303
S 14 15 133
C 4 276 146
S 4 19 271
S 1 14 87
S 14 16 317
C 12 191 213
S 15 20 118
C 18 4 190
C 20 244 203
S 1 12 330
S 5 16 344
C 12 241 288
C 18 63 270
89
S 5 10 178
C 8 177 229
S 8 17 26
S 9 14 306
S 7 17 149
C 3 145 162
S 5 12 349
S 7 19 5
S 9 12 56
C 14 226 207
S 9 16 107
C 3 48 207
C 6 36 63
S 2 15 37
C 16 59 15
C 19 77 321
S 7 17 91
S 7 15 85
S 10 14 62
C 18 178 216
C 9 294 235
C 1 144 290
C 10 345 341
S 3 13 54
S 3 9 292
C 3 137 140
C 2 243 218
S 14 19 301
C 19 95 147
C 8 44 193
S 3 19 51
C 15 54 222
C 16 68 86
S 3 4 223
C 1 278 115
S 7 11 169
C 7 252 253
C 6 335 138
C 11 310 346
C 8 26 205
C 1 34 168
C 4 20 313
S 8 9 259
S 12 17 198
C 14 209 272
S 7 11 173
C 4 257 203
S 8 18 101
S 6 11 100
C 13 183 66
S 3 14 167
C 6 323 238
C 11 253 266
S 7 16 341
S 12 16 27
S 9 15 97
C 15 309 187
C 16 102 131
S 2 3 337
S 1 12 32
C 18 284 138
C 12 47 344
C 1 149 88
C 15 261 285
S 1 10 169
S 8 13 119
S 7 20 242
S 5 8 10
C 9 116 92
S 8 15 240
C 14 249 323
S 9 17 114
S 1 4 18
S 4 16 334
C 14 199 204
C 2 342 144
C 18 1 23
S 1 4 201
C 19 271 353
C 10 228 32
S 5 16 254
C 19 183 346
C 5 310 206
S 13 18 135
C 10 92 166
S 16 18 162
C 11 240 293
28
C 2 228 212
C 19 100 265
C 7 170 203
C 5 105 144
S 5 8 117
C 20 39 180
S 10 19 292
C 9 276 227
C 18 138 328
C 13 218 97
C 15 339 122
S 10 16 333
S 8 11 24
S 9 18 209
S 15 17 80
C 6 186 53
S 8 15 309
C 5 15 299
S 2 11 340
S 8 13 22
S 8 20 345
C 16 56 332
S 4 15 355
C 11 144 102
S 11 17 284
C 7 186 125
S 5 11 344
53
S 9 17 72
C 8 112 342
S 3 14 205
C 19 144 311
S 8 14 20
C 7 24 130
S 2 7 315
C 17 65 44
S 16 20 28
C 12 146 335
C 5 281 32
C 7 29 59
C 14 39 357
C 9 299 294
S 5 7 68
S 11 18 140
C 7 77 212
C 3 206 33
C 4 266 130
C 8 122 261
C 17 38 291
C 7 65 168
S 6 19 244
S 17 19 12
C 5 115 195
S 17 18 69
S 10 13 295
C 13 344 88
C 18 299 208
C 18 87 197
C 18 343 206
S 14 19 330
C 15 10 346
C 11 353 306
S 8 16 179
S 7 20 148
S 9 12 126
C 1 65 140
S 1 6 5
S 13 15 100
S 8 20 226
C 20 63 292
C 6 61 8
C 2 308 302
S 18 20 145
C 17 57 165
C 15 152 215
C 6 258 98
C 3 192 281
C 8 284 325
C 3 169 349
S 5 7 246
81
C 6 145 259
S 8 13 104
C 12 45 265
C 9 72 306
S 12 19 236
C 2 275 79
S 18 20 234
S 5 19 357
C 11 18 210
C 1 61 240
C 7 337 141
C 11 104 69
C 18 343 83
C 2 84 35
S 7 17 72
S 3 11 134
S 2 14 171
S 15 18 348
S 5 11 129
S 8 12 92
C 3 126 39
S 10 18 29
S 6 8 182
S 8 18 99
S 9 19 237
C 10 182 346
C 16 244 227
C 4 82 343
S 8 20 1
S 11 12 118
S 3 13 144
S 10 15 226
S 2 16 27
C 9 122 255
C 14 178 279
S 10 19 337
S 11 13 48
C 18 67 7
C 9 151 239
C 16 136 268
C 3 342 75
C 9 177 294
S 10 14 213
C 11 127 245
C 17 94 252
S 14 18 303
C 9 177 142
C 9 317 248
S 18 20 57
S 3 19 95
C 14 207 264
S 9 13 182
C 7 10 277
S 3 18 103
S 13 20 219
S 11 18 13
S 9 17 121
S 5 15 253
C 1 87 74
C 19 82 321
C 10 97 242
S 5 14 67
C 5 187 88
C 10 258 324
C 18 125 246
C 16 151 82
S 6 7 306
S 8 14 63
C 3 247 42
S 11 19 241
S 7 13 279
S 1 12 150
C 10 152 221
S 8 13 310
S 3 9 129
C 10 320 118
C 13 106 39
C 5 172 358
S 4 6 86
C 12 46 179
97
C 16 312 266
S 6 9 279
S 2 8 144
S 10 12 140
C 17 2 293
S 1 18 88
C 13 285 180
C 3 276 152
S 15 17 201
S 9 17 89
C 15 341 72
S 5 18 55
C 19 230 295
S 3 15 147
C 12 314 199
S 7 12 337
C 11 95 97
C 11 30 60
S 2 6 46
C 6 300 110
S 16 17 271
C 7 138 259
C 10 349 279
S 10 14 95
S 2 4 273
S 17 20 10
S 8 16 356
C 15 23 350
C 2 334 279
S 7 18 233
C 18 339 233
S 3 16 35
C 14 210 236
S 11 20 200
C 4 162 53
S 2 5 172
S 6 18 15
C 4 38 93
S 7 8 299
C 20 220 194
S 2 13 285
S 8 11 239
C 3 297 84
S 17 19 60
C 9 18 309
C 1 145 223
C 10 17 3
C 2 96 278
C 6 170 127
C 7 235 238
C 1 243 156
C 12 350 111
C 5 270 350
S 19 20 325
S 8 18 184
C 18 247 247
C 13 40 125
S 4 6 109
S 2 3 184
C 2 109 27
S 5 12 28
S 4 5 1
S 3 15 95
C 6 355 43
S 6 15 329
C 17 273 335
S 15 17 241
S 6 18 349
S 3 6 237
S 10 12 240
C 1 207 193
S 11 15 249
C 13 260 64
S 4 17 220
S 8 10 3
S 8 10 333
C 13 223 46
C 10 215 260
S 3 14 297
S 1 12 151
C 11 193 84
C 12 191 222
C 10 281 256
C 6 13 251
C 10 15 44
S 6 9 148
C 4 296 273
S 5 19 233
C 2 12 291
C 3 344 155
C 16 309 100
S 6 8 300
C 12 68 244
S 5 15 298
C 16 196 217
S 4 17 359
73
S 11 18 158
S 3 7 115
C 15 321 334
C 19 37 275
S 17 19 222
S 7 13 357
S 3 4 36
C 3 35 104
S 1 7 331
C 16 311 243
S 2 14 225
C 5 235 60
S 8 12 312
S 12 13 237
S 6 14 19
S 1 16 213
S 11 18 209
C 15 20 293
C 5 34 346
S 1 19 52
C 19 24 114
C 9 149 356
C 18 35 217
S 4 12 281
C 3 82 166
S 3 17 70
S 1 10 186
S 12 17 76
S 1 2 149
C 10 201 325
C 2 247 232
S 2 9 341
C 17 39 125
S 14 19 0
C 12 28 209
C 1 24 307
S 8 9 115
S 9 16 220
S 6 11 225
S 10 18 70
S 1 17 281
S 3 13 278
S 11 15 71
S 2 13 299
C 16 33 103
C 10 194 318
C 11 337 336
S 7 15 270
S 11 16 266
C 8 122 308
S 4 7 289
S 2 7 223
C 18 242 60
C 20 302 134
C 1 70 265
S 10 12 99
C 14 126 221
C 12 291 19
S 12 17 96
S 11 14 17
C 12 162 199
S 3 10 329
C 17 330 9
C 11 60 154
C 12 15 359
C 15 71 286
S 12 17 144
C 7 132 113
S 10 15 235
17
S 2 10 132
S 2 13 279
C 17 203 116
S 12 20 61
C 2 330 286
S 6 10 155
S 3 12 10
S 5 18 209
C 2 316 170
C 2 236 352
C 6 52 12
C 13 182 92
C 12 215 319
S 7 17 11
C 18 172 229
S 8 14 158
39
S 2 11 230
C 18 2 257
S 6 8 37
C 16 121 87
C 15 56 167
S 6 14 107
C 15 34 188
C 8 75 12
C 11 331 244
C 4 197 23
C 14 13 122
S 4 19 25
C 20 246 153
S 10 14 263
C 5 18 351
C 12 151 335
S 7 11 4
C 16 307 193
S 9 13 34
C 7 267 65
S 9 10 282
S 2 11 84
S 4 16 335
C 8 22 194
C 13 122 278
C 3 214 74
C 12 353 246
S 1 15 115
S 14 19 165
S 7 19 184
S 4 19 175
S 1 9 342
C 8 230 209
S 11 17 130
S 9 18 325
S 1 12 180
C 6 322 253
S 2 10 130
S 10 20 273
6
C 12 292 234
S 1 15 158
C 16 277 34
S 7 16 305
S 3 19 110
S 7 9 269
43
C 15 315 139
S 18 20 128
C 7 151 318
C 19 63 347
C 13 157 94
C 15 173 230
S 18 20 281
S 4 6 207
C 5 191 217
S 5 12 288
S 6 12 292
C 9 159 336
S 2 12 109
S 7 14 49
S 6 8 109
C 18 30 338
S 6 19 235
C 14 219 236
S 6 8 74
C 4 289 86
S 7 13 234
C 15 251 210
C 10 356 259
S 18 19 157
S 12 13 256
C 7 84 51
C 17 108 58
C 15 167 299
C 6 181 318
C 16 207 200
C 16 359 145
S 10 11 129
S 1 15 73
C 15 9 235
S 7 13 58
S 16 20 194
C 4 306 2
S 7 20 80
S 5 13 99
S 9 11 76
C 18 41 353
C 13 299 155
S 12 18 41
65
S 1 2 94
C 8 201 152
S 4 16 187
S 15 18 171
C 17 98 257
C 2 103 247
C 15 209 186
C 8 281 231
C 8 333 178
S 5 11 76
C 3 117 6
C 8 250 281
S 4 12 234
C 16 209 344
S 10 19 275
S 7 18 328
C 17 136 174
C 7 32 69
C 1 284 129
C 5 137 48
S 8 18 324
C 14 359 204
C 14 256 167
S 13 18 55
C 5 256 353
S 7 10 155
C 5 44 34
C 3 225 236
C 18 167 356
C 6 216 346
C 20 266 243
S 3 6 28
C 3 146 227
C 12 223 273
S 9 18 278
C 10 88 348
C 20 247 202
S 3 20 349
C 18 262 36
C 19 59 227
C 6 189 145
C 11 171 332
C 20 86 128
S 10 16 304
C 6 57 56
C 20 313 129
S 1 2 350
S 3 4 236
S 2 10 38
C 11 142 55
C 13 248 306
S 6 14 356
S 10 16 113
C 18 13 235
S 1 6 238
S 9 19 165
C 9 270 218
C 19 260 77
C 2 209 150
C 1 87 245
S 10 17 323
S 10 18 60
S 8 19 122
67
C 8 298 1
C 9 145 225
S 2 18 312
C 9 141 252
C 13 158 326
C 17 180 46
C 19 327 293
S 2 18 47
C 1 204 176
S 12 19 203
S 7 13 54
S 9 20 302
C 17 224 54
C 17 157 12
S 9 18 190
C 9 356 78
C 10 54 347
C 14 162 319
S 7 13 281
S 6 8 297
S 14 15 263
C 10 298 50
S 18 20 134
C 5 178 23
S 5 15 158
C 8 247 1
S 1 10 17
S 7 13 284
C 3 216 266
C 12 56 206
C 12 54 103
C 12 139 46
S 1 17 281
C 1 304 358
S 7 10 130
S 9 14 118
S 7 12 335
S 1 20 4
S 3 13 331
S 3 14 353
S 11 15 240
C 18 13 171
S 4 10 155
S 8 13 307
S 1 2 55
C 3 4 295
C 18 226 56
C 13 187 57
S 7 11 335
S 4 16 203
C 15 260 207
C 2 137 145
S 9 15 51
S 12 16 239
S 5 15 345
S 2 17 301
S 7 8 146
S 13 19 100
S 16 17 248
C 18 164 45
S 8 17 19
C 7 8 80
S 2 8 272
C 9 218 100
C 3 77 358
S 7 18 319
S 10 19 260
47
C 2 161 13
C 11 211 342
S 4 13 72
S 4 19 179
C 7 120 7
S 2 3 146
S 7 16 256
C 2 175 268
C 16 85 159
C 13 28 77
S 8 11 327
C 18 348 120
S 1 7 157
C 6 186 122
S 5 17 192
C 16 344 317
S 15 20 99
C 2 313 341
S 15 20 138
S 6 18 66
C 18 304 244
S 4 8 292
C 1 305 199
C 14 264 24
S 15 18 335
S 9 10 95
S 15 18 315
C 11 342 249
S 13 17 207
C 3 134 313
S 1 4 123
C 18 165 53
S 11 20 98
S 12 20 217
C 12 168 76
S 5 7 265
C 4 29 29
C 12 4 141
C 10 30 64
S 5 8 122
C 5 243 75
C 10 27 242
S 13 20 2
S 6 15 36
50
S 5 20 309
C 19 334 265
C 13 142 21
C 11 352 315
C 6 261 128
S 2 20 356
C 8 329 0
C 4 134 299
S 12 16 357
S 4 9 18
S 9 12 303
C 14 244 111
C 20 57 181
C 9 204 107
C 4 265 171
C 15 82 20
S 7 20 247
C 9 1 60
C 19 104 321
S 4 15 316
C 2 106 142
S 10 12 208
S 11 14 187
C 6 0 26
C 1 50 276
S 4 9 229
S 2 4 50
C 14 314 225
C 12 183 29
C 20 312 140
S 18 19 167
S 8 18 60
S 5 19 314
S 13 18 77
C 4 286 32
C 8 288 40
C 13 283 337
S 7 14 203
S 16 17 54
C 11 123 126
S 6 7 193
C 8 7 358
C 3 177 83
S 9 11 89
S 4 18 276
S 2 12 308
S 4 8 221
S 14 18 295
S 13 16 347
S 5 6 269
49
C 4 206 202
S 10 13 81
C 12 32 63
S 18 19 125
C 13 320 111
S 5 7 358
S 12 15 133
C 11 90 222
C 14 355 86
C 4 106 329
C 18 110 17
C 8 296 143
S 4 13 235
S 2 14 51
C 19 208 227
S 6 20 201
S 11 14 146
S 2 11 131
C 14 147 140
S 3 11 336
C 11 137 254
S 5 15 67
C 13 48 359
C 8 205 257
S 17 19 146
C 19 220 248
C 5 73 33
C 2 357 6
S 2 13 341
C 13 0 164
C 16 117 184
S 1 13 331
C 10 359 318
S 8 18 230
S 4 6 343
S 17 19 231
S 3 4 178
S 5 10 19
S 5 7 28
C 14 176 36
C 18 53 49
S 4 20 215
C 7 13 159
C 8 260 61
S 12 15 3
S 2 16 295
S 5 11 186
C 19 125 253
70
C 20 259 345
S 4 16 173
C 1 130 331
S 5 7 118
S 4 16 288
S 11 18 129
C 15 72 51
C 7 209 226
S 5 14 168
S 2 16 150
C 20 60 103
S 8 14 276
S 3 7 353
C 20 124 314
S 12 19 216
C 12 76 8
C 13 25 116
C 10 17 347
C 1 327 271
S 1 4 347
C 5 97 269
C 16 136 8
C 15 228 201
S 6 15 105
C 2 274 134
C 19 187 125
C 18 251 110
S 17 20 12
S 6 19 277
S 7 8 15
S 3 11 244
S 5 17 347
C 2 341 90
C 13 195 24
S 3 8 60
S 2 14 197
C 4 174 9
C 18 168 217
C 13 344 166
S 4 12 305
S 1 2 106
S 5 8 172
S 14 19 63
S 11 13 354
S 6 15 310
S 10 18 202
S 3 7 48
S 14 17 289
C 1 145 70
C 14 110 289
C 12 149 19
S 8 17 129
C 14 304 308
S 17 19 339
C 5 88 235
S 5 20 166
S 11 13 103
C 15 221 200
C 3 309 40
C 6 237 32
S 10 12 21
S 8 9 146
C 12 73 28
S 6 14 147
C 16 204 240
S 9 19 310
C 1 129 266
S 9 16 75
C 10 188 346
38
S 12 17 191
C 10 36 278
S 5 14 201
C 14 122 300
S 12 17 70
S 15 20 163
S 10 13 20
C 19 37 100
S 9 12 189
C 16 297 90
C 20 345 32
C 16 99 144
S 11 18 20
C 5 135 148
S 1 3 99
C 5 22 298
C 14 163 322
S 3 7 246
C 4 151 166
S 13 18 107
C 20 50 289
S 8 9 296
C 7 216 118
C 15 15 133
S 5 15 340
C 10 211 247
C 20 1 319
S 7 9 161
S 12 17 139
C 4 55 35
C 11 13 158
C 2 249 348
C 5 311 77
S 5 8 4
S 1 17 263
S 12 14 228
S 6 19 304
88
S 1 8 304
S 3 6 103
S 10 20 44
S 5 16 335
C 18 246 317
S 13 18 164
S 1 3 21
S 5 18 227
C 12 219 237
C 5 16 333
C 6 182 25
S 1 6 33
S 7 10 49
S 9 19 58
S 1 3 328
C 17 225 253
S 1 5 309
S 10 14 171
C 10 72 336
C 17 232 233
S 5 11 107
S 17 19 58
C 18 201 152
C 5 258 51
C 4 74 97
C 19 158 60
C 20 343 299
C 18 135 62
C 13 309 60
C 16 187 274
C 20 144 261
S 4 10 51
C 7 183 268
C 6 104 87
S 5 17 269
C 7 132 219
C 6 151 181
S 12 19 20
C 9 238 10
C 1 266 227
S 12 19 79
S 16 18 138
S 3 9 38
C 7 181 250
S 7 10 184
C 11 151 196
S 9 20 234
S 5 11 1
C 11 256 208
C 8 336 322
C 7 228 354
S 3 8 334
C 1 62 126
C 2 201 291
S 1 16 79
S 6 18 227
C 19 247 211
S 4 19 245
C 18 92 55
S 4 8 265
S 16 20 295
S 13 19 46
S 3 4 193
C 7 224 174
C 11 301 110
C 11 308 305
C 11 81 291
C 8 294 163
C 8 57 272
S 5 8 216
C 7 232 126
C 4 71 286
C 2 131 206
S 5 15 339
C 8 263 275
S 2 13 223
S 8 11 168
C 16 7 310
C 18 162 312
S 10 15 26
C 6 151 193
C 17 19 45
S 7 8 223
C 15 81 177
C 14 190 95
S 6 12 224
C 6 56 0
30
S 3 8 338
C 12 275 238
S 13 15 256
C 3 53 128
C 9 213 51
S 3 12 142
C 8 152 86
S 6 15 240
C 12 345 193
C 12 185 88
C 2 7 78
C 20 83 305
S 4 18 100
S 3 7 78
S 16 19 48
S 4 7 99
C 1 51 141
S 8 11 136
C 18 353 286
S 2 10 312
C 3 63 103
C 4 173 244
C 15 230 172
C 13 56 254
S 3 12 46
C 2 335 33
C 5 259 42
C 17 16 147
C 5 144 124
51
C 7 96 9
S 7 14 275
C 18 239 203
C 17 336 262
C 10 335 281
S 4 6 229
C 4 145 20
C 7 53 237
S 2 12 152
C 7 183 235
C 3 1 325
C 8 209 140
C 7 7 61
C 12 28 331
S 7 15 345
S 13 17 277
C 17 110 340
S 7 13 35
C 12 118 154
S 8 19 221
C 19 231 311
S 3 19 224
C 2 149 29
C 13 324 80
S 2 10 68
S 11 18 346
C 7 212 205
S 4 14 206
C 19 92 314
S 4 8 209
C 2 174 157
C 18 19 100
C 7 139 172
S 4 20 1
S 2 12 141
S 6 11 328
C 4 0 226
S 11 13 331
C 4 120 87
S 10 11 184
S 11 14 327
C 9 349 84
C 3 287 108
C 5 163 68
S 1 4 318
C 13 30 178
S 8 18 199
C 12 118 112
S 10 16 351
C 2 42 91
18
C 7 253 354
C 4 53 39
C 9 217 57
C 2 43 282
S 2 3 309
C 14 191 260
S 13 19 342
C 4 184 298
C 10 113 130
S 6 17 324
C 7 355 197
S 17 20 217
C 19 122 214
S 11 12 318
C 10 224 329
S 2 6 119
C 1 305 34
85
S 9 11 212
S 16 17 271
S 8 14 345
C 20 47 238
C 8 140 353
S 1 6 80
S 4 14 297
C 3 149 302
S 9 14 295
S 3 5 12
S 8 17 162
S 7 9 32
C 18 46 77
S 8 14 321
C 20 86 145
S 2 17 217
C 1 184 11
S 11 20 6
C 4 132 175
S 3 7 186
C 20 264 163
C 13 305 340
S 3 10 188
S 2 6 328
C 10 204 182
C 18 144 13
C 8 319 36
C 11 63 117
S 5 15 101
S 16 20 249
S 8 20 326
S 14 18 75
C 16 186 160
S 4 10 86
S 17 20 359
C 14 289 223
C 3 292 172
C 12 88 24
S 6 17 121
C 7 245 286
S 2 19 153
S 3 8 131
C 4 90 49
C 6 98 13
S 13 20 143
C 16 214 42
S 11 12 287
S 17 19 1
C 19 230 32
S 4 5 109
C 6 37 74
S 6 12 194
C 2 50 281
C 15 100 337
S 15 19 313
C 18 345 13
C 14 293 249
C 4 203 149
C 13 17 7
C 2 284 151
C 2 310 159
S 6 17 96
S 5 9 323
S 13 17 67
C 14 340 83
C 6 65 24
C 5 18 225
S 12 14 140
C 2 80 200
C 4 257 118
S 4 20 299
S 17 20 208
S 12 20 243
C 11 299 351
C 18 163 111
C 6 131 203
C 8 280 176
C 20 218 222
C 6 121 231
C 8 125 142
C 9 94 218
S 3 13 162
22
S 5 19 28
C 1 224 223
S 1 7 254
C 15 166 162
C 4 113 72
C 4 171 54
C 2 88 9
S 4 10 207
C 14 309 178
S 19 20 20
S 7 19 256
S 3 15 340
C 5 272 346
C 19 33 313
C 16 230 66
S 11 15 223
C 9 329 300
S 14 15 105
S 6 13 285
C 5 293 298
C 20 5 316
70
C 16 288 180
S 13 14 205
S 6 16 273
C 3 258 64
S 12 16 328
C 9 126 103
C 5 256 108
S 1 8 15
S 2 6 85
S 4 11 27
S 18 19 26
S 11 18 199
C 14 131 9
S 8 10 272
C 2 91 26
S 3 18 72
C 12 6 59
C 1 63 98
C 7 56 346
S 12 17 55
C 9 246 215
C 13 326 350
S 8 9 190
C 10 7 284
C 19 303 253
S 2 9 326
S 17 18 127
S 3 6 242
C 9 16 30
C 16 300 252
C 10 316 81
C 20 204 171
C 7 177 190
C 7 304 14
S 3 18 235
C 17 13 43
S 17 20 208
S 8 14 3
S 14 16 72
S 11 16 321
C 10 340 337
C 2 102 132
C 7 202 281
C 6 141 340
S 6 14 335
S 8 19 217
S 6 12 308
C 13 44 139
S 1 3 209
C 13 145 94
S 6 18 184
S 1 6 41
S 12 13 53
S 10 12 23
C 11 258 281
S 6 12 168
S 10 12 314
C 10 348 12
C 1 263 324
C 20 198 54
C 19 111 134
S 1 17 86
S 3 12 86
C 5 65 66
C 16 307 128
C 7 110 90
C 1 143 331
C 12 159 359
C 11 112 89
C 14 71 132
46
C 2 102 222
S 6 11 46
S 5 13 257
C 17 166 196
S 5 10 232
S 4 7 21
S 2 10 99
C 13 347 92
S 1 11 230
C 9 354 4
S 8 15 211
C 15 226 307
C 9 204 75
C 4 194 60
C 14 125 282
S 1 5 282
C 8 66 250
C 3 23 262
C 16 9 211
C 10 205 290
C 16 328 283
C 2 310 115
S 12 18 27
S 10 12 187
C 12 339 144
C 10 336 67
C 19 22 29
C 19 144 146
S 7 19 48
C 14 237 139
S 1 10 86
S 5 15 100
S 1 8 344
S 9 13 339
S 4 9 211
C 4 76 334
C 9 143 322
S 4 11 319
C 11 252 70
S 8 9 92
C 9 247 117
C 3 91 149
C 16 170 132
80
C 8 146 269
C 12 110 352
S 6 16 107
C 1 330 42
S 7 9 208
S 9 16 128
S 3 18 24
S 5 19 69
S 17 20 100
S 4 5 272
S 14 17 182
C 19 140 211
C 10 18 138
C 5 110 49
S 7 14 42
S 1 20 321
C 17 126 8
C 7 276 151
C 8 157 202
S 7 19 261
S 7 11 49
C 15 38 176
S 1 2 57
C 15 289 261
C 7 9 195
C 7 166 50
C 8 117 248
C 11 288 87
C 6 169 8
C 17 232 195
C 9 16 31
C 16 104 214
S 1 12 6
C 17 280 275
S 10 11 227
S 5 20 157
S 1 19 158
C 3 351 272
S 1 13 69
S 3 10 14
C 2 136 41
S 6 13 25
S 9 13 247
C 4 355 217
S 7 17 289
C 19 72 98
S 7 12 271
S 10 14 76
S 2 18 186
S 8 17 277
S 11 14 135
S 6 15 48
S 12 16 173
S 8 12 91
C 13 218 178
C 5 351 173
S 11 12 293
C 7 80 147
S 15 18 265
C 16 287 91
C 4 104 54
C 8 243 59
C 18 284 147
S 3 11 329
C 12 270 272
S 4 18 311
C 17 98 287
C 13 170 65
C 1 244 226
C 5 108 249
C 1 353 246
S 2 3 62
S 9 20 191
S 2 11 136
S 6 16 274
C 3 351 245
42
S 1 3 150
C 3 154 308
C 3 341 177
S 4 11 67
S 3 20 267
S 4 17 208
S 2 9 121
C 11 195 305
C 18 111 228
C 9 165 136
S 4 5 185
C 5 275 176
C 5 130 114
S 8 17 80
C 13 163 353
C 20 54 123
S 6 13 72
S 8 14 33
S 4 11 153
S 5 8 74
C 11 6 264
S 4 10 257
S 6 15 20
C 9 89 135
C 10 215 26
C 5 316 221
S 12 15 126
S 7 13 74
S 8 11 154
C 18 235 269
C 12 358 139
S 13 17 330
C 8 20 329
C 12 326 24
C 1 312 253
S 4 6 50
S 12 15 110
C 16 266 254
C 10 73 233
C 5 233 251
C 19 348 59
41
S 12 15 82
S 1 8 281
S 16 17 226
S 4 9 238
C 6 318 163
S 4 20 213
S 3 10 96
S 4 19 22
S 6 8 47
C 2 72 172
S 6 15 222
S 4 13 81
S 4 16 251
S 11 16 221
C 13 224 336
C 7 153 116
S 5 18 169
C 13 132 27
C 5 136 301
C 3 321 13
C 10 149 220
C 3 359 355
C 7 20 101
S 15 16 45
C 1 355 213
C 4 60 352
C 20 301 299
C 17 122 139
C 14 150 119
C 2 191 246
S 3 6 120
S 1 20 291
C 20 0 328
C 14 150 160
S 8 19 37
C 20 141 58
C 20 350 14
S 2 16 38
S 2 19 159
C 4 103 227
C 12 174 25
44
C 5 180 357
S 2 12 10
S 5 8 230
C 13 29 354
C 7 340 210
S 6 12 69
S 15 16 152
S 3 15 188
S 12 20 242
C 11 256 87
S 4 20 16
S 7 11 45
C 12 359 248
S 1 9 286
C 4 319 319
C 6 135 169
C 5 288 70
C 16 178 70
S 6 15 166
C 2 74 298
C 9 128 262
S 6 15 211
C 13 100 17
C 10 273 342
S 14 17 23
C 3 186 22
C 2 36 236
C 9 79 61
S 5 11 146
S 1 20 271
C 16 73 254
S 3 13 326
C 14 245 207
C 2 109 163
C 1 148 90
S 4 16 343
C 13 142 32
C 5 33 36
S 11 16 348
S 3 20 244
S 9 14 101
C 18 2 88
S 2 11 23
C 4 127 28
87
S 1 16 288
C 16 258 187
C 19 158 77
C 10 79 347
S 13 14 337
C 2 127 323
S 13 18 106
S 11 15 67
S 9 17 57
C 10 290 196
S 6 8 15
C 19 42 200
C 12 305 36
C 20 201 6
C 2 280 354
S 17 20 163
S 5 13 195
S 18 20 256
C 6 234 327
C 12 116 239
C 13 134 56
C 5 141 318
C 3 55 311
S 18 20 359
C 5 333 287
S 1 3 284
S 7 9 195
C 20 95 351
S 3 19 177
C 9 8 236
S 1 10 213
C 1 173 154
S 1 10 315
S 9 16 194
C 11 10 148
S 2 8 358
S 1 2 45
S 12 16 34
C 2 328 257
C 16 347 12
C 18 26 92
S 14 15 182
C 12 278 97
S 8 18 168
S 3 11 357
S 13 15 265
C 1 32 175
S 18 20 37
C 17 2 233
C 11 272 287
S 15 19 116
S 12 14 293
S 3 8 103
C 12 132 101
C 1 115 129
S 3 9 14
S 9 19 253
C 20 287 35
C 1 298 75
C 9 3 120
S 12 16 217
C 6 302 173
S 11 13 2
S 8 18 207
S 12 15 273
S 3 12 358
S 10 11 47
C 20 89 183
C 3 241 63
S 6 17 141
C 3 35 284
S 7 10 120
C 7 273 241
C 11 246 329
S 2 13 90
C 17 120 241
S 14 19 322
C 8 311 173
S 10 11 352
C 20 313 354
C 2 353 228
S 4 14 243
68
S 8 18 253
S 3 15 15
S 2 7 347
S 7 20 322
S 9 20 16
S 5 18 148
C 8 300 301
C 3 4 244
S 11 19 164
C 4 36 352
C 2 61 180
C 14 240 213
S 1 19 192
C 19 187 35
S 7 20 243
S 7 12 42
C 6 325 125
C 14 322 295
C 17 318 68
S 8 9 319
S 1 10 287
C 6 154 246
S 12 18 299
S 5 19 204
C 3 326 80
S 13 14 21
C 9 116 341
S 9 11 294
C 12 190 73
C 19 9 198
C 8 338 164
C 1 16 41
S 4 13 120
S 3 18 163
S 14 15 232
S 7 9 49
C 20 260 119
S 4 12 85
S 14 18 171
S 2 19 22
C 12 2 102
C 15 307 125
C 10 89 260
C 4 164 218
S 7 11 139
S 8 16 0
C 5 134 4
C 19 329 261
C 14 251 240
S 8 17 294
C 20 121 117
C 11 13 168
C 2 150 80
C 10 249 326
C 4 216 109
S 7 18 112
C 19 314 294
C 1 39 287
S 12 14 91
S 8 17 54
C 5 55 357
S 5 16 242
C 11 4 317
S 10 18 299
S 8 16 68
S 5 17 276
20
C 19 320 230
C 5 322 283
S 6 16 70
S 11 14 123
C 17 57 220
C 20 44 357
C 3 7 58
S 10 12 260
C 9 358 134
S 4 17 338
C 9 82 285
C 7 166 123
S 15 19 23
S 1 18 197
S 5 13 43
S 16 17 182
S 2 4 41
C 20 340 12
S 13 15 20
C 11 305 82
45
S 1 10 315
C 4 276 177
S 8 16 108
S 11 14 222
S 13 18 295
S 9 19 153
C 8 303 156
S 17 18 110
S 11 12 248
C 18 306 120
C 18 329 352
S 4 13 133
C 20 0 16
S 9 12 274
C 10 75 1
C 11 39 236
C 13 325 267
S 14 17 50
S 6 16 302
C 18 250 168
S 10 15 280
S 4 20 5
C 4 30 79
C 17 293 211
S 8 17 17
C 11 47 120
S 14 18 289
S 1 19 132
C 12 114 184
S 7 20 6
S 6 15 353
C 3 201 114
C 12 153 7
C 7 47 294
C 7 289 279
S 1 12 359
C 5 170 228
S 4 13 242
C 11 8 61
S 11 12 87
C 11 178 84
S 6 15 21
C 10 196 175
S 14 18 8
88
C 5 242 144
S 3 16 346
S 6 14 191
S 9 18 323
C 4 166 343
C 5 253 89
S 11 12 102
S 2 6 317
C 9 193 191
C 18 44 198
S 8 11 232
S 6 14 99
S 3 16 26
C 18 76 154
S 3 12 251
C 8 317 250
S 1 16 21
S 17 20 182
S 12 15 53
C 19 321 330
C 11 168 36
C 3 275 338
C 1 144 93
C 12 76 332
S 11 16 18
S 1 10 111
S 11 18 358
C 7 107 208
C 18 60 280
S 13 15 62
S 6 15 293
C 17 246 47
C 5 204 348
C 2 300 143
S 14 18 153
C 2 344 328
S 6 7 42
S 1 18 351
S 1 3 27
C 17 253 141
C 15 192 265
S 7 12 246
S 5 9 290
S 19 20 66
C 5 35 102
C 6 110 328
C 17 104 299
S 8 16 292
C 6 341 263
C 7 6 150
S 7 13 168
C 9 29 268
C 11 119 241
S 8 11 214
S 2 15 140
S 1 11 296
C 9 132 208
S 2 13 213
C 13 235 83
C 10 139 13
C 16 359 270
C 19 159 127
S 7 20 98
C 10 337 152
S 11 18 277
C 16 232 315
S 19 20 163
C 13 71 182
S 8 13 314
S 3 9 324
S 5 10 40
S 2 10 67
S 3 15 242
S 14 20 352
C 18 135 158
S 4 9 218
C 20 340 74
C 11 211 302
C 20 288 152
S 4 19 163
S 6 14 65
C 4 192 267
C 14 114 314
S 16 17 64
S 6 7 126
56
C 6 242 160
C 17 75 190
C 10 316 292
S 6 10 298
S 10 13 263
C 18 35 53
S 6 11 0
C 3 12 292
S 16 20 336
S 10 15 104
C 6 348 1
C 2 49 108
S 2 5 64
S 8 16 2
S 6 16 166
S 4 19 262
C 15 35 96
S 11 16 42
S 10 20 269
S 3 9 89
C 13 33 81
C 3 243 221
S 1 20 183
C 13 181 358
S 9 18 355
C 16 168 21
S 1 16 274
C 3 315 236
S 9 18 56
C 11 350 212
S 6 17 104
C 1 125 4
S 14 16 291
S 18 20 87
S 6 13 61
C 15 208 290
S 13 15 11
S 6 7 135
S 14 17 62
S 1 15 91
C 15 172 66
S 13 16 182
C 16 302 140
S 4 20 122
C 1 230 231
S 11 15 206
C 17 198 275
S 14 16 237
C 5 40 46
S 5 19 147
C 20 108 329
S 9 10 10
C 11 275 144
20
S 14 15 143
C 19 357 27
S 4 8 234
C 15 11 247
C 5 221 70
C 7 205 117
C 15 5 46
C 13 195 233
S 1 6 271
S 8 13 272
C 19 338 160
C 2 104 162
S 2 19 219
C 17 60 4
S 14 16 89
C 15 237 132
C 15 312 51
S 9 14 36
S 17 18 263
S 12 19 58
19
S 12 14 19
C 20 330 328
S 4 5 319
S 1 2 86
S 12 19 133
S 14 19 20
C 2 41 341
S 2 17 242
C 4 3 203
S 6 12 10
S 7 17 21
S 5 19 17
C 3 306 9
S 16 19 146
C 20 218 32
C 11 113 240
C 15 248 185
S 6 13 200
S 10 13 95
26
S 3 20 106
C 9 307 203
S 10 14 33
C 5 220 266
C 1 340 332
S 15 20 141
C 14 113 295
S 3 18 277
C 5 185 355
S 3 12 292
C 19 129 63
S 8 14 269
S 5 18 348
C 18 178 94
S 9 11 261
S 6 11 105
C 11 221 91
C 6 233 103
S 11 17 75
S 1 8 61
C 4 119 318
C 5 193 267
S 1 11 314
C 12 69 345
S 2 18 135
S 8 15 56
49
S 8 9 98
C 2 16 99
S 4 14 121
C 1 1 35
S 3 10 180
C 19 9 156
S 1 16 70
C 12 101 161
C 4 325 314
C 20 278 201
S 9 13 345
S 8 18 180
S 9 17 141
S 8 11 92
C 7 11 185
C 18 148 238
C 4 282 3
C 6 74 68
C 17 261 161
C 4 247 61
C 14 299 249
C 2 129 314
C 6 7 95
C 16 170 318
C 12 277 301
C 19 68 298
C 17 49 73
S 3 7 120
C 1 321 152
S 9 10 94
C 2 110 54
C 17 232 41
C 13 84 298
C 20 286 6
S 8 18 152
C 15 282 158
S 1 13 61
C 14 288 35
S 1 3 116
C 10 232 128
C 14 354 248
S 5 10 216
C 17 248 69
C 6 44 77
C 3 246 114
S 7 14 294
C 12 352 134
C 14 5 346
29
S 4 17 91
C 2 309 211
C 8 76 331
C 8 171 181
C 3 319 266
S 18 20 102
C 6 54 287
S 13 19 184
C 8 0 139
C 12 57 49
S 6 20 116
C 10 109 173
C 14 206 8
S 6 11 186
C 5 28 52
S 14 19 278
C 13 131 253
C 12 254 303
S 1 11 29
C 1 69 20
C 19 37 141
S 9 20 311
S 10 19 221
C 15 112 19
C 8 159 45
S 6 15 175
C 1 294 257
C 20 76 236
C 15 314 313
78
C 1 169 335
C 5 357 209
C 20 301 59
C 15 89 271
C 18 28 291
S 6 14 292
S 7 19 115
S 15 18 6
C 13 89 61
S 7 11 322
S 8 12 63
C 3 94 194
S 10 18 63
C 7 309 141
S 4 17 36
C 19 103 129
C 4 287 75
S 4 15 42
C 9 359 235
C 10 139 101
C 12 200 242
S 4 12 161
S 12 18 246
C 17 281 170
C 9 279 39
C 19 292 219
C 18 249 265
S 11 12 177
C 11 242 199
C 4 292 134
S 1 4 13
C 10 21 263
C 19 290 293
C 13 169 341
C 19 336 312
S 11 20 156
S 8 20 301
S 3 15 359
C 1 219 233
S 10 17 321
S 14 19 17
C 4 321 60
S 11 13 69
C 10 153 225
S 9 15 253
S 7 11 188
C 13 211 230
C 6 234 280
C 9 76 161
C 16 332 219
S 15 19 166
C 11 58 160
C 4 175 329
S 4 14 175
S 16 18 276
S 15 18 48
S 10 15 62
C 19 54 149
C 20 118 266
C 9 11 277
C 18 52 268
S 8 12 27
C 2 25 287
S 4 11 151
C 18 232 196
C 16 122 335
S 7 13 100
C 3 352 9
S 9 19 68
C 7 49 5
C 10 45 188
S 4 5 302
C 6 306 205
S 5 19 222
C 8 293 290
3
S 4 20 86
C 3 295 176
C 5 301 334
22
S 6 11 298
S 5 7 80
S 2 9 215
C 6 109 15
C 2 323 189
C 6 287 22
C 11 260 1
S 11 17 301
C 14 274 351
C 7 250 240
S 8 14 317
C 5 89 29
C 10 145 66
C 5 271 6
C 3 100 326
C 6 113 93
C 5 58 117
S 8 19 6
C 5 161 344
S 13 16 331
C 3 38 105
C 10 303 253
85
C 9 42 227
C 17 9 2
S 6 20 146
S 9 12 336
C 6 93 108
S 13 17 115
C 2 102 62
C 18 272 205
C 1 50 63
C 18 49 326
S 11 19 253
S 8 15 94
C 8 337 340
S 7 18 324
C 16 140 265
S 2 20 154
C 20 203 66
C 18 116 184
C 8 332 73
C 16 89 102
S 4 19 175
C 20 241 120
C 11 80 300
S 3 11 54
S 3 11 258
C 1 106 132
S 4 16 190
C 20 11 73
C 14 176 332
S 4 12 260
C 10 357 29
C 14 4 332
C 2 198 184
C 18 256 39
C 18 286 128
C 20 3 26
S 6 18 232
C 20 80 193
C 9 117 197
C 16 271 20
S 9 18 258
S 16 18 292
C 16 178 256
S 13 19 164
C 8 24 286
C 18 258 72
S 16 18 70
C 15 145 320
C 9 132 21
C 15 99 148
C 12 80 61
S 10 11 93
S 3 13 107
S 4 12 56
S 1 13 313
S 7 13 339
S 14 17 317
C 3 173 198
C 1 98 57
C 9 90 316
S 4 10 112
C 8 266 139
C 1 19 349
S 2 16 47
C 8 49 219
C 12 162 319
C 14 267 97
S 11 18 329
S 1 13 127
S 2 6 313
S 12 20 253
C 16 188 130
S 5 19 155
C 7 28 209
S 11 20 228
C 17 22 196
C 19 118 141
C 14 263 202
C 16 342 100
S 14 17 161
S 5 12 210
S 6 16 76
62
S 14 15 283
C 13 143 43
S 10 17 199
S 10 11 353
S 9 19 209
C 10 256 236
C 5 289 68
S 2 7 280
S 1 2 160
C 19 78 276
S 13 18 308
C 10 39 97
C 3 307 13
S 1 15 35
C 14 58 51
C 17 312 130
S 3 10 128
S 7 9 86
C 16 220 71
C 4 295 13
C 20 51 4
S 5 9 76
C 10 319 234
C 3 86 324
C 12 104 242
S 10 14 297
S 8 12 112
S 12 19 198
C 12 163 104
S 1 3 90
C 17 263 355
S 5 15 311
S 10 15 359
S 9 12 96
S 7 11 284
S 1 12 219
S 1 18 208
S 5 10 258
S 15 19 185
S 9 15 196
C 4 14 159
C 7 63 297
S 10 12 182
C 8 200 113
C 19 104 8
S 4 5 57
S 14 18 8
S 13 20 13
S 18 19 63
S 1 16 107
S 7 15 122
S 9 19 134
C 8 33 10
S 2 8 193
S 10 16 288
S 3 6 125
C 11 75 326
C 7 80 338
S 5 7 315
S 2 13 241
62
C 10 337 57
C 10 7 5
S 1 7 253
S 2 17 135
S 14 19 331
C 17 194 244
S 2 19 283
C 12 80 78
C 9 202 140
S 13 17 106
S 1 15 94
C 5 134 53
C 5 322 325
S 6 10 120
C 16 136 227
S 11 20 297
C 6 45 174
C 5 178 52
C 14 297 255
S 10 12 63
S 6 12 251
S 12 20 92
S 5 8 117
S 4 5 161
S 14 15 325
C 9 156 243
S 5 6 326
S 12 18 243
S 6 8 325
S 11 14 5
C 3 114 259
C 10 134 300
S 3 11 7
C 4 33 246
C 20 86 42
C 13 304 323
S 5 13 157
C 15 107 183
C 3 325 175
S 6 7 138
C 13 339 100
C 15 34 47
S 2 12 268
C 12 346 123
S 9 13 44
S 6 20 157
C 5 317 30
C 6 142 145
S 17 18 201
C 12 176 308
S 1 6 196
S 14 20 75
C 5 287 194
S 1 7 107
S 9 12 323
C 1 232 78
C 5 337 60
S 6 13 354
C 10 55 244
S 4 8 132
S 6 13 11
12
C 8 19 316
C 6 43 288
S 4 19 43
C 4 207 195
S 5 10 179
C 14 271 322
S 6 8 167
S 4 5 24
C 9 281 2
S 7 20 214
C 19 56 70
S 2 4 274
64
C 19 169 259
S 5 13 65
S 16 18 277
S 16 18 216
S 11 15 65
S 17 19 28
S 5 16 339
C 17 5 69
S 5 19 119
C 10 301 345
S 8 19 300
C 14 282 39
S 16 20 167
C 15 279 140
S 2 20 42
S 1 6 80
S 5 17 70
C 18 244 167
C 6 259 9
S 11 20 332
S 2 20 14
C 1 85 92
S 15 19 10
S 12 20 219
S 18 20 9
C 16 144 177
S 8 14 208
S 1 14 266
S 11 18 199
S 12 20 137
S 14 17 293
C 4 179 136
S 6 15 135
S 3 20 222
S 5 17 243
C 16 79 265
S 8 9 340
C 1 321 143
C 9 211 39
S 14 17 140
C 15 115 26
C 3 205 61
C 20 303 284
S 14 16 200
S 2 14 179
S 9 16 37
S 15 18 129
S 3 18 104
S 4 16 112
C 13 59 43
C 9 203 358
S 13 16 358
S 1 12 295
C 7 246 81
S 3 14 23
C 4 253 223
C 1 128 260
S 12 18 142
C 3 126 301
S 4 14 147
C 16 71 123
C 10 160 27
36
C 13 141 333
S 10 19 260
S 8 14 289
C 10 143 33
C 10 85 50
S 7 17 74
C 3 121 65
C 19 217 138
S 10 13 347
C 8 170 190
C 12 288 246
S 11 20 276
C 15 283 140
S 11 12 164
C 12 120 19
C 19 167 232
S 4 7 267
S 6 9 135
C 1 203 315
C 7 358 150
C 8 139 298
C 4 182 215
C 10 320 171
C 17 52 117
S 18 20 53
C 15 285 42
C 1 319 13
C 4 153 264
S 17 20 33
S 1 5 128
C 4 284 38
C 1 280 205
C 7 1 68
C 11 258 353
S 10 20 183
65
C 6 42 39
C 8 2 237
C 3 330 227
S 7 16 41
C 9 292 39
S 8 14 166
C 2 343 106
C 10 137 147
S 13 20 318
S 18 19 355
C 1 49 293
C 8 208 16
S 6 12 283
S 3 15 252
S 2 5 237
C 14 26 111
S 8 19 258
S 1 2 100
C 17 139 221
S 10 16 65
S 5 10 64
S 2 3 66
C 11 271 23
S 4 10 354
S 4 13 104
S 4 7 298
S 7 13 358
S 7 16 308
S 14 16 160
C 11 45 130
C 13 259 255
C 18 178 254
S 2 19 153
S 2 8 281
C 1 221 134
C 5 337 257
C 5 300 274
S 17 20 325
S 13 17 16
S 5 8 237
C 17 83 169
S 7 13 240
C 5 229 178
C 5 133 132
S 1 12 64
C 11 281 201
C 7 294 252
S 5 14 289
C 1 99 88
C 10 29 185
S 5 19 330
C 15 262 340
S 12 18 236
C 6 307 55
S 7 15 245
C 9 265 123
C 4 344 235
S 2 6 181
S 9 16 106
S 4 13 222
S 9 16 204
C 1 113 75
C 16 282 126
C 12 180 176
37
C 16 125 78
S 3 6 15
C 20 68 52
S 1 19 121
C 18 293 100
S 16 18 323
S 7 9 156
C 16 22 19
S 15 17 8
S 4 16 324
C 3 50 264
C 17 234 38
C 7 304 47
C 11 347 300
S 3 13 210
S 4 9 35
S 8 15 78
C 10 349 42
S 2 3 275
C 3 7 133
C 9 198 12
C 6 152 324
C 2 97 149
S 7 9 250
C 7 7 92
C 4 27 350
S 2 18 298
S 11 16 242
S 7 12 144
S 16 19 305
S 4 14 342
C 18 137 305
S 3 9 276
C 14 100 281
C 11 45 162
21
S 12 14 151
C 18 112 346
C 12 301 152
S 7 13 120
S 7 18 47
C 2 142 163
S 15 16 328
S 11 20 303
C 14 230 272
S 2 18 38
C 18 87 198
S 3 17 294
C 13 327 99
C 6 113 43
C 18 165 188
C 3 298 7
S 16 18 129
C 15 184 25
S 3 13 114
C 5 316 3
S 9 16 82
81
S 3 19 280
C 12 217 313
C 5 301 295
S 12 19 204
S 10 14 215
S 10 13 199
C 1 136 336
S 11 15 87
S 12 20 241
C 13 86 102
S 12 18 2
S 4 15 88
S 2 5 26
S 8 14 299
S 9 18 240
C 14 223 55
S 2 19 54
C 2 267 30
S 7 15 209
S 4 15 189
C 19 96 298
C 11 165 228
S 12 17 176
C 16 53 272
C 7 48 305
S 13 18 105
S 2 14 272
C 10 137 355
S 1 19 187
S 4 18 145
S 9 10 289
S 14 19 306
C 2 51 337
C 10 82 2
C 15 26 104
S 9 17 151
C 3 214 16
C 17 32 201
S 3 16 150
S 10 15 113
C 2 118 334
C 2 84 162
S 3 6 330
S 9 12 200
S 8 12 93
S 1 13 252
S 1 9 140
C 2 293 62
C 19 42 23
S 3 4 123
S 4 9 171
S 3 6 318
C 4 285 22
S 13 19 210
S 17 20 221
S 16 19 268
C 11 207 22
S 2 16 209
C 1 351 211
C 10 147 304
C 13 213 226
S 3 10 248
S 7 11 41
C 14 146 248
C 7 45 99
C 2 7 188
S 3 15 336
S 2 12 12
C 9 328 67
S 1 16 59
S 6 13 289
S 12 14 130
S 9 12 30
S 12 19 223
S 5 10 346
C 11 221 132
C 6 249 20
C 4 168 350
S 1 6 188
64
C 6 260 24
S 9 11 255
C 6 82 259
S 6 19 168
S 2 9 84
S 8 12 300
C 17 266 333
S 7 15 171
S 1 5 141
C 1 177 326
S 8 19 95
S 12 19 74
C 12 183 61
S 5 18 66
C 17 226 344
S 2 18 32
C 13 275 178
S 10 11 190
S 7 12 340
S 7 12 49
C 1 248 254
S 3 5 289
S 15 19 202
S 13 18 254
S 16 17 2
C 19 285 298
C 10 178 173
S 7 17 60
S 4 14 78
S 9 20 122
S 10 15 9
C 12 27 74
S 1 19 190
S 3 5 119
C 14 154 173
C 10 272 17
S 9 19 320
C 13 197 135
S 2 9 192
C 19 354 224
S 2 13 225
C 15 107 89
C 16 25 340
C 20 6 185
S 9 14 121
S 15 20 240
C 12 115 244
S 4 5 347
C 3 321 241
S 7 20 255
S 3 6 316
C 9 328 23
C 15 222 122
C 15 58 106
S 1 17 283
C 8 73 258
S 5 13 149
S 2 13 156
S 8 13 120
S 6 20 167
C 1 277 195
S 10 19 239
C 7 138 223
75
S 12 19 211
S 3 17 153
C 11 302 191
C 15 36 82
C 10 111 0
S 6 9 293
C 10 29 321
C 12 108 336
S 7 8 137
C 7 260 135
C 2 347 143
S 13 17 147
C 14 188 13
C 3 209 209
C 13 21 4
C 2 129 14
S 2 18 290
C 1 90 190
C 15 331 279
S 6 14 107
C 13 253 82
C 17 55 327
C 15 299 270
C 3 17 222
S 6 19 246
S 4 13 52
C 10 132 57
C 9 160 24
C 2 110 39
S 10 17 96
S 11 14 210
S 5 10 42
C 7 122 0
S 4 16 255
C 15 23 300
C 10 216 192
C 9 331 253
C 4 57 135
C 3 351 82
C 4 339 44
C 2 147 8
S 2 3 346
C 9 272 258
C 18 270 335
S 7 8 87
S 2 19 148
C 11 66 97
S 8 19 267
C 9 253 15
S 3 4 38
S 10 14 165
C 20 117 346
C 13 249 159
C 13 237 94
S 5 16 137
S 14 15 302
S 6 8 64
C 3 133 278
S 6 9 324
S 15 16 143
S 3 11 83
C 17 51 44
S 1 9 100
S 6 14 73
S 1 2 89
S 13 16 229
S 9 13 329
C 18 327 271
C 6 336 203
S 8 14 218
S 2 3 156
C 6 184 135
C 6 76 157
S 8 13 177
2
S 2 11 206
S 4 16 137
68
S 9 19 276
S 4 16 194
C 5 189 190
C 20 6 148
S 11 16 337
C 1 317 102
S 8 14 248
C 14 343 149
C 15 176 90
S 13 17 151
S 4 12 314
C 1 175 189
S 3 8 151
S 7 12 30
S 7 13 145
S 14 17 182
S 3 10 324
C 8 79 131
S 8 16 349
C 15 295 254
C 17 309 181
C 14 302 143
C 14 183 120
S 12 17 114
S 4 19 55
S 4 5 225
S 16 17 134
S 13 18 115
C 20 250 43
C 10 329 38
C 1 34 80
C 4 141 94
C 20 325 328
C 16 129 229
S 14 17 216
S 9 15 12
S 6 10 291
S 2 6 63
S 3 6 203
S 2 5 305
S 5 13 320
C 11 44 125
S 4 9 285
S 1 2 42
C 16 157 89
C 18 138 285
C 15 291 81
C 20 339 136
S 1 11 11
C 4 284 24
C 3 109 212
S 3 18 231
S 9 16 177
S 4 12 260
C 6 200 186
C 17 263 40
C 7 254 254
C 14 318 243
C 8 100 194
C 16 142 296
S 7 10 265
S 4 9 56
C 12 138 287
C 16 46 98
S 9 13 63
S 4 14 123
S 4 20 43
18
S 3 14 28
S 10 19 188
C 17 33 276
S 7 10 230
C 11 358 339
S 6 8 264
S 10 12 356
C 17 237 219
C 8 255 213
S 16 18 32
S 6 19 262
S 5 10 148
C 13 173 0
S 15 18 279
S 19 20 320
C 19 210 325
C 9 246 122
S 17 18 145
40
C 10 323 146
C 14 142 52
C 5 272 303
S 11 12 39
C 3 54 12
S 4 10 141
C 16 292 65
S 1 6 290
S 13 20 119
S 10 12 204
C 11 73 330
S 8 14 123
C 13 221 225
S 9 18 71
C 17 250 85
C 12 49 268
S 11 16 113
C 9 225 169
C 10 210 179
C 8 213 180
C 2 92 23
C 1 166 294
C 19 30 284
S 2 5 31
S 1 4 205
C 8 300 344
C 9 70 168
C 12 332 347
C 9 22 284
C 6 185 104
S 10 16 122
C 14 199 2
S 7 14 214
C 16 90 269
C 12 3 338
C 20 70 262
C 2 19 2
C 4 143 308
63
S 4 6 204
C 8 42 21
C 18 288 253
S 6 8 258
S 5 8 102
S 2 11 323
C 19 105 332
S 2 14 120
C 6 222 69
C 4 96 145
C 8 352 91
S 8 10 296
C 6 250 286
C 3 84 86
C 20 89 156
C 5 72 36
C 1 267 85
C 19 293 236
C 19 185 226
C 7 27 196
S 3 20 20
S 1 4 18
S 6 9 8
C 6 2 190
C 8 211 58
S 5 10 82
S 10 14 255
C 17 296 96
S 17 20 96
C 11 147 54
S 9 10 209
C 20 338 328
S 10 16 310
C 9 229 126
C 12 318 351
S 9 17 285
C 11 38 177
C 3 162 262
S 11 20 82
C 4 152 149
C 6 341 31
C 6 117 337
C 3 61 67
S 3 5 307
C 20 114 109
C 9 187 9
C 17 61 349
C 15 181 144
C 7 76 286
C 16 185 4
S 5 7 197
C 5 111 108
S 8 11 327
S 2 10 20
S 8 15 166
S 2 5 141
C 13 335 16
C 13 96 124
C 4 298 233
S 5 14 280
C 14 262 2
32
C 13 151 271
S 1 6 10
S 2 6 261
C 17 223 197
S 6 20 272
C 11 152 7
C 8 305 180
S 4 18 114
S 1 3 62
C 12 156 304
S 17 19 315
S 13 16 110
C 12 245 277
S 4 14 229
S 5 10 128
S 2 19 53
C 2 199 141
C 8 283 234
S 2 14 349
C 3 98 197
C 19 328 31
S 12 18 38
S 3 16 301
C 6 246 287
C 13 238 176
C 10 128 280
C 20 10 33
C 10 204 184
C 10 178 319
C 6 9 139
S 2 11 332
1
C 7 322 222
58
C 12 342 294
C 19 65 108
S 6 7 16
C 11 260 160
C 8 103 10
C 5 105 42
S 16 17 33
S 5 8 226
S 13 20 78
C 13 185 223
S 14 19 43
C 12 298 116
C 17 22 161
C 18 23 27
S 12 18 19
S 2 3 9
S 11 15 285
S 7 8 123
S 10 11 199
C 3 358 335
S 6 20 214
C 8 193 85
C 5 52 309
S 16 18 327
S 10 18 359
C 9 188 170
S 7 15 286
C 15 20 210
S 8 19 189
S 7 13 193
S 2 15 169
C 11 353 317
C 12 101 207
C 4 60 323
C 12 115 197
C 20 152 221
C 2 219 134
S 8 14 279
C 6 245 293
C 9 32 177
S 7 8 295
S 13 18 136
C 2 191 208
C 12 339 188
C 1 174 222
C 6 62 229
S 1 15 346
C 1 269 169
S 2 7 94
S 12 16 262
S 9 19 153
S 19 20 85
S 4 15 81
S 9 20 349
S 4 20 277
C 16 134 221
78
C 13 356 23
S 1 11 267
C 5 252 75
S 11 19 282
S 4 19 312
C 19 141 253
C 10 85 137
C 12 189 218
S 6 12 234
C 10 291 290
S 12 19 317
C 12 255 182
C 17 349 107
C 13 78 242
S 5 8 67
C 16 195 225
C 6 281 187
S 4 19 328
C 1 89 64
S 2 8 0
S 6 10 320
C 17 358 8
S 4 17 131
S 13 20 309
C 5 229 187
S 2 12 357
C 14 117 74
C 2 130 275
S 8 13 76
S 10 11 145
S 6 19 96
S 6 19 281
S 9 17 309
S 7 8 95
C 10 332 12
S 12 18 221
S 4 20 32
C 7 95 87
S 10 18 335
C 16 230 339
S 5 8 203
S 7 15 159
S 13 16 1
S 2 6 40
S 3 11 102
C 16 114 279
S 13 20 140
S 3 14 301
C 3 103 230
S 10 13 276
C 19 53 42
C 16 39 148
C 7 146 357
S 2 11 322
C 3 183 73
C 2 188 96
C 16 291 268
S 3 19 350
S 3 8 109
S 3 16 118
S 1 17 267
S 4 7 164
S 4 14 335
C 10 266 188
S 12 17 340
S 15 17 64
C 2 303 21
S 3 9 213
C 20 48 349
S 2 11 302
C 20 355 338
C 3 326 115
C 10 106 126
C 15 151 272
S 1 4 155
C 4 189 295
54
S 2 17 288
S 11 20 177
C 5 217 269
S 15 16 48
C 16 45 289
S 8 13 269
S 6 19 305
S 3 17 0
S 8 11 255
S 4 14 259
C 11 14 287
S 3 9 290
C 12 280 46
C 10 75 58
C 10 326 312
C 9 14 43
S 8 20 332
C 6 89 122
S 8 12 330
S 13 18 300
S 5 19 120
C 16 136 91
C 19 176 177
C 20 113 339
S 6 15 261
C 12 324 24
S 9 12 98
S 6 15 229
C 6 130 44
C 3 105 106
C 16 78 260
C 6 321 347
S 3 5 231
C 12 345 106
S 18 20 266
C 7 233 0
S 1 5 67
C 4 294 136
C 6 125 78
C 10 269 29
C 17 260 331
S 3 20 88
C 9 223 201
S 5 8 148
S 11 14 119
C 2 252 19
S 8 13 275
C 7 137 105
S 14 16 44
S 13 20 67
S 11 12 169
S 2 17 19
C 2 58 110
11
S 15 19 156
C 11 31 303
C 19 153 154
S 2 11 311
S 1 15 108
C 14 329 237
S 9 11 213
C 11 318 177
C 2 32 282
S 12 15 325
S 16 18 108
35
C 20 109 214
S 6 18 178
S 9 20 134
S 4 15 215
C 5 323 25
C 19 236 59
C 1 69 323
C 16 177 354
C 9 30 147
S 10 20 320
C 10 56 263
S 1 20 271
C 6 338 333
S 3 4 348
S 18 20 22
S 2 3 215
S 15 20 80
C 5 193 158
S 3 9 193
C 2 129 133
C 1 76 181
C 12 181 95
S 6 16 356
C 8 202 139
S 4 5 94
C 10 229 300
S 3 8 198
C 19 154 99
S 9 11 62
S 6 8 290
S 6 12 4
C 15 90 249
C 8 114 91
C 20 100 36
25
S 5 19 20
C 3 17 160
C 5 248 171
S 6 14 124
C 16 27 359
S 2 15 206
S 3 4 44
C 14 8 72
C 12 109 353
C 7 91 48
C 18 284 354
S 1 17 149
S 15 17 238
C 19 309 104
C 20 187 310
S 3 14 147
C 16 80 299
C 16 353 24
C 8 101 277
C 17 135 123
S 9 14 139
C 12 174 273
S 1 11 181
86
C 16 85 223
S 10 11 29
S 1 19 94
C 3 20 61
C 8 29 200
C 5 181 209
S 2 4 12
S 3 20 268
C 11 66 203
S 5 17 307
S 8 13 3
C 15 193 144
S 5 6 20
C 7 58 77
S 17 19 285
S 13 19 132
C 10 339 9
S 9 18 10
S 3 15 96
S 1 7 91
S 5 7 120
C 15 239 333
C 9 261 6
C 12 33 96
S 8 18 102
C 7 49 98
S 14 19 108
S 7 11 77
S 9 13 136
C 15 235 116
C 6 347 12
C 11 318 21
C 13 183 313
C 3 5 126
S 2 5 101
C 14 273 324
C 12 315 77
S 11 18 187
S 9 14 31
S 14 20 285
S 8 13 214
S 4 8 254
C 17 167 17
S 2 12 36
S 3 10 144
S 6 17 309
C 12 312 59
C 15 256 292
C 20 91 257
S 8 16 48
C 4 247 284
S 10 16 127
C 8 66 106
C 20 316 301
C 2 304 284
C 14 273 272
C 15 289 155
S 1 15 234
S 4 6 288
S 6 8 131
C 14 267 159
S 4 14 358
S 12 18 134
S 5 6 64
S 4 7 224
S 7 14 94
S 7 9 88
S 19 20 69
C 11 154 291
S 6 8 312
S 19 20 284
S 11 12 173
S 7 10 169
C 15 197 94
S 4 7 71
C 10 184 114
S 4 17 351
S 10 17 318
S 4 14 316
C 9 285 102
S 6 18 182
C 7 48 80
38
C 11 234 32
S 2 12 317
C 6 162 330
C 18 331 134
S 3 19 153
S 11 17 143
C 17 343 132
C 8 169 203
S 5 17 215
S 4 8 71
C 1 165 98
S 17 20 53
C 11 40 297
S 10 16 350
C 15 182 210
C 8 1 199
C 18 211 336
C 8 350 256
C 17 195 195
C 17 187 292
C 18 24 178
C 6 128 262
S 2 3 62
C 10 349 184
S 3 10 40
C 10 35 312
S 16 20 152
S 11 18 90
S 1 12 284
S 15 16 233
S 6 20 109
S 8 10 76
S 5 7 316
C 7 27 137
C 2 326 85
C 19 186 61
74
S 2 9 49
C 2 56 188
S 14 16 355
S 3 15 67
S 15 20 212
S 9 13 171
C 10 187 102
S 11 20 335
S 6 11 29
S 12 15 60
C 5 198 130
C 2 101 30
S 10 14 48
C 15 297 22
C 5 297 79
S 2 4 283
S 1 10 18
S 2 6 346
S 12 19 12
S 8 15 237
S 7 10 175
S 8 17 36
S 3 11 235
C 8 290 295
C 14 169 71
C 11 217 86
C 2 50 240
S 6 17 69
S 18 19 265
C 10 136 184
S 10 12 8
C 11 356 24
S 5 10 99
C 18 126 277
C 9 293 275
C 9 92 175
C 2 346 39
C 9 331 251
S 2 3 267
C 20 25 305
S 7 16 318
S 11 12 347
S 2 19 124
S 12 13 76
C 12 110 347
C 13 241 29
S 7 8 10
S 10 12 16
S 7 14 256
C 18 269 186
S 11 13 52
S 3 11 246
S 10 19 67
S 2 9 213
S 9 16 126
S 18 19 202
S 6 20 341
C 8 116 285
S 3 18 355
C 8 229 202
S 2 12 142
C 1 17 54
C 9 115 325
C 10 347 50
C 9 194 83
C 12 251 298
S 3 9 283
C 2 79 258
C 11 126 188
C 10 20 191
S 5 14 257
S 7 19 204
S 6 18 132
1
S 9 14 92
51
S 16 20 232
C 7 295 82
S 2 8 104
C 10 221 59
S 5 7 139
C 8 136 34
C 7 305 297
S 3 10 111
S 7 19 284
C 17 259 107
C 20 161 182
C 3 168 178
C 15 237 124
S 6 18 338
C 2 177 210
C 2 215 162
C 9 128 270
C 17 75 94
C 9 204 232
C 1 213 89
C 17 213 70
S 4 9 212
C 3 93 212
C 9 174 0
S 7 20 128
S 2 11 295
S 5 13 57
S 4 13 217
C 8 179 157
S 14 15 4
C 6 334 318
S 6 11 127
C 16 230 77
C 12 82 56
C 1 57 269
C 15 174 338
C 3 226 181
S 8 12 55
S 3 10 53
C 12 254 337
S 3 12 289
C 7 266 89
C 4 34 250
C 8 68 15
S 15 17 89
S 9 13 156
C 4 306 95
S 5 8 244
C 14 191 151
S 8 15 150
88
S 6 8 217
C 2 154 75
S 1 16 100
C 14 13 43
S 8 17 40
S 9 16 1
C 19 197 235
C 11 161 274
C 16 133 302
C 6 151 95
C 15 304 164
C 9 269 310
C 10 221 211
S 7 17 28
S 8 20 167
C 5 202 18
C 16 67 35
S 9 11 281
S 5 6 116
S 12 18 52
S 2 10 116
S 6 16 78
S 1 11 334
C 3 188 260
C 1 162 168
S 6 17 163
S 16 19 328
C 17 202 92
S 7 10 283
S 1 16 158
S 5 12 216
S 2 6 86
S 1 2 266
S 8 9 235
S 12 19 125
S 11 13 279
C 9 8 49
S 1 2 94
C 18 307 6
S 13 16 30
C 1 288 107
S 5 17 206
C 3 234 36
S 6 15 103
C 14 182 92
C 3 109 27
C 11 143 285
S 3 10 119
C 17 56 93
C 15 1 102
S 3 15 293
C 14 144 145
C 12 109 300
S 2 18 27
S 8 15 111
S 8 9 185
S 1 19 126
S 5 10 169
S 8 15 76
C 8 270 188
S 9 19 112
S 8 13 251
S 3 15 295
S 10 20 330
C 16 253 82
S 7 16 27
C 8 78 358
C 2 1 56
C 5 3 131
C 6 129 305
S 2 19 303
C 10 354 245
S 12 15 321
C 9 275 9
C 4 85 195
C 1 60 326
C 12 153 98
S 13 16 269
C 10 345 330
S 4 19 112
S 15 17 221
S 6 9 196
S 2 8 344
C 2 295 71
S 9 15 329
S 3 17 264
C 9 17 224
C 18 285 354
97
S 9 14 322
S 2 5 35
C 17 213 138
C 18 330 309
S 10 20 358
C 5 150 246
C 15 27 83
C 8 313 244
C 16 103 110
C 15 192 122
S 8 16 321
C 14 269 123
C 13 287 25
S 14 16 320
S 1 12 151
C 15 124 27
S 8 9 287
C 16 199 306
S 1 10 65
C 2 88 77
S 3 7 279
C 6 227 233
S 2 14 139
S 2 5 355
C 11 197 121
S 8 9 350
C 20 329 23
C 20 152 317
S 1 7 244
S 11 13 3
S 13 17 121
C 10 37 203
S 3 18 240
C 17 343 81
S 7 15 161
S 16 20 126
S 12 15 278
S 6 13 350
C 11 13 8
C 1 132 193
C 19 354 43
C 1 354 193
C 19 27 112
S 16 20 47
S 7 17 86
S 10 15 257
S 4 16 60
C 9 39 209
C 1 132 232
C 18 204 302
C 17 104 194
S 5 20 58
S 4 6 226
S 12 19 277
S 8 20 25
C 2 69 306
C 20 144 275
S 2 14 162
S 3 18 244
C 13 122 191
C 9 99 200
C 19 268 62
S 14 20 181
C 9 260 156
C 8 194 31
S 10 12 37
S 6 14 266
C 14 61 192
C 15 185 47
S 5 20 187
C 15 118 324
C 20 303 78
S 18 19 72
C 6 115 168
S 1 14 23
S 6 9 124
S 9 12 151
S 4 13 19
C 12 1 224
C 7 140 200
S 4 20 202
S 9 18 226
S 3 14 137
C 5 207 214
S 12 19 37
C 15 264 172
C 19 58 197
C 17 350 78
S 2 7 322
C 18 254 100
C 11 24 299
S 1 9 266
S 1 11 354
C 14 10 79
S 1 9 250
C 6 142 76
3
S 18 20 314
C 9 34 99
C 11 238 152
62
C 3 319 310
S 13 18 257
C 19 162 119
S 7 18 339
C 1 78 144
S 9 17 199
C 8 242 229
S 14 19 157
S 1 12 244
C 3 211 286
C 11 179 144
C 3 134 282
C 17 250 35
S 16 20 324
S 4 18 151
S 1 20 343
C 5 1 186
C 15 174 52
S 18 19 260
C 11 96 87
C 14 225 142
S 9 11 42
S 3 17 91
S 8 17 12
C 11 311 33
S 13 19 295
S 4 18 176
S 7 18 259
C 1 175 247
S 3 15 70
S 7 9 135
C 17 273 212
C 11 224 267
S 6 13 258
S 19 20 201
S 10 20 289
C 20 92 80
S 13 18 145
S 10 14 207
C 6 126 235
S 8 9 60
S 1 5 238
C 20 56 137
S 16 18 237
S 14 15 320
C 14 117 52
C 13 199 70
C 8 219 143
S 5 6 269
S 1 20 58
C 6 87 277
C 15 253 281
S 4 20 187
S 2 6 186
C 10 101 230
S 5 17 102
C 20 98 145
S 15 19 317
C 13 25 322
S 13 17 344
C 12 168 333
S 2 14 265
36
C 6 117 155
S 7 16 57
C 8 193 177
S 5 17 342
C 3 127 88
C 3 28 163
C 10 345 305
S 9 17 264
C 19 3 55
C 2 218 123
C 6 1 177
C 1 265 193
C 17 238 257
C 14 123 134
C 16 51 223
S 3 8 217
S 13 20 145
C 10 349 76
C 8 83 19
S 8 9 259
C 11 266 48
C 13 338 158
C 17 62 288
S 9 13 236
C 13 5 21
S 5 12 256
S 8 12 193
S 8 15 203
C 17 77 324
S 2 13 131
C 1 35 305
C 11 180 135
C 11 310 217
S 18 19 192
C 9 102 157
C 12 0 306
3
S 4 5 356
S 7 19 279
S 3 18 146
17
C 19 289 79
S 6 14 45
S 14 16 65
S 6 20 310
S 10 14 194
S 17 19 154
S 1 4 41
C 12 132 276
C 8 123 278
C 2 139 154
S 5 13 354
S 10 18 250
C 18 276 340
C 14 54 18
S 1 3 32
C 6 190 235
42
C 9 170 197
S 9 20 204
S 2 18 1
S 7 11 55
C 14 197 352
C 18 54 287
S 2 4 318
S 7 15 78
C 1 186 142
C 13 8 32
S 5 10 46
S 7 16 293
C 9 255 202
S 10 18 50
C 13 19 66
C 18 265 220
S 3 8 36
C 4 104 112
C 11 280 350
C 18 72 274
C 6 282 106
C 16 260 172
S 10 19 223
S 3 18 203
C 19 287 140
C 3 25 128
C 15 89 74
C 2 225 243
C 1 230 209
C 12 239 343
S 4 19 78
S 9 13 353
S 1 8 132
S 7 18 119
C 1 353 304
C 5 315 66
C 1 21 158
S 10 14 22
C 4 93 39
C 6 183 153
C 15 278 171
C 8 298 231
33
S 19 20 216
S 15 16 210
C 12 321 330
S 15 17 235
S 12 20 133
C 16 15 154
S 3 20 314
C 19 162 85
C 10 150 188
S 17 18 256
C 15 115 341
S 10 17 96
C 14 207 225
C 11 179 189
C 20 101 63
C 15 279 78
S 9 14 130
C 20 216 349
C 5 182 6
C 19 231 28
C 18 319 318
C 18 279 48
C 15 195 296
C 9 281 271
S 13 17 331
S 3 16 57
S 9 20 320
S 3 16 156
C 12 279 192
S 11 20 88
C 12 267 290
S 10 16 328
S 5 9 328
9
C 11 112 105
S 2 5 49
C 15 102 38
S 2 18 103
S 13 19 27
C 7 18 358
C 13 335 150
C 6 19 156
47
S 13 14 12
C 2 287 107
C 5 97 17
C 7 114 234
C 5 29 108
S 1 6 46
C 15 104 150
C 17 60 17
C 18 24 95
S 2 5 74
C 6 69 334
C 8 48 214
C 13 122 148
C 13 156 91
S 3 8 5
C 16 21 284
C 10 178 25
C 4 47 234
C 2 178 94
C 7 337 171
C 11 301 333
C 14 175 123
C 10 204 293
C 17 59 330
S 6 16 256
S 15 19 341
C 11 75 212
C 1 202 28
S 7 10 89
S 12 16 65
S 4 8 82
S 2 17 90
C 1 300 201
S 12 16 301
C 13 339 311
C 15 173 200
S 17 19 232
S 7 13 102
C 16 284 128
S 5 10 183
C 14 201 38
C 7 107 78
S 4 20 14
S 2 18 18
C 6 144 216
C 17 167 226
S 15 16 262
18
C 13 307 218
S 15 16 64
S 8 20 126
C 1 10 11
S 2 6 278
C 19 218 240
C 7 322 353
S 2 9 293
S 13 20 248
C 6 142 33
S 15 19 293
S 8 14 318
S 1 17 281
S 14 19 347
C 20 87 219
S 3 5 143
S 3 20 44
S 2 18 13
33
C 11 0 310
C 19 3 341
C 16 240 191
C 18 351 176
S 3 4 313
C 5 358 32
C 18 52 47
C 16 191 350
S 6 16 210
C 19 255 278
C 19 308 322
C 13 253 182
C 12 320 336
C 6 274 57
S 10 18 36
C 1 270 52
S 2 18 208
C 15 121 235
S 1 17 157
C 7 8 323
C 13 224 149
C 3 350 5
C 12 213 91
C 9 23 105
C 10 281 36
C 4 205 136
S 1 13 328
S 9 18 252
S 4 14 188
C 7 232 150
C 7 327 153
C 11 138 147
3
C 14 335 136
C 7 264 43
63
C 8 151 250
C 1 204 26
S 5 9 68
S 15 18 166
S 6 19 69
S 9 19 201
C 8 163 347
S 11 17 275
C 1 78 274
C 12 160 66
S 2 9 40
S 1 13 358
S 13 19 21
S 7 11 102
C 4 251 333
S 1 9 67
C 18 131 294
C 7 38 320
S 3 17 199
C 8 34 287
C 1 68 208
S 8 16 244
C 18 130 292
C 14 235 175
C 5 333 272
C 14 3 53
S 2 8 355
S 11 18 233
C 15 16 233
C 6 45 110
S 8 18 148
S 6 8 268
C 15 192 118
C 20 237 308
C 19 129 335
S 1 3 328
S 1 5 33
S 16 17 218
S 8 18 350
C 6 76 13
S 2 11 161
C 14 296 357
C 20 289 106
C 18 63 213
S 7 8 67
C 10 241 167
S 7 15 76
S 6 15 277
S 3 19 315
S 1 5 95
S 2 18 92
C 20 286 142
C 9 206 284
C 19 72 56
C 1 279 101
S 3 10 100
S 1 4 36
C 19 133 353
S 9 20 84
48
C 18 180 15
C 5 152 251
C 2 21 226
C 12 222 306
S 3 10 191
S 4 19 45
C 13 150 245
S 16 19 91
S 15 16 73
C 16 261 337
C 17 278 307
C 6 177 350
S 6 9 335
S 7 18 0
C 8 190 225
C 5 273 9
C 18 318 96
S 2 19 97
S 9 16 70
C 14 236 283
C 9 225 229
S 9 20 246
C 6 71 42
C 18 316 36
S 9 16 349
S 7 15 90
C 15 15 327
C 5 342 62
S 12 18 335
S 2 13 127
C 16 200 143
C 1 75 76
C 3 203 45
C 8 53 193
C 18 112 289
S 8 14 129
S 2 7 100
S 6 14 8
C 15 330 258
S 2 19 34
S 9 11 183
C 16 132 77
S 2 4 5
C 11 227 210
C 8 238 260
S 6 16 179
S 4 9 134
80
C 3 188 77
C 13 95 264
S 16 18 106
S 11 20 129
S 8 12 27
S 6 17 195
C 12 19 156
C 15 57 89
C 8 187 127
C 11 343 290
C 20 272 249
C 10 225 300
S 18 20 225
S 15 19 33
C 18 282 226
S 4 8 120
C 3 333 223
S 2 9 286
C 14 258 133
S 15 20 253
S 8 11 256
C 11 65 238
S 4 10 327
S 1 8 354
C 1 120 147
C 11 21 287
S 17 18 357
S 2 4 120
S 5 18 21
C 10 357 212
C 18 88 203
S 15 17 325
S 15 20 281
C 11 334 178
S 9 15 101
C 9 256 18
C 5 243 314
S 16 18 140
S 1 13 359
C 11 103 311
C 20 299 335
S 4 10 250
C 1 315 50
C 12 50 63
C 12 34 112
C 17 277 82
C 19 234 332
C 18 106 218
C 8 88 333
C 4 263 147
C 6 212 300
C 12 14 224
S 14 20 197
S 7 16 206
C 14 34 167
S 6 13 16
C 17 134 245
S 2 16 144
C 10 230 299
C 16 164 319
S 5 6 11
C 9 210 322
C 8 265 61
S 5 10 188
C 9 171 227
C 19 110 28
S 3 11 72
S 1 4 179
C 9 73 299
S 8 13 121
S 6 8 194
S 12 18 305
S 19 20 169
C 9 42 6
C 19 128 12
C 14 4 199
S 2 17 330
C 13 54 162
52
S 14 18 122
C 10 70 240
S 17 20 61
C 9 162 73
C 18 39 317
S 5 7 293
C 1 104 94
C 1 346 12
S 6 8 55
C 19 347 333
C 14 162 229
S 2 9 341
C 2 99 179
S 5 17 54
C 17 305 56
C 18 28 229
C 4 114 351
C 1 113 332
S 2 7 161
C 4 78 266
S 12 18 280
C 3 348 247
S 2 13 274
S 1 9 300
S 4 14 125
S 9 18 330
C 16 240 67
C 3 247 6
C 14 163 143
C 18 104 43
C 9 110 110
C 16 69 82
S 14 16 321
C 2 64 183
C 10 204 210
S 8 15 341
C 1 102 339
S 7 19 104
S 8 13 222
C 4 30 35
C 9 188 157
C 5 155 90
S 3 9 54
S 6 20 29
C 20 111 312
C 5 296 147
S 9 13 273
S 3 14 276
S 14 18 21
C 14 256 325
C 16 277 177
48
C 8 344 252
C 3 331 242
C 1 292 40
C 6 218 190
S 13 16 321
C 5 168 280
S 5 14 265
S 3 11 22
C 12 147 232
C 15 200 310
S 9 11 110
C 16 245 339
S 6 17 2
C 7 92 158
C 10 33 219
S 2 20 336
S 9 13 93
S 5 6 221
C 8 8 229
C 3 296 185
C 10 233 169
S 12 14 18
C 15 240 298
S 1 18 92
C 4 195 267
C 10 295 271
C 1 149 316
S 11 20 103
S 3 16 347
S 6 16 327
C 15 243 52
C 11 335 262
C 10 68 24
S 16 20 190
S 6 20 82
S 2 19 76
C 16 176 115
S 1 14 182
S 4 18 19
S 7 14 316
S 1 16 127
S 7 13 329
S 9 10 198
C 13 15 37
S 1 6 98
S 2 12 306
C 2 10 310
69
C 7 348 45
C 18 8 40
C 9 166 92
C 14 83 180
C 20 243 159
S 1 8 47
S 5 16 208
C 2 328 115
S 3 15 31
S 4 9 38
S 11 13 106
S 6 16 13
S 17 20 210
C 2 296 324
S 10 18 246
C 2 78 324
C 19 308 302
S 2 18 282
S 12 17 232
C 19 94 342
C 10 42 312
C 4 93 152
C 14 180 275
S 9 11 141
C 8 154 322
C 11 205 27
S 5 6 252
S 4 10 209
C 16 208 30
C 7 20 77
S 4 20 331
S 4 16 246
S 9 17 67
S 6 11 121
C 3 46 43
S 6 16 312
S 3 13 166
C 2 254 350
C 8 264 345
S 8 15 16
C 11 326 45
S 19 20 210
C 14 249 119
S 13 19 314
C 19 59 215
S 3 19 209
S 3 6 249
C 12 60 295
C 20 143 251
C 19 259 281
S 3 9 238
S 4 12 296
S 16 20 94
C 17 284 294
S 10 14 358
C 11 250 345
C 9 267 312
C 10 337 255
S 16 20 162
S 2 3 325
C 3 326 296
S 2 18 142
C 6 188 307
S 9 11 146
S 1 6 70
C 17 67 347
S 4 13 0
S 2 5 341
94
S 5 14 194
C 17 223 107
C 4 64 185
S 2 9 199
C 4 204 60
C 10 277 163
C 19 119 196
S 7 11 41
C 4 329 292
C 15 90 119
C 7 141 122
S 3 10 144
C 8 241 115
S 7 16 109
S 9 11 287
S 4 14 310
C 1 332 177
S 8 10 323
C 9 220 329
S 6 20 137
C 10 217 109
C 16 49 294
C 10 149 73
C 20 41 63
C 3 170 270
S 5 8 127
S 4 17 56
C 18 296 226
S 8 19 86
C 4 2 137
S 3 11 343
S 11 17 11
C 9 192 20
C 4 228 63
C 9 19 142
C 7 273 348
C 12 37 195
S 6 11 142
S 4 20 8
C 13 256 338
S 5 20 99
C 14 82 3
C 9 8 138
S 7 19 14
C 12 293 163
C 20 233 72
C 1 177 96
S 9 20 190
S 8 18 98
C 4 328 281
S 17 18 32
C 6 72 30
C 2 233 7
S 1 10 335
C 9 295 15
C 3 89 339
S 6 14 254
C 13 143 267
C 12 159 343
S 5 13 229
C 14 59 216
C 7 4 54
C 7 215 31
S 5 20 157
C 14 97 138
S 5 6 185
S 12 13 298
S 4 17 321
C 6 349 104
C 11 45 77
S 2 6 351
C 12 6 327
S 17 18 110
S 3 15 180
C 15 264 198
C 18 148 311
C 13 71 104
C 15 221 99
C 2 288 172
C 17 232 32
S 7 18 300
C 16 11 10
C 11 255 120
C 4 214 172
C 4 296 231
S 12 15 141
S 13 18 202
S 16 19 187
C 4 70 190
C 19 289 179
C 15 111 105
S 11 19 172
S 4 12 132
66
S 9 15 54
S 2 9 242
S 5 16 151
C 14 255 122
S 8 11 93
S 9 12 155
C 16 287 141
C 3 84 3
C 10 117 124
S 4 18 82
S 8 18 99
C 19 123 67
C 18 303 34
C 8 72 81
C 17 291 319
S 6 18 148
S 2 9 358
C 14 28 157
C 3 344 177
S 11 17 251
S 17 19 41
S 4 16 318
C 14 9 330
S 3 4 202
C 2 48 192
S 3 14 43
C 8 170 316
C 10 201 315
C 13 333 300
S 6 11 231
C 9 63 325
C 7 225 194
C 18 31 209
S 11 17 286
S 2 17 104
S 1 4 64
S 6 17 266
C 10 227 39
C 3 70 314
C 20 258 164
S 1 11 122
S 14 17 7
C 1 212 17
S 6 8 232
S 9 14 282
S 2 14 280
S 1 14 332
S 12 16 293
C 15 136 267
S 8 17 303
S 8 20 305
C 13 173 105
C 3 92 198
S 15 18 176
S 3 15 279
C 12 251 142
C 8 7 307
S 4 9 239
C 4 295 142
S 9 11 296
C 8 264 180
C 7 4 89
C 15 299 104
C 16 105 7
S 13 18 3
C 19 35 277
37
C 12 149 184
C 11 21 98
C 3 313 331
S 12 17 138
S 7 8 275
C 15 173 14
S 13 19 126
S 3 20 186
S 8 18 179
C 15 330 146
S 3 4 158
C 16 337 285
C 2 273 255
S 11 19 200
S 9 19 203
S 1 8 297
S 5 18 302
C 15 294 253
S 4 12 56
S 8 12 17
C 13 322 142
C 7 105 107
C 7 315 250
S 4 17 299
S 6 9 45
C 8 332 267
C 9 148 202
S 11 14 82
S 7 19 339
C 15 189 60
S 7 13 352
C 4 349 71
S 11 19 135
S 6 15 9
S 6 10 14
C 15 212 71
5
S 1 18 291
C 6 358 264
C 6 209 321
S 9 12 121
C 18 10 253
14
S 1 3 22
C 9 124 270
S 12 13 285
C 12 108 196
C 12 227 172
S 6 7 205
S 6 12 289
C 12 304 70
C 12 283 28
S 2 8 215
C 12 101 329
C 1 217 33
C 6 16 286
57
C 18 246 358
C 2 328 113
C 4 339 300
C 15 75 124
S 6 8 245
S 7 9 236
S 15 19 272
C 19 36 79
S 9 12 157
S 5 14 302
S 8 16 8
S 4 6 221
C 20 306 241
S 10 12 117
C 20 287 179
S 9 10 1
C 10 116 4
C 17 278 286
S 15 17 100
C 1 35 279
S 12 17 111
C 13 312 337
S 9 12 185
C 20 21 62
C 10 167 328
S 7 20 148
S 9 16 32
S 5 12 262
S 10 11 215
S 5 11 12
S 5 11 348
C 14 143 335
C 20 87 144
S 3 19 357
S 1 11 40
C 17 249 130
C 10 205 54
S 9 16 278
S 19 20 153
S 9 11 65
C 6 290 246
C 1 276 14
C 15 253 348
S 8 18 190
C 14 354 96
C 9 88 298
S 10 14 273
S 5 13 49
S 10 11 1
C 20 93 28
C 16 276 348
S 17 20 130
S 7 13 287
S 15 16 124
S 4 13 62
S 7 12 162
61
S 4 14 159
C 1 228 152
C 17 313 268
S 4 10 206
S 9 18 93
S 1 10 113
C 20 112 18
S 1 13 2
S 4 17 137
C 3 258 304
S 13 15 20
C 14 275 163
C 8 9 245
C 5 339 256
S 3 17 227
C 2 321 187
S 12 20 66
S 2 19 165
S 3 4 255
S 4 16 353
S 12 18 54
S 2 16 199
C 4 340 161
C 6 243 93
S 2 12 225
C 19 11 341
C 19 128 258
C 13 234 339
C 20 191 352
C 17 224 59
C 14 281 308
S 6 14 358
S 10 15 91
C 15 316 349
C 10 340 123
C 3 329 107
S 1 3 309
S 7 14 65
C 3 207 155
S 12 14 185
S 3 12 99
S 19 20 55
C 16 198 140
S 14 18 303
S 8 20 94
C 12 129 228
C 12 181 174
C 1 155 91
S 13 14 147
C 10 326 82
S 3 12 294
C 2 11 48
C 1 106 27
C 4 59 257
C 11 31 156
S 2 5 94
S 8 12 348
33
S 6 19 87
C 18 252 156
C 2 267 264
S 11 12 39
C 17 30 11
S 5 11 213
C 18 226 275
S 1 8 357
S 4 20 208
S 15 16 2
C 16 315 123
C 15 55 123
S 4 7 316
S 5 14 44
C 9 262 118
C 3 344 100
S 11 19 237
C 12 172 291
C 5 2 274
C 16 306 98
S 3 19 114
S 5 6 307
C 19 226 39
S 9 18 338
C 2 149 4
S 2 17 321
C 15 232 336
C 4 214 292
S 10 19 198
C 3 210 256
C 5 120 236
C 3 187 240
17
C 14 139 154
S 2 6 8
S 8 19 348
C 4 88 84
C 3 75 43
C 10 227 337
S 15 16 51
S 11 16 189
C 15 47 189
C 3 22 88
C 16 46 306
C 14 89 247
S 5 7 182
S 7 19 348
C 7 319 355
C 15 249 268
C 20 92 106
62
S 4 6 117
C 11 178 301
S 5 9 122
C 11 96 132
S 2 18 140
C 2 150 59
C 15 168 9
C 12 187 330
C 11 124 251
C 9 136 250
C 6 287 308
S 5 6 291
S 6 7 161
C 16 147 5
S 1 17 262
C 3 12 260
C 17 236 219
S 3 14 112
C 9 156 226
C 5 114 105
C 20 85 340
C 12 269 339
C 12 352 24
S 9 17 295
C 18 38 55
S 15 17 67
C 5 189 182
C 12 142 111
C 6 151 95
S 10 11 1
C 4 61 329
S 3 14 195
S 9 13 270
S 10 15 159
S 2 15 69
S 3 17 80
S 5 15 20
S 5 13 216
C 5 2 322
S 5 7 59
C 8 143 306
S 3 7 71
C 17 50 42
S 5 20 344
C 19 182 192
C 4 243 100
S 10 16 241
S 2 7 74
C 16 99 86
C 15 40 173
S 1 13 356
C 19 90 182
S 9 11 221
S 7 15 17
C 17 316 32
S 3 13 112
C 16 305 189
C 9 187 194
C 15 281 97
S 1 15 60
C 20 129 280
C 3 261 108
53
S 5 19 182
S 8 12 135
C 6 303 176
C 14 203 76
C 9 148 54
S 8 14 276
S 5 14 295
C 15 126 275
S 4 20 77
C 8 2 74
S 1 13 275
S 2 11 36
S 10 12 337
C 13 300 66
C 4 86 254
C 19 46 161
C 7 259 62
S 9 18 65
C 16 184 345
S 4 13 17
C 9 179 204
C 5 305 290
S 8 17 119
S 7 14 212
S 4 11 307
S 2 6 199
S 4 14 223
C 3 324 63
C 7 358 94
S 8 9 237
S 3 20 13
S 5 9 161
C 3 238 117
S 9 14 343
S 14 19 16
S 1 20 35
S 10 12 215
S 11 12 164
S 15 20 320
C 2 268 30
S 3 8 249
S 13 17 357
S 12 14 5
S 10 19 333
S 4 10 149
C 18 252 74
S 2 12 89
C 16 284 307
C 1 234 63
C 4 261 221
S 3 11 45
C 10 44 70
10
S 5 20 14
C 19 156 247
S 3 16 322
C 6 161 196
S 5 19 201
S 9 17 79
C 14 31 251
C 6 105 260
C 4 285 221
S 19 20 112
34
C 1 123 312
S 6 20 238
S 5 10 159
C 13 337 158
C 10 303 213
C 9 21 194
S 11 16 37
S 1 10 47
S 10 16 309
C 11 304 188
S 6 19 4
C 18 181 232
C 8 30 300
S 5 8 338
C 17 331 286
C 9 229 201
S 3 8 94
S 9 20 285
C 19 327 132
C 4 335 28
C 9 9 320
C 5 327 166
C 9 228 74
S 7 14 60
C 6 129 48
C 11 226 89
S 14 16 89
C 6 353 66
S 11 18 175
S 9 20 214
S 15 20 29
S 16 18 278
C 8 192 97
C 11 125 262
4
S 6 12 7
S 12 18 9
S 3 12 47
C 14 336 312
57
S 3 12 130
S 10 15 119
S 7 11 312
S 6 15 307
C 20 128 105
S 4 7 91
S 15 18 115
S 17 20 81
S 11 13 226
S 7 13 148
C 10 27 33
S 15 16 259
C 14 27 50
C 9 61 3
C 20 90 5
S 1 17 281
C 2 97 210
C 19 263 227
C 7 103 20
S 9 18 314
S 7 19 1
S 11 15 87
C 3 286 187
S 15 17 189
S 8 14 228
S 1 13 241
S 8 19 67
C 6 127 326
S 16 19 194
S 10 13 302
C 20 33 6
S 11 17 191
C 7 63 188
C 9 1 242
C 9 103 42
S 6 11 134
S 15 18 300
S 11 19 166
S 14 17 320
S 9 13 345
C 16 194 80
C 14 65 270
C 17 315 237
C 4 302 180
S 8 13 118
C 18 321 26
C 13 305 157
C 2 276 163
C 14 218 245
C 20 301 225
C 12 166 56
S 3 19 175
S 13 19 8
C 13 51 205
S 9 20 346
C 16 270 323
C 12 130 35
69
S 1 12 32
S 4 18 94
S 10 20 170
C 6 320 301
C 5 164 40
C 11 5 305
C 19 202 180
S 9 11 41
S 4 7 188
C 15 289 197
C 8 310 232
C 20 31 175
C 20 92 253
C 18 70 26
S 8 19 170
S 8 20 102
C 8 153 329
C 19 294 183
C 4 247 351
C 6 102 49
C 14 116 97
C 14 114 195
S 6 20 312
C 15 263 140
C 19 43 101
S 9 18 333
C 19 139 278
S 1 8 72
S 4 15 43
C 7 134 329
C 10 304 226
S 2 14 293
S 3 13 186
C 19 290 229
C 12 359 98
S 3 13 163
C 7 296 272
S 11 14 106
C 17 261 266
S 5 17 287
S 14 18 219
C 5 134 197
C 13 95 68
S 14 19 46
C 5 308 167
S 6 15 292
C 9 272 217
C 15 111 184
C 5 152 36
S 6 18 328
C 17 269 43
C 5 258 63
S 1 2 128
S 8 15 177
C 8 62 230
S 13 19 30
S 5 16 1
C 14 10 198
S 8 10 195
C 4 35 34
S 1 13 292
S 8 11 27
C 5 240 113
S 2 15 98
C 1 187 120
S 14 19 318
C 17 296 331
43
C 10 335 189
S 4 9 266
S 3 9 266
S 1 12 177
C 2 190 147
C 10 232 206
C 12 182 296
C 4 211 332
S 7 17 24
S 4 17 68
S 8 20 358
C 5 253 209
C 18 357 223
S 10 20 70
C 13 274 128
C 20 55 179
S 7 14 20
S 14 18 349
C 7 140 222
C 6 213 330
C 19 66 76
S 7 18 71
C 17 234 155
C 1 53 342
S 12 15 251
S 1 4 341
C 15 68 201
S 5 14 107
C 7 275 41
S 4 12 266
S 8 10 223
S 2 18 149
C 20 209 162
C 16 350 45
S 17 18 193
C 18 219 337
C 5 35 295
C 6 217 143
S 15 17 266
S 1 8 334
S 4 16 122
S 4 12 335
C 3 127 153
72
C 4 193 351
S 4 7 54
C 1 113 158
S 3 5 58
C 8 348 45
C 12 34 226
S 2 12 143
C 8 235 102
C 13 231 325
S 3 14 121
S 2 9 342
S 16 20 295
C 2 171 113
C 4 28 73
S 8 19 72
S 4 5 318
S 8 17 87
C 8 287 195
C 5 182 86
C 20 102 267
C 2 334 220
C 5 268 13
C 12 31 320
C 15 199 61
C 14 163 105
C 20 291 80
S 2 12 186
S 6 9 163
C 16 250 252
C 1 116 323
C 9 257 12
S 7 9 166
C 19 214 283
C 4 269 61
C 6 58 335
C 11 126 172
C 6 311 47
S 8 12 254
C 5 109 10
C 20 63 100
S 16 18 294
S 13 15 257
C 19 61 15
C 9 174 200
C 9 354 286
C 15 144 321
C 2 13 224
C 8 37 205
C 11 2 176
C 2 318 200
C 3 203 131
C 4 159 264
S 7 19 218
S 1 9 216
S 7 20 129
C 1 45 325
S 1 20 126
S 9 15 129
S 5 19 356
S 10 16 148
C 10 142 120
S 12 17 77
S 9 13 96
S 18 19 113
C 20 75 204
S 9 14 282
S 9 13 340
S 14 16 177
S 5 19 107
6
S 8 19 250
C 1 138 265
S 9 10 185
C 18 20 20
C 1 70 304
97
C 7 20 276
S 4 18 277
C 11 284 187
S 7 17 202
S 2 10 63
C 10 242 26
S 15 16 105
S 12 16 187
C 5 130 278
S 3 12 307
C 16 182 186
S 4 14 301
S 2 5 211
S 2 15 231
S 12 16 31
C 11 277 244
C 15 359 11
C 3 242 272
S 3 20 335
S 8 20 57
C 5 135 166
C 5 130 52
S 11 16 270
S 6 18 66
C 8 322 118
C 5 220 178
S 6 18 301
S 4 7 301
C 11 190 121
C 7 235 236
C 3 292 195
C 15 272 286
C 17 338 209
S 5 9 279
S 9 13 343
C 4 265 165
S 4 18 350
C 1 193 147
C 1 140 131
C 2 310 269
S 4 11 142
C 17 79 253
S 3 9 22
S 12 14 208
S 2 19 346
S 5 18 263
S 2 8 282
S 6 10 307
S 4 13 193
S 4 13 30
C 17 235 187
C 8 151 268
S 4 9 80
S 14 19 185
S 2 3 23
C 11 71 301
S 2 19 169
S 15 19 38
C 7 38 161
S 1 20 279
S 18 20 131
S 10 11 133
S 7 15 201
C 9 350 2
C 9 28 37
C 13 176 288
C 6 21 298
S 4 6 78
C 10 200 56
S 12 14 112
C 14 129 52
C 19 117 344
C 18 60 287
C 4 339 204
S 14 15 119
C 4 270 167
C 1 135 242
C 3 166 285
C 12 88 92
S 14 20 312
C 3 342 254
S 3 4 264
S 12 14 242
C 7 18 74
C 13 53 248
C 13 103 308
C 4 151 137
C 14 285 183
C 19 112 193
C 7 219 139
C 8 293 163
S 6 18 290
C 15 233 37
S 14 18 17
S 17 19 276
40
S 12 18 56
C 20 96 67
S 1 3 180
S 9 12 282
C 18 73 54
C 10 22 136
S 5 17 174
C 9 258 317
C 10 358 288
S 14 18 357
C 1 332 31
C 11 1 108
C 10 313 134
C 8 122 282
S 3 6 235
C 7 359 143
C 18 347 17
S 7 10 283
C 6 52 95
C 8 3 255
S 5 6 222
S 5 6 35
C 12 84 137
S 6 9 342
S 1 4 131
S 3 15 98
C 11 100 241
C 19 247 15
S 5 12 281
S 10 13 135
S 1 4 236
S 4 12 252
C 13 191 351
S 8 11 298
C 10 131 137
S 10 12 72
S 3 19 114
C 14 259 264
C 4 171 233
C 9 245 20
63
S 3 10 128
S 2 14 267
C 10 33 305
C 2 137 191
S 17 20 149
S 12 16 326
C 1 29 135
C 6 0 261
C 20 228 43
S 10 19 270
C 10 133 78
S 6 16 336
S 9 16 278
S 1 11 17
S 3 9 75
S 1 12 334
S 3 4 234
C 18 80 56
C 3 80 113
S 10 12 317
C 1 294 151
C 8 116 202
C 4 307 200
S 9 20 111
S 6 18 282
C 3 359 88
S 7 17 154
S 15 17 200
C 7 196 146
C 19 247 206
C 9 91 250
S 14 16 350
C 18 13 156
S 13 19 273
C 17 212 342
S 2 18 152
C 11 334 312
C 13 203 51
C 12 326 96
C 18 118 66
C 20 70 5
C 6 330 229
S 13 15 209
S 14 18 306
C 3 252 33
S 8 10 200
C 17 211 238
C 19 135 270
C 13 54 244
S 9 13 191
S 7 15 69
C 9 252 294
C 2 239 42
C 10 111 85
C 7 93 184
C 5 199 287
S 9 14 51
S 5 7 113
C 8 7 317
C 17 240 200
S 5 20 113
C 16 3 34
70
S 6 18 72
S 16 20 145
C 11 358 260
C 11 106 318
C 12 328 315
C 4 169 143
S 9 15 150
S 8 17 53
C 12 257 140
C 17 128 270
C 17 261 325
C 13 65 269
S 4 8 10
C 2 64 202
C 19 128 237
S 3 18 29
C 5 135 261
S 5 7 315
C 16 356 45
C 3 282 215
S 6 14 220
C 4 147 183
S 14 16 304
S 9 12 279
C 10 270 191
S 11 20 103
S 4 5 320
S 17 20 311
S 2 16 61
S 10 18 208
C 20 201 329
C 19 260 192
S 10 12 359
C 2 238 36
S 10 18 226
S 13 17 4
C 3 355 122
C 18 215 240
S 6 9 352
S 2 11 160
C 15 140 305
C 1 78 223
C 9 174 275
C 1 339 190
C 9 276 351
C 16 81 251
S 12 14 69
S 5 11 77
C 8 4 331
S 9 10 356
C 7 137 330
S 5 11 148
S 17 18 277
S 3 13 277
S 1 16 87
C 12 349 91
C 19 185 253
C 4 220 332
C 9 34 88
C 9 206 80
S 10 14 168
S 9 16 330
C 10 224 287
S 5 9 358
S 2 19 115
C 5 83 320
C 19 21 21
C 12 190 279
S 17 20 59
67
C 4 69 241
C 6 240 186
S 17 18 258
S 4 16 15
C 2 301 211
C 5 334 337
C 17 99 322
C 17 306 42
C 10 189 286
S 11 12 266
S 12 19 253
S 3 7 204
C 5 249 118
S 1 17 263
S 12 13 193
S 6 8 333
C 8 338 49
S 3 16 288
C 1 158 227
S 6 7 246
S 3 7 319
C 4 162 199
C 17 353 245
C 17 203 330
S 2 3 273
C 10 209 87
C 17 250 286
S 8 20 280
S 6 18 358
C 16 45 111
S 4 19 253
S 4 14 351
C 9 144 253
C 15 87 250
S 12 15 236
C 19 178 208
S 5 18 57
C 13 290 254
C 7 5 197
C 3 84 195
C 19 145 215
S 2 8 55
C 14 290 164
S 8 10 67
S 15 20 210
C 1 139 47
C 5 294 172
S 6 9 346
C 15 47 240
S 2 3 37
S 2 6 189
S 1 7 187
C 19 349 43
C 1 178 68
S 13 16 175
S 10 13 285
S 5 20 330
S 9 10 51
C 1 253 137
C 15 231 268
C 16 221 192
S 2 16 173
S 1 7 132
C 2 129 276
31
C 9 279 117
C 8 211 357
C 9 150 252
S 10 14 294
S 4 19 71
C 12 155 3
C 9 183 311
S 5 16 207
C 6 10 93
C 3 347 268
S 12 19 121
C 2 312 163
S 3 19 16
C 19 253 225
C 1 241 274
S 1 3 159
C 2 245 237
S 5 14 149
C 20 16 121
C 16 187 272
C 11 44 95
C 6 41 276
C 5 269 146
S 6 11 343
C 19 295 94
S 4 7 55
S 9 14 314
S 4 19 189
S 2 9 188
S 1 11 307
51
S 2 12 99
C 4 61 193
S 7 18 129
C 20 280 218
S 1 9 275
C 15 180 4
S 2 16 264
S 11 17 44
C 16 257 208
C 8 108 158
S 10 17 68
C 17 121 220
C 2 77 319
C 6 80 25
S 1 6 92
S 1 3 35
C 1 245 191
C 15 298 318
S 1 2 29
C 14 341 232
C 1 46 344
C 7 39 172
C 9 228 267
S 3 7 60
S 7 19 12
S 5 6 134
C 15 285 32
S 6 16 261
S 11 16 15
C 12 278 4
S 6 12 301
C 9 97 116
C 14 50 323
S 11 16 190
C 5 43 194
C 5 2 77
C 2 229 217
C 13 19 65
C 2 94 287
C 18 117 35
C 13 22 195
C 12 299 307
S 1 15 238
S 5 9 351
C 2 203 272
S 1 14 80
S 18 20 354
68
C 18 10 264
S 9 20 16
S 16 18 258
S 3 5 187
C 4 150 252
C 3 165 263
S 8 20 54
C 18 46 321
S 11 20 213
C 11 228 188
S 13 19 193
C 19 274 320
S 9 20 138
C 9 185 301
S 3 6 250
C 18 90 270
C 10 346 185
C 20 64 194
S 11 12 257
S 12 15 19
C 6 235 94
S 1 4 358
S 4 16 73
C 12 18 225
S 9 10 137
S 18 20 142
C 18 88 196
C 19 143 303
S 7 15 330
S 6 9 104
S 17 20 53
C 13 303 300
C 12 126 260
S 8 20 166
C 18 265 234
C 6 205 113
S 4 5 297
C 13 168 193
C 16 261 28
S 4 15 183
S 17 20 234
C 19 69 347
C 5 304 270
C 1 159 233
S 5 15 44
C 8 33 65
S 12 13 288
S 2 6 120
C 15 11 260
S 15 20 344
C 19 49 248
C 16 359 312
C 15 355 44
S 15 19 199
C 12 207 191
S 1 17 261
C 8 67 335
S 6 20 182
S 2 3 284
C 9 10 255
S 4 9 122
S 12 17 338
S 10 19 25
S 1 6 125
C 17 202 237
C 18 291 210
C 2 315 156
S 1 17 249
35
S 2 7 266
S 3 15 231
S 1 15 32
S 4 14 42
C 1 122 281
C 17 304 349
C 16 8 275
C 14 276 123
C 18 201 193
C 2 323 262
S 11 18 195
C 8 3 196
C 13 120 91
S 1 6 238
C 8 326 144
C 6 61 285
S 1 9 126
C 14 182 344
S 6 7 195
S 1 9 300
C 9 84 146
S 13 19 176
S 15 20 210
S 8 13 6
C 9 40 67
C 7 155 124
S 3 10 151
S 2 6 140
C 7 133 105
S 3 17 134
S 2 18 13
C 8 206 66
S 8 13 298
63
C 19 12 141
C 17 203 299
S 5 15 309
C 16 198 121
C 12 136 180
S 6 11 142
C 20 248 44
S 10 17 71
S 12 14 243
S 1 10 270
C 18 152 64
S 10 14 157
S 6 12 327
S 5 14 130
S 7 16 42
C 17 222 16
C 2 273 150
C 6 315 332
C 1 86 202
C 15 333 283
C 2 137 97
C 2 303 236
C 12 185 285
C 9 272 355
S 11 17 334
S 7 15 338
S 4 8 33
C 13 345 13
S 12 19 152
C 3 231 300
C 5 36 269
S 9 10 270
C 18 39 349
S 12 20 184
S 8 13 93
S 5 20 165
C 6 153 211
C 20 269 117
C 14 351 259
C 20 97 301
C 10 111 72
C 12 242 13
C 14 1 92
C 3 38 63
C 9 311 210
C 10 147 313
C 1 225 183
S 6 15 47
C 13 192 184
C 8 4 275
S 2 9 305
C 8 64 206
C 20 23 40
S 17 19 284
C 14 315 256
S 5 12 186
S 9 14 131
C 1 10 246
C 10 229 311
S 6 7 70
44
C 16 325 4
S 18 19 286
S 4 9 164
S 3 19 139
S 3 8 49
C 3 155 90
C 2 353 321
C 19 145 316
C 1 90 137
S 8 9 119
C 14 253 112
S 7 19 125
S 1 13 359
C 5 284 323
S 14 19 340
C 17 74 122
C 14 225 278
S 1 10 341
C 6 358 166
S 11 15 300
C 6 200 262
S 10 13 73
C 18 321 34
S 5 8 163
C 7 82 42
S 14 18 293
C 18 258 270
C 14 122 83
S 6 7 304
S 6 13 261
S 2 11 252
S 6 16 318
C 9 115 102
C 2 98 124
C 20 260 54
C 10 104 322
C 8 306 84
S 3 13 283
C 15 78 127
C 13 65 1
C 7 210 310
C 2 45 123
31
C 17 210 227
S 4 10 282
S 8 9 355
C 18 231 87
S 8 12 88
S 10 19 22
C 12 279 347
C 8 143 109
S 1 17 160
C 18 43 57
C 20 173 10
S 10 19 37
S 16 19 12
S 3 18 114
S 6 18 26
C 8 301 116
S 7 11 228
C 20 249 21
S 1 19 254
S 1 18 79
C 13 255 112
S 5 9 126
S 6 19 9
S 17 19 124
C 12 278 273
S 13 20 274
C 17 11 206
S 7 17 290
S 5 12 295
51
C 20 9 66
S 7 19 180
C 5 120 216
S 16 19 276
S 2 9 41
C 20 100 134
S 7 17 334
C 1 208 321
S 10 13 191
S 12 18 197
S 16 17 243
S 9 12 321
S 15 19 93
S 3 4 259
C 14 45 145
S 9 19 199
S 8 10 161
C 1 271 304
S 1 8 221
S 10 19 345
C 11 317 313
C 3 178 166
C 13 343 0
C 7 9 232
C 7 279 11
C 14 320 74
C 19 219 45
S 13 20 301
C 4 161 229
S 14 18 243
C 5 94 330
C 4 219 51
C 10 17 241
S 4 5 96
C 8 300 167
C 18 223 69
S 3 17 247
S 2 14 49
C 3 283 126
S 1 9 119
C 20 96 175
S 6 8 279
C 11 219 213
S 5 17 3
S 14 16 352
S 10 13 328
S 1 3 4
S 16 20 197
S 10 14 9
S 3 16 130
96
S 5 8 329
S 6 10 328
S 3 11 257
S 6 8 273
C 9 88 210
C 8 330 272
C 4 340 66
C 8 39 246
C 3 273 198
C 19 284 63
C 19 139 310
C 20 281 134
S 1 19 79
C 12 149 128
C 9 38 62
C 2 311 181
S 4 8 285
S 7 15 174
S 2 19 55
C 15 0 24
C 11 12 36
C 16 183 221
S 3 14 28
C 7 170 23
S 11 13 88
C 14 22 311
C 15 141 95
S 4 6 308
C 14 134 45
S 8 15 236
S 3 17 155
S 2 5 252
C 3 302 151
C 4 131 300
C 2 134 232
C 18 19 180
C 20 227 155
C 10 18 322
S 7 15 86
S 12 18 125
S 1 13 238
S 13 14 169
S 11 15 156
S 11 14 237
S 18 19 346
S 11 16 165
S 6 20 310
S 9 16 303
S 9 17 9
S 11 19 126
S 3 14 137
C 13 222 52
S 5 16 184
S 14 16 109
S 9 16 49
S 6 14 122
C 9 210 237
C 3 231 214
S 11 20 45
S 1 16 240
C 16 52 6
C 20 240 0
C 5 211 349
C 3 218 260
S 12 20 330
S 8 19 330
S 8 18 83
C 12 118 142
C 2 309 125
S 8 13 81
S 1 4 274
S 7 9 304
C 1 231 33
C 6 276 137
C 16 313 203
S 1 3 144
C 12 217 135
S 11 16 246
S 6 10 244
C 18 41 90
C 4 33 97
C 9 167 194
S 9 15 260
S 5 12 112
S 7 9 16
C 20 288 125
S 6 17 272
S 3 14 356
C 9 290 73
S 9 11 333
S 4 7 212
S 2 20 132
S 8 17 199
S 10 20 233
C 10 315 336
C 2 67 195
5
S 4 16 64
S 10 18 21
C 9 197 211
C 3 334 37
S 10 11 195
90
C 16 175 338
S 4 19 176
C 9 272 248
S 5 13 174
S 15 20 278
S 15 20 235
S 11 16 41
S 4 14 221
C 5 309 171
S 5 7 353
S 10 20 63
S 13 14 269
S 4 15 274
S 6 13 50
C 3 167 277
S 11 19 179
S 10 14 310
S 13 15 315
S 5 20 47
C 16 300 204
S 8 10 92
C 3 23 145
S 1 18 25
C 1 237 350
C 6 88 139
S 8 10 89
C 9 127 18
S 7 14 309
C 15 230 2
C 12 84 210
C 3 207 321
S 3 15 189
C 5 230 157
S 8 11 336
C 17 35 152
S 9 12 325
S 15 19 204
C 17 54 241
S 1 12 162
S 9 13 286
C 16 223 64
C 7 156 132
S 14 20 312
S 14 20 313
C 7 125 218
C 14 280 211
S 4 16 53
C 12 65 84
C 10 245 69
C 7 254 91
S 2 11 108
S 1 11 327
C 9 350 16
C 9 122 80
C 10 283 175
C 8 282 263
C 20 157 291
C 15 195 203
S 16 18 5
S 8 14 41
S 3 19 199
C 13 283 164
S 8 14 320
C 7 262 62
C 9 241 257
S 5 6 83
C 16 338 3
S 3 18 159
S 2 8 203
C 19 3 88
C 1 298 108
C 1 135 83
S 2 17 322
C 2 212 292
S 2 7 309
C 6 17 31
S 14 20 0
S 11 13 267
S 1 20 207
C 19 134 153
C 12 339 28
S 3 13 332
C 3 307 92
C 4 319 119
S 10 14 342
S 5 13 222
C 12 253 326
C 1 320 65
S 1 15 4
39
C 18 60 31
C 15 346 133
C 7 225 8
C 8 354 112
S 13 15 87
C 20 164 274
S 5 13 242
S 8 12 272
S 11 15 32
C 15 216 12
C 17 108 260
S 13 16 35
C 4 280 239
S 13 20 240
C 10 94 162
C 20 157 58
C 2 315 10
S 2 16 278
C 4 124 62
S 15 18 326
C 11 81 99
C 9 52 277
C 14 320 192
S 4 6 318
C 10 33 294
S 8 12 157
S 1 19 82
C 16 104 58
S 6 11 195
S 3 4 124
S 7 16 237
S 5 9 210
C 14 106 250
C 2 222 278
S 2 17 192
S 2 18 173
S 12 20 115
S 2 15 236
60
C 14 307 203
S 8 9 155
C 2 116 319
S 14 19 294
C 17 321 349
C 3 165 85
S 6 13 151
C 6 273 159
S 5 19 41
C 4 98 359
S 14 19 141
C 4 299 159
S 4 7 166
S 1 9 325
S 11 17 154
S 4 6 92
C 9 296 3
C 12 114 55
C 4 7 232
C 11 121 250
C 14 309 145
S 5 16 224
S 10 14 72
C 16 326 196
C 5 133 80
C 18 323 260
C 12 352 194
C 11 352 270
C 10 352 259
C 15 310 201
S 2 6 251
C 14 82 172
C 13 123 8
C 17 278 82
S 6 19 56
C 10 324 96
C 15 91 195
C 6 19 47
C 11 116 201
C 16 236 57
S 7 19 351
S 15 18 240
C 12 211 147
S 17 19 285
C 7 142 283
C 11 128 145
S 12 18 308
S 8 17 53
S 11 17 139
S 3 6 266
S 12 20 90
S 1 17 255
S 1 10 47
S 2 3 309
C 14 349 15
C 1 180 117
S 5 18 225
S 7 15 330
S 1 20 222
C 19 201 6
52
C 9 67 27
S 1 8 251
C 10 251 249
S 13 19 247
C 8 141 212
C 10 320 349
S 11 17 224
C 10 321 155
S 8 13 124
C 19 19 19
S 12 13 214
C 14 99 132
S 13 18 58
C 11 241 233
C 2 231 25
C 4 347 272
S 1 7 62
C 13 91 327
C 11 53 289
C 11 248 207
C 4 147 65
C 16 300 139
C 14 106 208
S 11 12 184
C 4 262 55
C 3 34 179
C 17 167 21
S 2 7 16
S 2 19 40
C 17 168 139
S 11 20 28
C 15 249 18
S 7 13 160
S 5 12 349
S 6 7 342
S 10 18 294
S 2 19 34
S 5 13 164
C 9 48 86
S 9 13 64
S 5 13 134
C 18 164 224
S 4 18 22
S 5 14 281
S 1 7 158
C 19 198 196
S 8 15 103
C 5 303 184
C 4 33 41
S 3 4 147
S 2 13 354
C 18 15 324
36
S 7 15 61
C 11 313 227
S 9 17 221
C 4 178 358
C 12 345 222
C 3 53 77
S 7 11 90
S 1 16 326
S 11 19 16
C 12 358 248
C 19 215 67
S 5 9 334
S 12 18 327
S 7 14 173
S 5 15 166
C 19 252 328
S 8 18 122
C 12 24 225
S 6 8 126
C 6 140 269
C 11 346 252
S 5 17 167
C 17 13 98
S 8 12 320
S 6 12 234
C 11 9 110
S 12 17 221
C 8 280 333
S 3 9 285
C 18 156 148
S 4 12 356
S 3 14 62
C 3 99 331
C 4 164 116
S 9 15 70
4
S 10 12 176
C 7 154 102
C 4 78 347
99
S 3 10 81
C 10 244 48
S 3 13 202
S 12 14 194
C 12 238 124
S 3 14 294
C 19 356 18
S 2 17 195
C 2 118 48
C 10 26 135
C 17 318 146
S 2 5 148
C 6 320 240
S 6 19 229
C 1 173 39
C 18 150 296
S 2 18 71
S 17 18 228
C 16 71 149
S 8 10 176
C 3 215 356
S 2 10 345
S 2 6 91
C 17 260 76
C 11 356 29
C 6 241 329
S 4 11 38
S 10 16 153
C 13 152 68
S 2 10 70
C 2 302 223
C 13 42 108
C 14 143 263
C 17 167 194
S 9 10 26
C 14 162 168
S 3 18 345
C 10 56 228
S 6 10 272
S 5 6 229
C 7 245 203
S 7 10 323
S 12 19 189
C 2 270 152
C 1 320 282
S 2 10 329
C 10 82 173
C 8 116 126
S 5 10 314
C 2 192 195
C 15 73 256
S 6 14 60
S 12 13 185
C 6 100 164
C 11 267 150
C 5 191 146
C 8 214 101
C 16 348 219
S 15 20 153
C 7 118 82
C 18 148 104
S 4 13 108
C 12 99 137
S 1 3 354
S 3 13 274
C 13 146 218
C 17 205 209
S 3 20 150
C 2 130 287
C 10 28 346
S 1 16 326
C 15 203 243
S 2 17 21
S 6 20 210
S 15 19 141
C 9 162 246
S 15 16 81
C 5 129 215
S 4 8 319
S 1 4 1
S 13 16 234
C 13 87 321
S 16 19 129
C 12 185 24
S 11 20 187
C 7 171 128
S 7 14 196
C 9 273 284
S 2 5 232
C 13 284 267
S 6 11 66
S 1 17 85
C 19 51 87
C 10 201 144
C 20 77 78
C 11 159 325
S 1 8 244
C 8 61 192
44
C 1 227 256
C 3 77 56
C 15 119 156
S 6 14 217
C 3 250 61
C 13 187 230
S 2 20 118
C 3 332 325
C 18 103 183
S 8 15 263
S 3 11 84
S 17 19 24
S 12 15 158
S 2 9 111
C 15 282 291
C 12 315 235
S 8 10 348
C 3 47 197
S 10 15 196
S 1 7 24
S 11 17 183
S 9 12 302
S 19 20 353
C 5 249 100
C 7 22 50
C 20 239 315
S 11 18 18
C 20 250 312
C 19 330 339
C 12 162 27
C 3 328 51
C 18 139 128
C 4 22 259
C 17 149 170
C 13 149 124
S 3 17 138
C 11 84 200
C 8 328 239
C 18 22 98
C 4 115 233
C 4 98 101
S 14 15 318
S 5 18 26
51
C 11 30 23
C 13 132 181
C 15 253 291
C 18 16 260
S 16 17 147
C 7 40 67
S 6 17 266
S 1 20 109
S 4 13 181
C 3 203 49
C 7 28 156
C 13 312 169
C 16 48 338
C 2 142 341
S 8 16 132
S 8 19 29
S 3 15 273
C 18 142 311
C 3 116 173
C 13 22 305
C 7 313 295
S 7 15 265
C 11 184 65
C 4 226 172
S 3 12 67
S 9 15 198
C 5 117 284
C 8 256 6
S 9 20 126
C 19 262 45
S 2 5 243
C 13 227 252
S 5 9 299
S 2 5 193
S 19 20 133
C 11 30 8
C 4 312 261
C 11 119 284
S 13 16 122
S 5 9 85
S 12 17 255
S 2 13 279
S 4 16 195
S 3 14 14
S 7 17 118
C 20 51 93
C 17 202 116
S 1 10 224
S 9 17 236
S 4 7 148
11
S 5 8 252
S 7 14 259
C 11 256 92
S 8 9 122
C 18 302 232
S 2 13 36
S 5 8 134
S 9 16 326
S 6 14 92
C 18 257 113
4
C 13 274 123
S 13 16 162
S 6 7 171
S 9 12 194
31
S 7 8 339
C 20 43 82
S 8 16 17
C 19 40 196
S 8 14 337
C 6 274 329
C 6 220 106
C 12 285 109
C 10 63 311
S 1 16 310
S 17 20 35
S 6 18 203
S 5 7 350
C 14 354 182
C 16 288 197
S 2 3 121
S 3 8 84
C 4 24 148
S 1 2 244
C 14 183 277
C 4 257 163
S 3 6 127
C 6 52 260
S 1 16 7
C 19 176 271
S 7 13 82
C 7 157 57
S 4 16 122
C 9 353 41
C 16 143 218
C 7 152 136
33
S 10 12 191
C 2 252 143
S 13 17 104
C 7 267 331
S 9 12 355
S 8 15 54
S 6 10 227
S 4 12 217
S 5 11 136
C 10 284 210
S 16 19 317
S 2 10 324
C 16 68 184
S 1 11 311
C 5 263 250
C 3 180 59
C 14 117 345
S 3 5 136
C 6 62 272
S 2 6 33
S 7 19 280
S 5 13 252
C 16 200 279
S 1 4 118
C 15 354 72
C 18 187 71
S 10 19 346
C 11 70 9
S 13 19 65
C 14 342 75
C 10 225 199
S 14 18 333
S 7 16 306
26
S 13 20 292
C 12 215 304
C 9 17 350
C 6 208 306
S 12 17 58
C 4 308 102
S 13 17 82
S 7 19 282
C 11 0 228
S 18 19 259
C 10 346 34
S 2 7 59
C 11 102 2
S 9 13 7
S 7 15 26
S 1 12 211
S 15 17 83
C 11 316 27
C 7 234 183
S 16 19 98
C 9 335 258
S 2 9 128
S 7 8 279
S 5 13 213
62
C 3 300 6
C 15 155 138
S 8 19 216
C 14 193 97
C 6 305 275
S 3 10 349
S 2 12 258
S 10 18 249
C 11 105 48
S 1 15 350
S 1 7 298
S 9 15 230
S 4 10 298
C 13 323 109
C 9 137 113
C 17 170 257
C 17 110 293
C 16 229 81
S 5 7 257
S 16 20 251
C 8 121 260
C 15 182 77
C 12 199 303
S 7 17 307
C 4 250 137
C 6 348 339
C 3 174 111
S 2 7 299
S 3 16 141
C 1 341 112
C 8 287 271
S 1 10 263
S 9 20 106
S 5 20 104
S 7 13 252
S 10 20 19
S 3 18 171
S 9 20 208
C 20 161 62
S 11 16 45
C 17 157 36
C 11 99 178
C 13 231 23
C 15 358 30
C 14 293 7
S 10 11 110
C 9 269 124
C 17 102 112
C 16 233 14
S 6 13 57
S 6 19 139
S 11 20 175
C 3 34 161
S 11 19 109
C 16 184 233
C 20 132 13
S 10 15 205
C 19 178 61
C 20 50 153
C 16 28 354
67
S 4 10 163
C 7 329 238
C 14 280 124
S 9 17 352
C 2 139 265
S 8 11 55
S 2 7 252
C 16 318 8
C 6 188 55
S 1 4 250
C 8 108 331
S 5 9 34
S 4 13 306
S 1 8 213
C 1 231 247
S 2 7 40
C 18 146 136
S 6 9 111
C 20 205 275
S 3 15 198
C 14 128 246
S 16 19 342
C 11 235 265
S 14 18 204
C 17 306 333
C 5 282 290
S 11 13 65
C 6 110 341
S 7 20 222
C 17 132 140
S 13 18 161
S 2 10 303
S 6 14 342
S 11 16 313
S 3 13 273
C 9 155 141
S 2 9 71
C 8 190 245
S 9 14 270
C 13 0 258
S 10 12 179
S 3 13 71
C 20 135 54
C 8 119 302
S 2 19 238
C 14 101 32
C 17 10 157
S 11 13 112
C 5 138 110
C 20 19 258
S 16 20 52
C 2 170 10
C 10 134 341
S 11 15 254
C 18 175 74
S 4 9 357
C 20 354 133
C 9 330 204
S 6 17 260
S 9 19 31
S 10 18 270
C 3 286 85
C 11 14 185
C 13 349 271
C 1 105 287
S 12 17 8
S 7 17 210
17
S 6 9 339
S 1 19 293
S 3 8 265
S 8 20 221
S 5 11 130
C 11 137 198
S 1 17 248
S 16 18 347
C 17 110 161
C 17 97 43
C 7 40 205
S 12 16 178
S 1 2 312
C 20 132 167
S 13 16 285
C 3 288 140
S 7 10 357
56
C 13 69 70
C 6 327 320
S 2 8 20
S 5 13 206
C 17 346 17
S 14 19 275
S 2 17 317
S 5 12 339
C 10 216 201
C 10 334 152
C 17 146 280
C 7 18 94
S 7 16 300
C 1 185 147
C 8 85 39
C 1 330 348
C 5 0 19
S 6 16 261
C 18 84 37
C 7 349 321
C 20 169 178
C 8 275 265
C 5 113 294
C 12 317 180
C 8 23 135
S 2 17 229
C 20 105 317
S 1 12 278
S 9 12 203
C 19 237 78
S 5 10 307
C 18 50 280
C 5 290 162
S 1 9 263
S 2 5 115
C 14 242 185
S 9 13 208
S 10 15 225
S 2 18 152
C 20 241 83
C 2 341 101
S 15 16 104
S 3 14 239
C 15 20 31
C 1 277 203
C 17 122 8
C 16 142 15
C 5 253 299
C 20 134 71
S 9 19 73
C 11 319 329
S 4 9 357
94
C 8 359 357
S 8 16 56
S 4 5 137
C 9 268 83
C 9 5 217
C 5 286 19
S 5 11 157
S 4 15 90
S 17 20 35
S 10 16 106
S 3 9 290
C 19 11 261
C 16 91 65
C 18 116 59
S 12 13 194
C 4 302 226
C 4 102 30
S 18 20 235
S 11 15 71
S 1 13 4
C 10 17 232
C 8 218 349
S 5 9 335
S 13 17 253
C 18 115 282
S 5 7 331
C 8 29 243
C 9 120 168
S 2 11 186
C 10 251 268
C 13 210 158
S 4 11 279
S 12 15 114
S 9 20 172
S 17 20 26
S 1 18 65
S 5 19 50
S 5 13 222
C 10 286 248
C 15 25 211
S 18 20 294
S 3 4 145
C 2 230 225
C 15 355 271
S 8 20 180
S 7 14 39
S 10 20 109
C 12 331 358
S 1 7 335
S 3 5 342
C 10 175 25
C 6 329 120
S 5 13 92
C 3 121 142
S 3 16 350
S 2 12 63
S 10 13 204
C 14 262 2
C 15 104 99
S 8 15 315
C 17 182 156
C 6 256 41
S 3 14 52
C 20 177 70
S 1 9 348
C 12 23 176
S 3 9 94
C 9 346 234
C 2 292 245
S 9 20 107
C 19 53 210
S 3 13 5
C 12 35 176
S 4 6 210
S 5 18 38
C 2 332 187
S 1 10 235
S 7 16 283
S 9 10 275
S 19 20 10
C 7 213 37
C 12 186 62
S 17 18 317
C 4 136 33
C 20 34 175
S 1 16 310
C 6 272 154
C 18 167 189
S 2 7 284
S 1 2 109
C 4 21 267
C 10 344 348
C 1 143 47
72
S 12 14 286
S 8 19 203
C 16 136 266
C 11 169 31
C 14 34 21
C 5 329 196
C 20 186 259
C 4 111 266
C 10 185 153
S 6 9 72
C 20 42 120
S 1 10 277
C 16 163 36
S 1 16 109
C 14 58 261
C 11 358 124
C 20 130 14
S 11 14 129
C 13 5 283
C 20 340 244
C 16 313 212
S 3 17 117
C 8 183 20
S 4 12 120
C 13 58 146
C 2 302 297
S 6 10 42
C 2 312 334
S 9 12 106
S 4 6 11
C 12 211 318
S 3 7 241
C 14 250 23
C 16 349 27
C 16 140 237
C 18 266 285
S 16 19 165
C 18 11 6
S 1 15 315
S 4 16 295
C 13 140 308
S 6 9 1
C 19 149 262
S 2 19 69
S 1 9 164
C 7 358 263
C 3 131 226
S 1 6 0
S 4 9 296
S 9 19 149
C 4 148 54
C 12 312 88
C 13 37 106
S 11 16 131
S 9 10 27
S 7 11 168
C 9 269 269
S 18 19 150
S 5 16 222
S 5 15 52
S 7 14 221
S 4 5 26
S 9 18 110
C 12 284 3
C 10 149 138
S 7 14 58
S 9 12 114
S 2 11 44
C 1 285 104
4
C 13 68 277
S 13 18 122
C 17 219 136
S 4 7 227
13
C 11 30 263
C 18 36 245
S 11 17 264
C 15 187 115
C 14 113 291
C 16 256 174
C 2 223 66
C 13 272 57
S 1 20 6
S 14 17 87
S 5 19 147
C 1 298 125
C 11 192 304
13
C 14 97 16
C 8 39 53
C 16 354 277
C 1 332 100
S 3 12 299
C 19 187 340
C 11 48 86
C 2 226 47
C 16 3 112
S 2 4 163
S 1 14 281
C 14 280 85
31
S 3 16 327
S 1 4 350
S 14 19 160
C 11 151 55
C 1 68 202
S 14 16 68
S 3 12 42
C 3 321 142
S 13 18 227
S 10 20 250
C 1 189 137
C 1 315 129
S 3 11 304
S 2 12 346
C 5 72 324
S 1 14 223
C 18 312 120
S 6 12 109
S 5 19 208
C 17 346 314
C 7 140 189
C 17 189 233
C 15 353 188
S 10 17 317
C 16 176 92
C 15 9 199
S 5 11 139
S 9 11 286
S 7 14 272
S 8 10 352
C 10 333 252
97
S 2 17 88
C 3 5 302
C 13 62 80
C 6 340 286
S 18 20 326
C 11 306 36
S 5 6 40
S 1 11 26
S 5 15 27
C 5 145 12
C 6 61 63
S 1 4 234
C 7 311 276
C 11 60 50
C 14 7 51
C 6 131 323
S 4 15 67
S 8 9 177
C 17 355 243
C 17 157 253
C 17 132 190
C 12 109 241
S 9 19 93
C 15 41 197
C 6 356 310
C 11 313 84
C 8 146 264
C 10 82 71
C 17 279 284
C 16 64 223
C 16 58 182
S 4 9 148
C 17 251 260
S 2 4 255
S 7 12 330
S 6 20 68
C 7 88 77
S 2 12 141
C 17 275 341
C 18 80 175
S 16 18 223
S 5 18 266
C 12 151 12
S 9 19 241
C 16 218 169
C 10 19 198
C 16 94 34
C 19 242 233
C 1 145 49
C 8 283 198
C 4 32 83
S 4 6 206
S 12 15 307
S 1 19 310
C 17 128 352
C 6 337 176
C 13 96 225
S 2 8 79
C 8 192 9
C 10 108 95
C 16 285 151
C 15 47 313
C 8 141 267
C 7 19 162
S 9 15 70
C 13 65 239
S 7 16 283
C 18 286 219
C 20 182 278
C 3 324 316
C 8 170 281
S 13 18 104
S 5 17 108
C 7 309 218
S 5 17 265
C 1 152 295
S 6 14 33
C 4 37 215
C 1 336 11
C 19 217 263
S 1 3 133
S 3 10 9
C 12 136 307
S 4 5 73
C 14 50 257
S 16 18 343
C 10 317 306
S 7 9 152
S 1 16 59
S 7 13 317
C 4 262 125
S 17 19 127
C 2 341 288
S 3 19 256
53
S 6 19 172
C 2 214 242
C 20 161 268
C 10 342 283
S 4 10 198
C 11 102 2
C 8 217 262
C 14 82 22
C 13 266 302
S 4 19 291
C 10 308 227
S 16 19 121
S 8 20 10
S 1 19 85
S 12 19 225
S 2 11 74
C 4 340 244
C 1 335 95
S 12 15 73
C 18 77 237
S 12 19 312
S 4 19 114
C 4 66 13
C 10 68 332
S 9 20 140
C 3 313 119
S 7 17 135
C 2 249 80
C 12 235 284
C 1 187 212
C 12 23 241
S 10 19 235
S 11 17 162
C 10 255 332
C 16 246 158
S 2 11 95
C 7 253 242
S 6 11 330
S 11 19 228
C 14 311 111
S 1 2 188
C 4 338 298
C 2 289 187
S 5 7 102
S 9 17 258
C 12 31 340
C 18 22 45
C 14 170 155
C 20 227 151
C 13 123 245
1
C 3 177 281
73
S 5 8 53
S 1 2 233
C 4 202 75
S 4 7 38
C 20 46 128
C 10 65 58
C 7 285 38
C 17 315 30
S 8 20 211
C 9 175 140
S 1 17 27
C 13 166 325
S 4 10 302
C 11 334 39
S 7 9 138
S 16 17 311
C 1 357 165
C 17 325 62
C 17 77 88
C 6 112 227
C 7 53 250
S 5 6 158
C 7 299 52
C 17 45 144
S 9 14 95
S 5 10 185
S 10 12 72
S 9 14 224
S 10 17 204
S 3 8 201
C 10 110 189
S 3 17 171
C 11 23 168
S 2 17 335
C 6 295 270
C 1 279 255
C 18 295 102
C 9 246 83
S 8 16 261
C 1 3 75
C 9 234 338
C 1 84 71
S 4 18 140
C 9 35 235
S 13 19 203
C 20 41 44
S 2 12 194
S 12 16 64
C 19 207 287
C 10 177 198
S 15 19 213
C 8 150 196
S 5 8 346
S 6 7 220
S 13 15 358
C 8 189 278
C 15 134 294
C 12 153 293
C 18 286 296
S 9 19 183
S 15 17 37
S 1 3 210
C 7 53 116
C 8 104 94
S 9 18 152
C 18 101 118
C 19 186 135
C 7 353 61
S 1 10 194
S 11 15 142
S 12 15 332
C 15 30 206
67
C 2 214 320
C 2 225 213
C 4 45 340
S 4 7 251
C 16 90 60
S 12 15 168
C 11 337 185
S 14 19 144
C 19 57 88
C 19 120 275
S 3 9 71
C 16 104 61
C 20 44 13
S 3 7 154
C 10 353 267
C 8 223 354
C 15 296 222
S 7 12 213
S 10 14 122
S 11 19 147
C 7 98 156
C 18 74 128
S 7 16 178
C 16 87 27
C 15 36 315
C 11 87 208
C 12 199 5
C 16 251 261
C 1 330 55
C 19 284 9
S 8 13 248
C 9 141 131
C 5 220 282
C 2 139 93
S 2 11 325
S 13 16 305
S 4 11 60
S 6 12 21
C 9 179 304
S 1 19 210
S 11 16 48
S 11 17 112
S 5 12 107
C 4 61 236
S 8 13 199
C 10 177 358
S 12 20 144
S 3 9 37
S 5 11 244
C 19 149 307
S 12 14 90
C 8 287 6
C 20 95 27
C 8 23 158
C 5 82 312
C 2 303 186
C 7 325 156
S 11 18 61
C 4 330 212
S 14 16 329
S 6 14 124
S 17 18 73
S 10 12 59
S 2 14 344
S 8 9 40
58
C 12 139 37
S 1 19 165
C 5 82 73
S 9 10 232
C 4 36 320
C 9 350 41
C 12 313 229
C 6 208 78
S 6 20 33
S 3 10 165
C 11 112 302
S 9 19 247
C 2 210 154
C 12 343 231
C 20 57 236
S 10 18 220
S 6 16 77
S 6 11 127
S 5 10 260
S 3 10 297
S 9 17 51
S 9 18 289
C 17 310 151
S 5 19 132
S 12 13 327
S 6 10 141
C 11 220 357
C 19 74 279
S 4 11 238
S 8 15 67
C 3 59 175
S 18 19 1
C 3 176 158
S 10 16 295
C 1 314 64
S 2 9 152
S 8 16 139
C 14 95 332
S 3 15 223
S 7 16 224
C 6 69 236
S 9 12 296
S 2 11 17
C 18 159 71
S 9 13 35
S 4 15 197
S 13 18 308
C 3 232 84
S 4 8 309
C 12 191 99
S 3 16 167
C 8 18 42
S 9 17 177
S 6 8 142
S 8 11 5
S 11 16 135
C 11 16 76
34
C 19 259 36
C 17 159 308
C 20 262 335
C 13 260 254
C 5 318 191
S 1 8 224
C 2 291 225
S 1 7 336
S 3 5 259
S 4 15 106
C 9 14 134
S 4 17 242
S 4 18 353
C 8 230 155
C 12 6 214
C 15 261 77
S 15 20 253
C 7 51 201
S 7 11 275
C 18 171 56
S 10 13 319
S 10 12 66
S 8 20 153
S 4 14 127
C 9 196 291
C 13 284 53
S 13 14 172
C 7 172 325
S 2 19 12
C 16 345 182
C 13 45 89
C 16 328 286
C 9 326 239
47
C 8 8 122
S 16 17 56
S 7 17 252
C 7 124 148
S 3 12 98
C 6 170 338
C 17 34 237
C 15 18 309
C 11 24 5
C 16 298 54
C 4 151 226
C 20 58 27
S 4 14 318
C 13 282 159
S 7 18 352
S 2 20 218
C 18 14 84
S 9 18 319
C 14 19 291
S 9 12 215
C 20 334 254
C 19 191 147
S 4 16 200
S 1 15 36
S 6 14 204
C 15 132 29
C 16 113 171
S 11 19 158
C 12 3 144
S 5 13 183
S 4 5 130
C 6 134 278
C 17 114 263
S 1 5 265
C 6 322 196
C 20 311 165
S 11 19 265
C 11 166 255
S 4 16 187
C 7 27 305
C 15 194 154
S 14 15 178
C 20 3 3
C 19 249 61
S 16 18 108
42
S 10 18 1
C 20 106 93
S 13 16 5
S 12 14 14
S 7 19 270
S 7 17 157
S 11 18 118
S 9 11 160
C 10 324 77
C 8 262 33
S 15 18 153
S 2 11 49
S 10 12 284
C 9 295 251
S 3 12 85
S 10 11 234
S 2 12 182
C 7 302 140
C 9 110 47
C 20 138 195
C 14 354 38
S 14 20 242
S 2 16 33
S 9 12 274
S 5 14 203
C 13 39 289
S 7 10 233
S 19 20 76
C 14 133 263
C 1 218 127
C 7 183 70
C 12 1 134
C 4 235 1
S 13 16 60
C 12 275 39
S 4 19 20
S 18 19 185
C 12 137 126
C 14 175 306
S 3 5 264
S 2 16 68
C 16 308 35
49
C 18 158 165
C 6 178 278
C 3 36 15
C 2 270 185
S 11 14 39
C 15 303 97
C 13 100 271
C 9 66 220
S 5 10 95
C 4 240 42
S 2 20 247
C 16 148 269
C 12 228 85
S 17 20 17
C 13 262 76
S 8 20 168
C 19 47 62
C 16 223 313
S 14 15 139
C 10 188 220
S 5 7 214
S 4 8 234
S 1 15 215
S 9 18 20
C 3 161 174
C 3 84 56
C 13 157 116
S 4 7 8
C 2 307 146
C 3 114 306
S 5 20 343
C 14 246 26
C 6 93 346
C 9 160 125
S 13 16 24
C 8 38 351
S 10 15 142
C 7 239 115
C 8 183 218
S 12 19 332
S 9 10 80
C 2 110 310
S 15 18 144
C 9 313 282
C 2 184 357
S 7 17 305
S 4 8 169
93
C 17 119 337
S 16 19 123
C 3 24 180
C 2 36 127
S 2 20 164
C 13 83 48
S 5 14 236
C 17 339 164
C 5 177 176
S 8 9 85
S 9 17 213
S 9 15 141
C 2 178 187
S 6 14 122
C 4 35 66
C 7 226 115
C 14 13 19
C 18 65 262
C 16 264 7
S 7 16 131
C 11 290 159
S 5 15 177
S 17 20 106
C 13 83 198
S 2 9 181
S 14 15 344
C 6 216 59
S 3 17 68
C 6 28 41
C 19 293 195
S 12 16 158
C 9 176 202
S 6 20 278
S 13 15 169
C 8 111 90
C 2 17 145
S 16 20 65
C 8 331 33
C 13 333 118
C 1 157 106
C 16 140 293
C 18 221 92
C 3 278 17
C 19 65 121
C 7 38 266
S 4 15 218
S 18 20 220
S 1 4 80
C 18 75 268
C 8 135 317
S 1 9 97
S 10 13 203
C 1 215 113
C 20 201 80
S 15 17 62
S 6 18 128
S 6 15 28
S 1 8 50
S 14 17 31
C 7 292 169
C 3 324 305
C 15 320 183
S 4 10 156
C 9 97 134
C 4 163 56
C 17 343 229
S 12 17 294
C 12 161 230
C 16 281 143
C 15 340 6
C 13 271 2
S 10 15 280
C 20 352 96
S 6 11 3
S 1 11 94
S 4 7 225
S 1 20 86
C 8 98 13
S 6 8 235
C 12 210 304
S 6 8 114
C 17 15 133
S 14 16 314
S 6 17 106
C 18 155 235
C 10 37 116
C 18 120 293
C 14 47 42
C 2 34 30
S 6 19 187
C 16 216 308
C 9 108 287
25
S 10 11 307
C 17 148 343
S 5 6 50
S 1 4 136
S 7 8 266
C 18 244 323
C 7 298 275
S 8 19 193
S 11 12 64
C 17 180 41
S 2 4 109
S 2 10 157
S 3 7 179
S 11 15 88
S 2 20 232
C 19 8 183
S 14 17 78
C 5 141 326
C 3 338 270
C 4 170 96
S 3 9 183
S 4 15 103
S 16 19 175
S 3 5 287
92
S 5 14 287
S 5 13 267
S 4 15 186
C 13 308 13
C 11 167 82
C 3 164 125
C 7 178 230
S 10 20 96
S 3 18 239
S 6 7 67
C 10 42 335
C 7 214 214
C 7 346 292
S 2 19 55
C 15 126 183
C 15 262 215
S 8 14 1
C 8 260 281
C 9 341 120
C 18 133 50
C 17 37 258
C 4 192 305
S 1 20 309
S 3 12 221
S 10 14 130
S 7 16 326
S 9 12 232
C 1 16 83
S 1 19 242
S 3 14 109
C 17 313 258
S 2 9 105
S 1 7 215
C 11 302 92
C 7 181 62
S 2 15 120
S 4 7 225
C 6 269 22
C 9 251 243
C 2 244 237
C 9 163 190
S 10 20 337
C 3 28 256
C 12 72 313
C 8 279 101
S 5 8 213
C 17 58 101
C 7 129 63
S 16 18 87
C 20 35 356
S 13 20 342
S 2 10 32
S 3 12 26
S 9 16 261
S 3 11 215
C 5 21 278
C 20 346 185
S 17 19 27
S 5 16 356
S 13 18 5
C 19 147 209
C 2 244 221
C 10 160 243
S 4 5 137
S 8 12 264
C 10 336 311
S 4 9 154
S 1 13 302
C 19 353 248
S 4 10 72
S 8 14 296
S 3 8 50
C 2 285 69
C 5 335 88
C 19 11 69
S 8 11 73
S 7 19 345
S 13 20 96
S 1 5 3
C 7 271 315
S 8 16 236
S 3 5 215
S 14 17 298
C 15 32 236
C 15 260 256
S 1 2 158
S 7 9 189
C 14 118 38
1
C 13 149 167
54
S 17 18 66
C 3 93 308
C 8 141 181
C 17 280 5
S 8 15 100
S 3 17 115
C 6 247 22
S 6 14 216
C 20 35 284
C 4 11 252
S 10 15 180
C 5 81 269
C 17 312 188
C 7 69 112
C 6 140 259
S 3 17 302
C 11 347 0
C 11 226 279
C 13 157 296
S 10 11 267
C 3 2 64
S 5 16 195
C 9 73 349
S 1 16 169
S 12 15 238
S 2 4 97
S 13 20 168
S 1 11 177
C 18 286 287
S 1 5 166
S 1 10 323
C 10 130 99
S 7 19 281
C 15 121 211
S 14 18 112
C 14 135 169
S 8 17 40
S 5 11 343
S 16 19 174
C 20 2 251
S 3 4 283
S 14 20 176
C 14 213 38
C 13 117 41
S 11 20 77
C 7 311 191
S 11 15 62
S 8 10 279
S 11 15 8
C 3 260 289
C 17 229 288
67
C 15 99 223
C 20 27 326
C 6 237 14
S 13 20 106
S 8 20 50
C 15 216 258
C 10 1 212
S 2 17 75
C 13 4 300
S 14 19 114
C 4 312 35
C 8 329 147
S 7 11 301
C 20 26 98
C 14 276 250
C 18 242 320
C 16 358 85
C 19 307 122
S 7 18 203
C 13 289 280
C 14 189 198
C 10 237 153
S 3 20 292
C 3 63 118
C 1 323 205
S 5 8 186
S 11 19 175
C 14 295 283
S 10 18 336
C 3 56 29
C 6 277 184
S 11 14 192
C 14 72 239
S 5 20 307
S 7 17 79
S 7 16 246
C 11 249 337
C 1 308 344
S 2 17 112
S 11 12 162
C 15 266 148
C 16 288 308
C 16 345 11
S 12 14 230
S 11 19 86
S 9 16 125
S 18 19 224
C 19 160 317
C 20 243 116
S 5 14 19
S 4 11 328
S 14 17 226
S 1 10 187
S 8 11 142
C 8 179 49
C 17 236 268
C 12 53 10
S 15 18 189
C 5 88 243
C 2 194 62
C 16 135 140
S 3 20 122
C 19 87 348
S 6 10 206
S 16 19 189
S 10 13 184
43
C 1 91 22
C 6 204 358
S 5 13 156
C 6 215 236
S 4 5 218
C 18 56 212
S 3 10 109
C 5 74 30
S 8 11 266
S 17 20 306
S 5 6 221
C 3 291 250
S 1 5 208
C 5 120 183
S 7 13 119
C 19 257 69
C 14 30 21
C 3 153 46
C 17 94 151
S 6 14 257
C 15 120 48
S 2 13 136
C 15 116 312
C 1 259 158
C 8 34 199
C 18 355 57
C 6 7 322
S 3 19 322
C 12 77 297
C 9 118 45
C 13 101 250
S 8 12 95
S 14 17 229
S 9 11 24
C 5 354 307
C 8 338 280
C 2 295 41
C 14 92 165
C 9 318 207
C 17 144 25
C 13 354 14
S 10 12 270
61
C 16 312 312
C 19 56 9
S 6 15 181
C 9 75 158
C 12 161 231
C 10 15 239
S 17 18 216
S 6 10 116
S 5 19 279
C 18 57 16
S 6 15 15
C 17 22 235
S 17 18 301
C 5 169 121
S 5 14 155
S 17 19 27
C 3 156 102
S 4 9 71
C 10 127 323
C 4 266 190
C 19 262 137
S 2 11 272
C 16 307 280
C 4 104 345
S 1 17 92
C 12 278 352
C 18 151 137
S 2 5 278
C 10 186 212
C 8 47 69
C 14 39 38
S 13 15 298
S 1 20 278
C 2 308 306
S 6 12 319
S 16 19 263
C 4 2 30
S 6 10 165
C 3 223 293
S 11 20 279
C 16 315 190
S 1 15 35
S 5 20 281
C 2 139 202
S 10 16 269
C 2 130 228
C 5 299 7
C 10 237 25
S 9 13 227
S 3 19 276
S 1 10 101
S 2 3 97
S 1 9 267
C 6 306 201
S 4 13 258
C 14 38 46
S 5 11 352
S 3 7 269
C 3 324 155
C 1 317 168
1
C 2 82 86
81
S 5 15 250
C 1 27 23
S 18 20 265
C 15 234 68
C 15 215 14
S 5 19 119
C 7 128 21
C 9 241 214
S 5 20 73
S 4 5 149
C 10 250 131
S 16 20 173
S 10 17 177
S 3 11 70
S 7 18 96
S 2 12 103
C 14 25 236
S 3 16 91
S 9 14 325
C 1 211 216
C 9 41 178
C 9 90 106
S 5 20 9
S 16 18 290
C 2 176 162
C 18 137 89
S 7 19 100
S 3 9 13
C 12 99 76
S 3 13 354
C 11 275 64
C 3 86 258
C 10 58 262
S 2 17 237
S 9 19 118
C 11 128 12
C 6 216 25
S 2 20 151
C 16 6 219
C 1 55 29
C 2 24 291
C 1 238 73
S 6 18 66
S 15 16 273
C 1 69 171
S 4 7 307
S 13 16 291
S 2 10 132
S 13 19 109
S 6 15 112
C 4 76 305
C 4 225 145
S 3 17 25
C 8 142 40
S 9 16 308
S 9 15 218
S 1 20 131
S 7 12 213
C 3 79 234
S 3 9 316
C 7 206 348
S 3 13 30
S 14 15 18
C 8 307 358
S 18 20 5
S 3 7 107
C 2 36 25
S 13 19 155
C 7 124 140
C 7 111 102
C 19 221 125
S 3 6 31
C 7 102 268
S 11 13 205
S 12 14 228
C 1 36 338
S 16 17 331
C 7 329 248
S 8 16 86
S 11 17 214
C 4 95 304
30
S 2 9 228
C 14 235 251
C 18 351 139
S 1 17 265
S 4 19 14
C 13 46 349
S 5 7 14
C 9 177 134
C 20 122 17
S 9 12 356
C 5 74 180
C 7 48 346
C 14 286 191
S 1 8 198
S 2 8 12
C 11 145 158
S 1 14 269
S 11 16 194
C 4 330 161
C 3 302 12
C 6 168 41
S 3 7 98
S 4 9 283
S 3 5 324
S 12 19 151
S 2 4 126
S 5 15 174
S 2 19 161
S 18 19 340
88
S 8 18 299
C 10 336 82
C 1 194 334
C 13 104 20
S 1 10 290
S 2 11 274
C 18 200 292
S 15 18 137
C 1 220 178
S 3 14 66
C 16 29 163
S 7 10 95
C 15 339 167
S 8 13 300
S 15 20 299
C 4 221 171
C 5 201 127
S 3 11 122
S 12 14 202
S 5 14 116
S 13 17 233
C 12 183 153
C 19 187 318
S 11 16 260
C 8 50 250
S 5 20 215
C 17 211 116
C 12 267 212
C 13 125 88
C 19 77 296
C 17 96 6
S 2 6 280
S 7 8 304
S 7 17 174
S 3 15 13
C 5 315 283
S 2 17 324
C 17 86 8
S 11 19 132
C 18 184 148
C 15 346 197
S 16 18 205
S 13 17 8
S 11 17 211
S 14 19 141
S 6 8 103
S 8 14 244
C 11 262 122
S 17 19 171
S 1 3 286
C 6 64 202
C 6 130 315
S 8 14 86
S 10 20 264
C 1 119 337
C 18 200 345
S 18 20 19
C 5 235 216
C 8 250 180
C 8 16 356
C 13 193 198
S 7 16 322
S 16 17 299
C 7 188 244
S 17 19 335
C 3 13 9
S 13 15 204
S 7 16 150
S 6 16 152
C 5 202 51
C 20 71 355
S 2 17 104
C 8 58 290
C 14 46 326
C 4 340 88
S 3 13 44
C 3 22 273
S 3 15 42
C 9 168 17
S 2 4 98
S 4 13 189
C 2 295 118
S 3 17 231
C 1 237 213
C 18 224 296
C 8 336 95
C 11 254 141
71
S 8 20 182
S 11 15 80
S 7 14 222
C 15 119 94
C 13 283 227
S 2 12 242
C 20 167 132
C 1 291 92
C 20 173 233
S 1 12 53
S 10 12 62
S 5 18 51
S 4 20 35
C 15 310 211
C 8 258 246
S 10 15 294
S 2 10 134
C 2 4 104
S 9 16 348
C 7 7 161
C 18 165 73
S 12 16 326
S 17 18 297
C 19 332 27
C 4 301 113
S 15 20 148
C 10 21 132
S 6 15 3
S 12 17 24
C 7 12 303
C 3 272 37
S 5 14 180
S 7 11 165
S 15 19 11
S 2 19 177
S 3 6 238
C 14 282 200
C 17 56 286
C 11 24 234
S 5 19 17
S 12 16 41
S 6 16 79
C 4 1 248
S 6 16 146
C 16 349 317
C 20 9 249
C 16 113 80
C 3 89 324
S 9 17 146
S 7 11 309
S 7 20 167
C 20 205 108
S 3 8 208
S 10 12 345
S 7 20 328
S 9 10 176
C 2 304 114
C 2 208 324
C 1 229 297
C 8 176 254
C 6 166 90
S 14 19 214
S 11 16 144
C 20 358 356
S 1 14 86
C 8 63 187
C 20 108 102
S 1 18 85
S 11 12 135
C 12 349 319
S 3 10 255
46
S 6 7 181
C 18 21 207
S 3 4 179
C 1 354 97
C 15 243 260
S 2 13 309
C 14 260 243
S 11 19 277
C 9 215 146
C 4 275 163
C 12 224 339
C 14 346 191
S 11 18 314
C 6 22 158
S 7 18 67
S 11 14 284
C 5 245 17
S 7 9 234
S 9 15 295
C 3 122 333
S 10 20 288
C 18 331 349
S 12 18 148
C 13 272 74
S 4 20 82
S 6 16 37
C 1 113 303
C 7 180 84
C 9 333 184
S 2 8 114
C 3 332 258
S 2 14 135
C 20 138 318
S 5 8 190
C 17 314 161
S 11 13 173
C 8 83 195
C 15 291 120
C 12 6 305
S 2 6 262
S 11 13 61
S 6 11 219
S 3 13 39
S 13 19 135
C 11 203 64
S 6 9 161
43
S 6 8 37
S 16 17 16
C 8 87 219
C 1 121 70
C 13 67 33
S 15 16 205
S 7 20 37
C 8 61 145
S 16 18 309
C 6 63 138
S 7 18 285
S 7 18 219
C 12 273 57
S 7 11 322
C 12 150 136
C 11 84 45
C 17 24 187
C 13 123 103
C 9 140 181
C 13 110 42
C 14 237 11
C 1 117 214
C 18 164 110
S 3 8 90
C 10 247 92
S 12 13 129
C 12 302 206
S 19 20 109
C 13 165 240
C 12 282 78
S 6 19 76
C 17 71 125
C 19 205 175
S 5 6 54
C 15 107 242
S 14 20 245
S 1 6 242
S 4 5 191
C 11 270 55
C 17 116 264
S 5 6 311
S 9 13 133
S 5 13 35
71
S 12 14 58
C 17 54 291
S 10 15 81
S 6 11 284
S 4 15 250
C 7 102 142
C 8 258 305
S 6 12 171
C 12 290 279
C 7 214 148
C 20 154 351
C 4 201 59
S 9 19 67
C 2 88 84
C 1 357 164
S 5 12 108
C 13 119 343
C 12 136 83
C 1 108 113
S 4 9 327
C 14 61 53
C 1 13 227
S 4 11 348
C 14 314 207
C 14 175 320
C 19 84 171
C 16 275 65
C 2 62 84
S 2 8 246
C 20 161 268
S 13 16 232
C 20 353 335
S 10 17 17
S 6 15 98
S 5 8 305
S 5 8 94
C 14 314 244
S 6 12 145
S 1 5 149
S 1 16 11
C 14 60 214
S 2 14 347
S 11 13 321
S 12 17 268
C 6 248 327
S 6 7 310
C 7 25 291
C 13 242 308
S 8 20 292
S 6 12 14
S 11 16 297
C 16 198 148
C 9 279 243
S 7 14 164
S 3 20 358
S 3 7 321
C 17 337 12
C 11 71 100
C 2 165 13
C 1 282 250
C 13 185 201
C 8 94 1
C 5 163 268
S 3 5 61
C 7 146 1
S 11 14 329
C 20 201 202
S 1 18 25
C 6 216 174
52
C 2 172 105
S 3 16 287
S 10 14 311
S 10 16 25
S 10 20 177
C 12 286 9
S 14 15 299
C 17 240 117
S 6 10 44
C 19 319 126
C 7 241 37
S 10 19 45
S 8 17 122
S 1 4 47
S 9 19 5
C 16 90 164
S 11 18 167
S 8 16 206
S 16 18 297
S 8 19 286
S 2 17 207
C 16 234 329
C 5 330 87
C 4 348 125
S 17 18 248
S 2 6 182
C 17 215 352
C 15 350 21
C 14 335 221
S 4 14 256
S 3 12 77
S 16 19 41
S 4 20 179
S 6 13 262
S 4 6 61
C 11 287 28
S 15 17 275
S 9 14 342
S 13 14 286
S 14 15 6
S 17 19 268
S 3 16 92
S 2 4 116
C 10 288 306
S 8 14 226
C 12 38 346
C 3 86 62
S 9 15 287
S 12 18 82
C 6 38 141
5
C 4 311 85
C 10 346 117
C 4 110 126
S 12 17 29
S 8 10 266
65
C 19 301 45
C 6 38 27
S 3 5 118
S 6 18 144
S 9 10 332
S 7 9 81
S 5 11 283
C 10 243 227
C 16 313 351
C 8 320 218
C 15 332 345
C 6 38 203
S 18 19 115
C 7 121 13
C 14 186 0
C 11 204 297
C 12 20 246
S 11 15 220
S 3 5 293
C 20 254 131
S 7 19 324
S 11 15 213
S 16 19 327
S 12 14 154
C 19 336 294
C 1 103 329
C 19 290 37
C 1 12 300
C 20 224 291
C 19 35 159
S 3 13 341
C 7 108 244
C 13 344 339
S 14 19 30
S 3 10 222
C 9 137 168
C 6 183 7
S 13 18 351
S 4 14 95
S 4 19 110
S 13 17 260
C 2 146 8
S 12 15 193
S 3 4 17
C 14 354 153
S 3 10 329
C 8 6 320
C 16 344 107
C 17 180 310
S 6 13 157
S 11 13 6
C 8 215 114
S 1 11 101
S 3 5 153
C 17 202 274
C 1 255 352
S 1 14 224
C 1 66 213
C 14 57 299
C 12 112 96
S 2 8 17
C 17 220 7
C 1 10 59
S 3 17 134
39
C 14 130 101
C 13 262 125
C 6 351 263
C 18 20 5
C 19 131 359
S 4 7 273
S 1 6 222
S 18 19 149
C 16 76 120
S 9 20 224
S 10 20 175
S 1 8 1
S 7 11 156
S 5 12 9
C 8 226 206
S 2 12 201
C 8 146 154
C 3 347 118
C 15 280 338
S 4 17 305
C 8 214 80
C 15 268 262
S 2 17 119
C 8 114 358
C 10 92 352
S 10 18 61
C 15 315 302
S 2 14 319
S 8 9 1
C 10 147 328
S 17 19 94
S 6 16 329
C 19 185 52
C 9 313 165
S 2 11 200
C 10 111 102
S 1 2 288
C 18 278 273
S 2 12 254
77
S 1 17 310
S 13 18 297
S 3 8 302
S 3 7 10
S 9 15 284
C 18 137 0
S 5 9 212
S 6 16 359
S 5 8 44
S 1 17 183
S 11 18 352
C 19 248 63
C 13 84 269
C 18 345 124
C 8 2 296
S 6 7 115
C 18 148 358
S 5 9 116
S 1 3 281
S 14 19 72
C 11 340 297
S 5 12 226
S 1 11 357
S 2 18 300
S 6 10 278
C 13 123 12
S 4 8 331
S 13 18 287
C 4 90 15
S 4 16 313
S 15 18 87
S 6 15 288
C 11 257 248
S 8 14 63
C 11 134 204
S 2 5 200
C 17 194 282
C 15 22 346
C 15 101 209
C 3 174 199
C 13 5 188
C 12 233 222
C 19 16 69
S 11 16 338
C 19 187 172
C 10 52 207
C 11 102 264
S 2 8 337
C 9 247 84
C 15 232 210
C 15 40 169
S 19 20 341
S 9 11 182
C 16 333 191
S 14 19 319
S 8 16 88
C 15 136 303
C 12 297 312
C 14 339 226
C 10 300 208
C 7 207 188
C 14 187 178
C 9 326 41
C 2 175 180
S 5 9 284
C 2 277 314
C 17 307 180
C 16 129 135
S 1 20 339
S 2 14 217
C 16 34 240
C 2 20 236
C 16 141 4
S 7 10 155
C 14 211 345
S 11 20 39
C 1 297 149
32
S 11 15 359
C 6 27 226
S 1 11 250
S 11 19 320
C 6 238 111
S 2 15 38
S 7 10 103
C 10 60 276
S 4 10 184
S 7 8 119
C 8 124 279
C 7 213 217
C 13 341 324
C 6 322 338
S 15 16 176
C 15 345 267
S 2 14 205
C 20 18 0
S 1 10 38
S 9 14 15
C 16 203 357
C 16 191 117
C 2 174 98
S 9 18 240
C 20 125 43
S 2 8 49
C 9 298 89
C 9 86 39
C 1 179 207
C 5 227 359
C 18 39 342
S 7 11 238
42
S 4 7 262
S 1 18 291
C 19 260 298
C 6 9 17
C 19 73 24
C 14 76 6
S 3 8 289
C 11 82 183
S 1 3 289
C 10 145 103
S 9 10 45
C 1 174 98
S 5 20 197
C 18 197 218
S 5 14 136
C 10 122 233
S 4 18 96
S 6 15 346
C 9 237 138
S 6 12 35
C 6 259 310
S 4 17 176
S 11 14 141
S 1 19 122
C 5 353 315
S 3 15 73
S 14 19 218
C 10 75 152
S 6 13 136
S 4 17 322
C 9 178 40
C 18 71 75
S 2 9 57
S 6 15 57
C 4 88 204
S 7 19 293
C 3 131 38
S 14 19 220
C 6 46 287
C 18 172 174
S 2 4 132
61
C 18 207 13
C 11 82 173
C 12 17 42
S 6 14 106
S 5 16 148
S 14 20 359
S 5 9 220
S 9 20 80
S 5 20 206
S 12 16 113
C 18 68 159
S 1 13 262
C 18 352 315
C 5 268 100
C 13 133 207
C 8 213 78
C 14 88 320
S 13 15 111
S 5 17 101
S 4 13 219
S 10 14 95
S 6 7 60
S 17 19 85
C 15 281 82
C 12 241 247
C 14 247 46
S 5 19 68
C 18 333 203
C 5 256 329
C 15 83 285
C 5 166 12
C 7 250 20
S 3 4 154
S 8 17 171
S 17 18 278
S 16 17 150
S 8 16 161
S 6 17 216
C 14 162 46
S 10 14 241
S 9 16 146
C 5 85 144
S 14 15 80
S 5 12 236
S 4 16 161
C 20 62 65
C 15 337 343
S 5 11 154
S 13 19 163
C 5 195 204
S 3 8 92
C 11 285 202
C 9 202 0
C 9 197 110
S 9 20 59
C 10 81 213
S 10 12 315
S 8 17 204
C 3 136 85
S 2 9 347
55
S 17 19 352
S 13 14 121
S 7 17 153
C 13 110 152
C 7 93 46
S 1 17 40
S 2 13 313
C 4 18 236
S 5 11 144
C 8 231 188
S 6 8 312
S 2 12 261
S 11 20 340
C 8 315 22
C 15 262 181
S 8 14 63
C 9 194 282
S 11 14 359
C 10 14 81
S 16 20 143
C 7 258 232
S 6 9 309
C 14 193 94
C 11 294 315
C 9 37 151
S 6 16 274
S 12 18 268
S 8 11 7
C 18 346 167
C 6 227 335
C 17 127 284
C 15 70 93
S 8 10 111
C 5 150 228
S 4 13 132
S 12 17 190
C 5 282 204
S 7 20 159
S 2 6 311
S 6 15 349
S 13 19 281
C 7 101 105
S 11 13 347
C 13 198 181
C 3 179 92
S 3 12 120
C 2 282 182
C 4 7 157
C 11 293 27
C 2 181 74
C 17 264 304
C 14 34 182
S 3 13 86
C 19 12 55
50
C 16 143 350
S 8 20 26
S 3 7 233
C 10 169 76
C 5 313 58
C 3 270 245
C 1 120 76
S 4 12 306
S 6 19 255
C 5 142 280
C 9 78 91
S 18 20 122
S 16 17 252
C 1 273 197
S 11 19 41
S 1 16 237
C 11 23 9
S 12 16 331
C 18 220 256
S 12 17 341
S 8 9 233
S 15 18 138
C 14 353 173
S 17 20 90
C 12 179 70
S 12 20 327
C 8 142 147
S 1 8 28
C 19 231 95
S 4 19 214
C 2 88 168
S 8 17 302
C 15 232 81
C 18 120 270
S 7 13 167
S 4 5 342
S 5 13 152
C 13 89 64
S 1 12 296
S 3 7 3
C 1 110 10
S 4 6 205
C 16 198 337
S 2 9 263
S 14 15 337
S 4 8 223
S 10 14 136
S 10 15 91
C 20 78 200
52
S 17 19 152
C 16 57 60
C 10 55 288
C 2 303 19
C 15 322 255
C 2 220 236
C 12 270 277
C 12 135 235
C 19 24 10
C 19 67 241
C 17 330 153
C 15 280 248
S 9 16 235
S 5 13 214
S 6 14 213
S 2 6 219
C 16 190 47
C 1 312 221
C 16 24 248
C 9 180 58
S 10 20 226
C 20 135 4
C 4 258 35
C 3 57 150
C 14 150 292
C 5 60 220
C 2 297 281
S 2 16 93
C 18 5 135
S 2 14 265
C 19 159 112
C 11 271 324
S 8 10 206
S 7 8 138
C 6 321 325
C 7 247 277
C 8 276 251
C 5 109 154
C 19 153 125
S 9 11 148
S 4 17 126
C 5 122 228
C 14 34 299
C 14 295 210
C 9 44 105
C 4 274 245
S 7 16 128
C 15 139 26
S 13 17 244
C 5 324 181
S 5 16 139
C 7 283 222
52
C 12 278 185
S 7 12 217
C 12 203 353
S 11 18 144
C 3 68 248
S 14 20 271
C 10 78 314
C 8 273 35
C 17 183 193
C 8 60 251
S 9 19 275
C 5 206 136
C 13 119 138
S 2 18 184
S 1 12 42
S 12 17 39
S 9 15 103
S 4 15 220
C 9 41 65
C 2 330 40
S 4 8 176
C 6 113 290
S 9 17 152
S 4 7 303
C 3 82 240
S 4 17 126
C 11 326 121
S 14 15 349
S 7 14 156
C 6 169 242
S 3 11 263
C 6 5 341
C 5 139 316
S 6 8 42
C 10 136 223
S 8 15 49
S 10 13 104
C 19 0 254
C 19 33 245
S 14 20 239
S 3 15 39
C 1 182 228
S 10 12 307
C 16 285 185
C 14 81 252
S 3 9 165
C 5 311 15
C 10 199 189
S 14 18 103
C 9 35 148
C 10 117 357
54
C 4 264 198
S 2 11 222
C 13 330 254
S 2 11 188
C 4 98 333
C 11 8 357
S 11 20 280
S 10 19 86
S 8 14 356
S 1 2 119
C 16 19 123
S 4 16 90
S 9 13 323
C 13 13 67
C 4 108 219
S 3 7 335
C 10 145 29
C 3 178 346
C 6 164 97
C 1 223 317
S 18 19 353
C 5 80 176
C 10 262 0
S 1 12 89
S 11 19 119
C 18 196 24
C 4 41 198
C 10 58 27
C 10 285 21
C 17 242 288
C 11 49 86
C 15 164 30
C 5 354 85
C 11 31 63
S 10 11 182
C 13 222 16
S 8 19 52
S 14 15 306
C 15 194 73
C 13 18 251
C 7 310 287
S 11 18 324
C 18 312 185
S 4 17 83
S 2 4 79
S 6 12 358
C 2 194 140
S 3 17 119
C 15 142 133
C 7 89 177
S 2 8 280
C 4 250 15
33
S 1 8 309
S 10 17 275
C 18 220 91
C 5 5 292
C 11 15 151
C 9 110 123
S 5 7 231
S 10 17 267
S 15 16 242
S 15 18 332
C 10 230 14
C 17 37 213
C 9 346 71
S 5 9 43
C 15 208 180
S 5 13 71
S 10 19 257
S 6 17 321
S 12 16 275
C 9 352 181
C 12 149 281
C 14 185 197
C 18 136 197
S 15 18 95
C 8 267 305
C 16 133 261
C 2 47 184
C 13 247 27
C 20 81 208
C 11 356 139
S 2 6 70
64
C 7 184 162
C 16 117 167
S 12 20 262
S 11 14 150
C 10 157 137
C 14 154 166
S 1 6 216
C 15 112 231
S 18 19 174
C 19 12 88
C 2 100 15
C 12 355 127
C 6 106 95
S 1 8 0
S 8 10 23
C 5 321 117
C 9 171 115
C 9 125 317
S 13 17 348
C 4 262 278
C 17 208 109
C 17 348 293
C 4 81 281
S 10 18 279
C 8 142 64
S 17 20 126
C 18 59 261
C 1 297 233
C 17 50 185
C 1 217 193
C 14 282 47
S 10 18 179
C 12 235 13
C 18 356 278
S 8 18 334
C 11 157 172
C 20 239 0
S 9 18 121
C 6 214 238
C 15 3 126
C 11 351 172
S 4 12 62
S 5 9 83
S 8 10 109
C 12 207 308
S 16 20 179
C 3 11 9
S 12 17 182
S 7 20 340
S 14 19 238
S 6 9 260
C 18 208 225
C 17 10 251
C 19 90 26
C 9 185 186
S 11 17 303
C 20 216 161
S 10 17 147
S 13 16 40
C 13 29 326
S 2 5 151
S 12 15 100
S 5 14 322
S 14 16 221
84
C 1 316 227
S 12 19 291
C 8 119 4
C 11 4 223
S 1 10 35
C 20 58 248
C 8 217 81
C 15 25 25
C 4 311 143
C 4 284 274
C 7 93 304
C 8 125 218
C 15 297 94
S 8 15 326
S 11 18 9
C 18 163 157
C 7 42 275
C 3 201 139
C 12 37 199
C 19 280 15
C 9 190 242
C 2 321 181
C 19 255 154
C 18 211 348
S 2 12 43
S 5 18 28
C 3 66 291
S 4 16 75
S 8 19 270
C 14 83 57
S 2 19 254
S 8 20 55
C 2 341 304
S 9 17 201
S 11 19 10
C 11 332 248
S 11 18 217
C 11 157 90
S 8 11 172
C 2 119 50
S 1 19 91
C 16 21 256
S 10 14 237
S 2 8 174
S 8 14 223
S 2 10 198
S 1 20 55
S 3 18 192
S 10 13 198
C 17 274 55
C 18 209 291
S 3 19 316
C 15 6 334
C 9 266 298
C 16 185 201
S 5 12 153
C 4 177 178
C 3 83 203
C 10 174 51
S 4 13 253
C 9 31 170
C 18 307 197
S 14 18 122
S 19 20 130
S 9 10 158
S 3 16 76
S 8 14 59
C 13 265 192
S 13 18 94
S 8 20 142
S 4 8 189
S 1 19 169
C 13 190 142
S 3 18 1
C 20 144 153
S 1 7 161
S 12 17 291
C 3 6 148
C 13 80 76
S 13 18 342
5
S 1 14 200
C 15 328 3
S 9 15 221
S 2 9 210
S 7 9 133
61
S 13 14 67
C 19 250 335
C 7 272 344
S 4 16 207
C 17 337 40
S 4 12 152
C 14 192 310
S 3 10 355
C 7 327 65
C 1 152 298
C 14 52 64
S 1 17 29
C 4 148 70
C 1 290 79
S 8 15 249
C 20 149 241
C 11 87 126
S 8 14 20
S 12 20 350
S 13 15 163
S 4 13 81
S 11 16 290
S 7 16 250
C 4 324 224
C 15 80 264
S 14 20 118
S 11 18 289
C 4 56 16
C 14 305 270
S 5 15 1
S 3 7 204
C 20 127 241
S 16 20 251
S 6 17 43
S 7 8 350
S 9 13 159
S 9 20 81
C 3 169 166
S 2 9 298
C 14 329 132
C 14 81 17
S 3 8 47
C 12 340 308
C 9 138 341
S 6 7 212
S 4 6 351
S 6 13 36
C 1 65 13
S 7 14 35
S 4 7 206
C 2 90 316
S 11 20 47
S 3 13 65
S 16 17 36
C 18 350 60
C 14 221 76
S 3 5 104
S 11 14 214
S 1 10 301
S 6 13 338
S 18 19 106
31
C 4 12 196
S 1 16 351
C 20 1 168
S 3 13 4
C 2 125 236
C 5 68 174
S 3 11 108
C 13 75 336
C 14 199 61
S 9 20 252
S 6 8 347
C 20 46 118
C 6 117 323
S 12 16 52
C 7 45 229
C 14 1 224
C 8 24 109
S 13 15 296
C 9 121 339
S 4 11 9
S 1 12 55
S 15 19 62
C 15 280 271
S 2 8 263
S 3 10 32
C 10 69 46
C 4 188 322
C 15 232 292
S 5 19 54
C 1 266 255
S 8 18 181
55
S 1 15 208
C 8 315 304
S 11 14 1
C 4 351 204
C 17 133 80
C 2 180 320
S 3 7 66
S 6 12 126
S 3 7 226
C 7 205 273
C 3 94 16
S 9 20 36
S 15 17 317
S 14 15 34
S 3 11 242
S 2 19 344
C 7 285 170
S 2 7 228
C 1 139 275
C 12 271 158
C 20 124 251
C 8 300 301
S 1 20 86
S 3 16 249
S 4 12 58
S 19 20 326
C 10 134 271
S 10 19 9
S 5 17 171
S 3 16 165
C 1 45 208
C 13 290 256
C 20 300 341
S 3 8 225
S 1 6 319
C 11 92 107
C 10 144 330
S 13 16 212
C 16 102 92
S 11 16 48
C 11 130 84
C 13 193 81
S 7 11 277
S 6 9 146
S 4 10 93
C 9 48 199
C 6 342 254
C 11 54 117
C 17 347 304
C 1 181 37
S 5 6 161
C 19 233 348
C 6 338 121
50
S 15 17 148
S 13 20 352
S 3 7 156
C 17 70 258
S 5 6 320
S 13 18 301
S 8 12 288
S 16 20 141
C 9 212 16
S 4 9 41
C 16 186 61
C 20 336 265
S 11 16 313
C 11 155 59
C 14 91 299
C 8 159 149
C 4 9 152
S 10 13 159
C 3 81 181
C 16 68 3
C 16 152 255
C 10 305 186
S 13 20 233
S 7 17 117
S 9 11 350
S 7 17 218
S 10 19 203
S 13 16 324
C 16 275 89
C 6 318 354
C 6 242 341
S 5 7 199
C 11 284 200
S 7 18 183
C 10 280 285
S 2 5 182
C 1 253 294
S 2 10 75
C 8 218 26
C 7 4 241
C 16 281 294
S 4 8 122
C 12 157 148
C 7 337 190
C 11 328 283
S 4 20 229
S 4 19 176
C 18 78 227
22
S 3 10 10
C 16 242 257
C 16 11 56
S 2 12 247
S 7 12 233
S 12 14 252
C 1 294 299
C 5 280 174
S 4 13 172
S 12 14 157
C 17 19 162
C 12 113 68
S 15 17 228
S 5 9 77
S 4 9 112
C 1 142 312
S 9 15 241
S 18 20 4
S 2 10 67
S 1 8 151
33
C 2 257 103
S 8 9 215
S 3 16 329
S 1 13 95
C 19 332 75
S 10 16 239
C 17 7 99
S 6 13 205
S 3 17 13
C 14 208 27
C 3 219 88
C 13 245 149
C 11 218 339
S 4 15 2
C 13 219 326
S 4 5 285
S 6 15 109
C 6 148 207
C 10 131 214
S 2 20 94
C 3 37 41
C 15 82 276
S 6 7 69
S 3 7 278
C 13 212 346
C 4 341 258
C 19 19 105
C 19 90 51
C 3 279 3
S 4 8 265
S 17 18 218
61
C 9 111 34
S 1 4 351
S 7 13 317
C 18 345 343
C 20 48 45
C 12 96 2
S 8 9 71
C 16 338 326
S 7 8 44
C 11 262 343
S 3 19 156
C 16 136 130
S 9 16 321
S 1 9 86
S 11 14 150
C 16 319 154
S 8 12 242
S 7 17 294
S 6 9 175
C 6 250 300
C 10 169 307
S 8 12 114
S 1 3 348
S 4 20 103
C 2 12 295
S 6 11 301
C 13 113 27
C 11 78 314
S 3 10 36
S 3 10 41
S 7 12 260
S 10 19 329
S 18 20 308
S 11 15 163
C 11 40 72
S 3 6 283
S 3 5 96
S 1 14 235
C 15 73 28
S 1 9 310
C 8 86 17
S 17 20 228
C 14 168 345
S 11 13 178
C 13 350 37
C 12 74 185
S 5 8 143
C 7 300 208
C 1 292 96
C 20 74 319
C 19 316 204
C 6 197 229
C 8 45 162
S 15 20 309
C 1 298 180
S 2 17 284
C 15 181 97
S 1 3 131
C 4 71 211
S 2 15 103
S 4 6 220
90
S 6 11 137
C 14 319 265
C 5 222 346
S 10 20 275
C 2 338 190
S 9 11 78
C 20 87 254
S 5 10 46
S 3 11 9
S 1 5 323
C 10 46 341
C 10 345 138
C 1 109 282
S 7 14 93
C 10 301 209
S 7 15 57
C 7 238 186
C 12 101 97
C 20 287 356
S 10 19 293
S 6 14 133
S 5 15 77
S 5 19 302
S 8 11 316
S 12 16 72
S 2 5 6
S 1 16 297
S 1 14 114
C 6 131 236
S 5 19 147
C 9 223 291
S 9 16 227
C 13 272 301
S 8 15 85
S 6 17 29
C 10 340 70
C 2 137 174
S 8 16 200
C 20 127 160
S 14 20 70
C 18 270 323
S 3 8 291
S 13 19 346
S 1 2 284
C 8 331 327
S 4 8 234
S 16 19 165
C 10 310 17
C 15 127 305
C 9 26 3
C 11 306 23
C 4 141 316
C 15 24 123
S 10 19 117
C 15 48 13
S 5 17 358
C 11 310 10
S 4 11 111
C 20 336 164
C 7 38 268
S 6 17 25
S 7 15 32
S 8 11 294
C 18 100 29
C 5 281 19
S 7 16 33
S 12 13 236
S 9 15 289
C 20 306 44
C 2 116 15
S 6 8 274
C 4 93 156
C 16 237 171
C 19 14 194
S 17 19 206
C 9 61 345
C 11 197 275
S 6 13 302
S 16 17 92
S 13 20 32
S 7 15 20
C 1 342 335
S 5 15 180
S 2 18 335
S 6 15 274
C 17 267 81
6
C 8 305 106
C 20 10 28
C 15 95 295
C 20 8 273
C 12 30 181
S 9 19 39
83
C 1 201 97
C 5 353 326
S 13 14 193
S 7 18 349
S 1 20 210
C 12 117 181
S 10 12 199
S 1 3 60
C 18 9 317
S 13 17 81
S 3 4 145
C 2 339 182
C 12 58 312
S 1 20 38
C 16 69 204
C 17 311 301
C 2 143 4
S 1 7 57
C 18 115 45
S 3 20 23
C 16 255 82
C 15 158 168
C 8 202 221
S 1 7 312
S 8 12 197
S 12 19 142
C 18 73 79
C 3 79 181
C 12 353 129
C 16 218 202
S 1 6 109
S 1 7 200
S 11 20 71
S 5 14 9
C 2 42 241
S 7 18 347
C 8 273 151
S 9 12 185
C 16 344 252
C 13 309 209
C 8 285 352
C 6 167 50
C 1 275 323
C 8 309 285
C 18 2 323
C 13 357 77
C 13 182 189
C 10 95 2
C 18 182 69
C 16 94 297
C 17 4 2
C 1 315 97
S 10 12 16
S 12 20 317
C 15 201 252
S 1 18 122
S 2 16 229
C 15 265 262
C 12 277 236
C 8 9 214
S 9 20 282
C 12 335 42
S 7 14 39
S 18 19 334
S 4 17 48
C 14 120 40
C 4 112 63
S 11 19 58
S 6 11 63
S 4 12 232
C 1 135 307
C 16 31 130
S 4 6 238
S 7 10 314
C 7 226 26
S 12 15 308
S 11 16 43
S 12 17 70
C 20 192 12
39
C 4 58 51
C 14 267 320
S 5 12 56
S 6 14 344
S 3 14 137
C 11 6 89
S 3 6 217
S 8 12 291
C 10 221 166
S 4 8 70
S 12 15 63
S 3 12 213
S 10 19 212
S 7 19 298
C 7 231 138
C 3 144 87
C 1 131 323
C 5 273 301
S 4 11 311
S 6 20 289
C 4 147 338
S 12 20 244
S 5 7 51
S 13 15 17
S 8 12 309
C 10 292 70
S 6 16 104
C 12 150 205
C 15 214 104
C 1 268 26
S 5 15 147
C 17 223 305
C 10 76 221
C 14 270 226
S 15 17 20
C 7 137 340
C 4 152 200
S 2 11 10
19
S 1 2 137
C 12 276 266
C 11 51 188
C 12 21 226
S 3 7 78
C 8 204 57
S 2 14 103
S 9 10 217
S 3 7 269
C 18 262 110
S 13 16 170
C 17 273 293
S 12 15 236
C 8 38 95
C 10 349 166
C 12 331 162
C 11 336 25
S 1 18 228
38
S 11 20 249
S 5 19 306
C 3 259 44
C 7 172 236
S 1 16 336
C 15 93 277
S 6 7 250
C 8 222 34
S 16 19 70
S 8 10 173
S 1 13 46
S 15 20 331
C 20 336 220
S 3 17 152
C 5 331 263
C 15 140 276
C 13 307 280
S 5 12 4
C 11 68 349
S 6 13 335
S 8 20 317
S 5 17 240
S 10 11 345
S 7 20 46
S 7 10 357
S 8 20 161
C 14 335 305
C 7 122 100
C 5 257 145
C 17 266 140
S 9 19 307
C 6 148 5
S 12 13 8
S 3 12 214
C 17 19 324
C 16 41 336
S 10 12 41
43
C 13 215 273
S 1 3 281
C 20 124 340
S 13 14 251
S 7 12 118
S 4 19 230
S 4 6 4
C 2 245 280
S 1 3 71
S 9 15 265
S 2 15 28
C 10 111 285
S 9 17 218
C 6 216 221
C 15 122 33
S 11 15 207
C 3 323 229
S 1 9 189
S 8 15 298
C 19 223 37
C 16 308 163
S 14 16 67
C 7 119 161
C 10 51 204
S 1 7 224
C 14 21 191
S 4 20 114
S 3 7 328
C 20 122 42
S 5 17 265
C 19 191 307
C 7 196 271
C 20 39 310
S 8 16 316
C 9 97 64
C 2 193 294
S 7 13 233
S 11 19 53
S 2 13 138
S 6 14 140
C 15 131 23
S 13 20 307
88
C 10 27 254
S 14 20 213
C 20 32 337
S 7 8 346
C 6 290 178
C 14 324 21
C 18 306 284
S 13 16 37
S 11 15 253
C 1 55 32
C 19 101 139
C 8 176 153
S 7 19 321
S 2 13 9
S 9 18 345
C 6 116 274
C 6 308 14
S 6 8 245
S 11 13 148
C 3 21 9
C 8 124 187
C 8 356 213
C 10 358 251
C 13 231 188
S 11 17 170
S 15 16 284
C 17 100 302
S 4 16 288
S 11 19 289
S 19 20 297
C 12 34 203
S 4 12 30
C 19 299 53
S 4 17 336
C 4 62 248
C 17 99 97
C 16 277 336
C 11 217 312
S 10 12 26
C 14 118 249
C 13 90 70
S 11 19 40
S 4 8 309
C 3 155 43
C 18 233 68
C 11 241 26
S 5 13 168
C 3 345 105
C 7 152 25
S 8 15 345
C 10 56 10
C 6 249 306
C 11 165 39
S 10 13 35
S 13 15 89
S 3 11 15
C 8 7 318
C 16 55 94
C 3 172 159
C 6 247 246
C 4 196 5
S 4 19 288
S 16 17 213
S 3 20 241
C 4 319 232
C 7 132 78
C 12 80 346
S 16 17 236
C 4 123 16
C 18 39 61
C 7 223 23
C 14 354 149
C 16 66 53
C 12 185 321
C 4 57 337
C 4 344 215
S 8 20 318
S 13 19 253
S 1 8 128
S 2 14 22
C 15 284 70
S 8 14 244
S 17 20 168
S 2 14 327
C 6 310 184
S 10 11 114
22
C 3 158 295
C 2 77 58
C 5 310 14
S 4 15 166
S 15 16 111
S 10 17 194
S 3 17 87
S 4 15 223
S 1 6 52
C 12 43 54
C 15 333 133
S 4 17 195
C 5 241 204
C 4 73 225
C 10 116 144
S 12 16 57
S 7 19 202
C 15 65 109
C 19 139 164
S 3 15 127
S 3 6 67
C 4 267 303
2
S 3 12 203
C 11 221 211
54
C 16 170 257
S 2 6 97
C 15 55 157
C 6 77 111
S 4 15 144
S 6 18 49
C 8 263 247
C 9 315 123
S 5 9 232
C 13 123 345
C 12 304 355
S 8 20 341
C 9 17 167
S 7 14 175
S 13 20 245
S 11 12 161
C 19 11 247
S 11 20 154
S 3 15 165
C 8 332 13
C 4 275 28
C 16 235 191
S 2 7 218
S 11 19 195
C 13 356 345
C 4 289 57
C 19 28 304
C 3 338 230
C 11 351 310
S 1 13 205
S 4 10 337
C 13 307 57
S 4 16 264
C 19 330 178
C 8 194 252
S 13 19 184
S 10 12 317
C 7 219 159
S 7 8 204
C 12 254 327
C 17 215 215
C 19 169 348
S 6 7 38
C 20 355 209
C 14 189 292
S 4 5 185
C 9 177 289
S 4 11 217
S 2 14 264
S 3 9 262
C 1 26 285
S 5 8 265
31
C 14 207 277
S 1 11 234
C 13 159 283
C 16 171 66
C 9 186 233
C 13 324 275
S 3 7 16
S 3 9 331
S 10 12 245
C 18 224 131
C 11 233 335
C 7 312 42
C 4 257 144
C 10 279 170
S 8 11 3
C 17 254 84
C 17 290 142
S 10 19 39
S 1 6 261
C 12 284 222
C 2 282 146
C 16 237 273
C 14 323 98
S 10 19 22
S 8 9 24
S 16 18 136
C 18 8 32
S 3 11 91
S 16 17 47
C 4 270 186
82
S 10 20 149
C 9 285 283
C 6 5 52
C 1 141 233
S 1 4 257
S 2 3 315
C 4 287 242
S 3 7 352
C 5 289 83
C 13 331 34
S 13 17 248
S 15 19 257
C 6 207 135
S 6 20 79
C 16 287 58
S 19 20 285
C 3 226 131
S 4 10 57
S 3 15 45
C 19 28 140
S 12 14 273
C 13 335 118
S 2 10 335
C 5 260 10
C 8 38 282
C 4 217 2
S 3 18 36
S 2 5 18
S 8 18 45
C 13 16 251
C 18 199 122
S 2 6 34
C 12 74 146
S 8 19 19
C 15 167 70
C 7 202 42
C 9 137 141
C 3 332 354
S 1 3 284
S 10 20 163
S 3 16 144
S 2 6 327
S 15 20 89
C 14 46 185
S 5 10 353
C 13 51 257
S 4 20 172
S 12 15 355
C 20 1 50
S 2 4 121
S 4 9 349
C 15 2 336
C 20 352 257
C 19 116 305
S 14 16 11
C 7 300 284
C 9 165 117
C 11 130 324
C 18 19 25
S 4 7 168
C 10 145 99
C 17 216 167
C 17 175 6
C 5 97 257
S 1 3 213
C 18 46 66
C 14 153 83
C 13 95 212
S 3 15 175
S 3 17 39
C 14 344 89
C 13 259 264
C 5 42 121
S 3 19 186
C 13 143 81
C 8 175 307
C 6 75 110
S 6 19 124
C 1 231 253
S 7 13 154
63
C 3 55 176
C 4 338 309
S 17 19 305
C 5 173 74
S 18 19 4
S 9 18 42
C 12 216 160
C 4 183 264
S 2 16 178
S 8 10 265
C 11 355 158
C 4 219 288
C 15 65 19
S 9 11 125
C 19 359 349
S 4 11 267
C 10 7 240
S 4 5 356
C 19 229 336
C 14 246 173
S 7 15 173
S 11 13 341
C 10 146 139
S 9 11 204
S 7 8 169
C 19 75 19
S 12 20 331
C 18 104 117
C 3 42 347
S 10 16 310
C 9 244 148
C 2 229 102
S 11 15 125
S 10 13 340
C 7 69 116
C 14 312 85
S 9 13 56
C 15 297 134
C 19 26 59
S 11 13 4
C 9 354 316
S 12 13 203
C 16 324 114
C 11 202 340
C 1 349 266
S 12 20 292
C 14 69 101
C 8 0 171
C 13 104 314
C 4 352 79
S 9 16 52
C 19 112 204
C 19 351 241
C 19 136 146
S 11 12 95
S 15 19 39
S 3 17 112
C 11 350 284
S 13 16 142
C 3 310 141
S 1 2 150
S 2 11 210
25
C 19 357 338
C 20 8 39
C 5 353 276
S 11 18 333
C 7 91 256
S 3 8 96
S 10 19 8
S 4 9 97
C 8 340 227
S 9 10 194
C 12 215 329
S 10 15 244
C 9 257 80
S 6 20 268
S 2 5 317
C 13 102 37
S 9 17 189
C 13 229 43
S 7 14 289
S 2 6 18
C 8 239 349
C 18 175 281
S 1 8 161
C 5 49 198
S 12 15 213
47
S 9 20 327
C 17 69 197
S 9 18 166
S 2 18 123
S 12 19 206
C 2 284 121
C 6 218 54
C 10 54 146
S 10 19 38
C 4 174 189
C 2 77 97
S 13 16 29
C 17 18 266
C 10 95 115
C 3 182 49
S 9 16 338
S 4 19 55
S 1 5 213
C 19 49 350
S 5 10 312
C 12 39 2
C 16 49 341
S 9 11 15
C 14 171 160
S 2 5 259
S 11 12 26
C 7 111 83
C 13 80 136
S 9 18 244
S 15 19 27
S 5 8 359
S 2 6 121
S 3 8 126
S 3 5 234
S 8 9 56
C 6 204 301
S 8 10 121
S 8 9 223
C 11 278 42
S 8 14 282
C 18 120 60
C 14 138 192
S 11 20 287
S 10 15 116
C 4 235 124
S 7 10 253
97
C 4 291 58
C 7 259 301
C 9 250 255
S 17 20 39
C 2 139 198
C 8 336 356
C 10 174 153
S 1 2 144
C 1 280 295
S 3 19 81
S 5 9 30
C 10 110 283
C 2 250 252
C 18 350 174
C 18 305 63
S 6 9 352
C 8 100 31
C 18 155 326
C 1 356 89
S 1 10 192
S 8 13 19
C 9 48 67
S 9 19 273
S 10 13 177
S 1 14 209
S 11 14 97
S 3 19 137
S 16 18 324
C 7 38 119
S 5 18 162
C 7 221 319
S 11 19 279
C 17 301 6
C 3 256 102
S 8 19 301
C 4 261 240
C 14 216 220
S 2 16 222
C 17 83 165
C 18 359 296
C 11 295 16
S 1 10 304
S 3 6 334
C 7 94 194
C 12 285 279
C 17 149 113
S 5 20 355
C 18 94 227
C 1 52 244
C 8 247 288
C 6 19 19
C 18 336 37
C 3 325 329
C 14 219 103
C 15 239 250
C 1 164 185
S 15 20 39
S 13 19 227
S 2 9 141
C 6 192 146
S 9 12 11
S 1 19 150
S 8 10 29
S 1 18 227
C 12 274 346
C 16 220 350
C 5 69 1
S 12 19 159
C 14 346 181
S 2 19 299
S 9 18 322
C 16 18 287
S 16 20 82
C 3 289 111
S 1 4 55
C 1 179 100
S 17 20 344
S 4 11 264
C 8 83 12
C 2 332 62
C 16 218 291
C 12 54 2
S 5 10 62
S 4 7 0
S 15 17 69
S 1 13 181
C 16 90 320
C 4 343 190
C 14 24 203
C 10 190 143
S 17 18 168
S 1 6 338
S 7 10 329
80
C 13 279 261
C 13 127 37
C 7 132 196
S 12 20 65
S 4 19 132
C 4 109 265
C 16 171 157
S 2 17 98
S 2 18 109
C 14 85 221
S 4 15 148
C 5 344 168
S 4 16 29
C 18 165 122
C 2 12 98
C 5 247 134
S 7 10 217
S 2 19 146
S 7 12 92
C 1 302 60
C 13 27 44
S 13 16 47
C 12 239 342
C 20 141 154
C 3 114 96
S 12 16 138
S 1 19 29
S 11 15 301
C 10 153 123
C 7 56 283
C 11 324 70
S 5 7 357
C 13 176 212
C 7 358 48
S 2 18 31
S 1 2 78
C 12 333 229
C 1 128 69
S 9 15 123
C 1 27 252
C 18 299 347
C 5 102 151
S 10 17 210
S 8 13 136
C 10 356 225
S 7 11 253
S 5 6 207
S 15 20 48
C 14 264 229
C 13 281 157
S 5 16 162
S 11 19 254
S 9 14 255
S 1 13 171
S 15 16 32
S 1 10 346
C 16 296 218
C 18 201 173
S 8 12 212
S 5 8 335
C 19 31 278
S 15 19 18
C 20 327 22
C 2 36 215
S 14 16 236
C 10 17 320
C 8 117 322
S 1 13 163
S 1 8 192
C 7 189 191
C 6 61 296
C 10 80 21
S 16 18 307
S 12 18 201
S 2 17 66
C 2 156 229
C 16 138 2
29
C 5 341 40
C 3 177 220
C 10 323 299
C 15 327 46
S 14 15 332
C 11 216 68
S 4 13 55
C 17 301 85
S 5 13 313
C 19 292 80
S 7 18 265
C 1 8 117
C 14 243 205
C 19 212 314
C 14 44 110
C 4 166 351
C 20 131 210
C 1 331 290
S 19 20 123
C 7 64 92
C 16 114 200
S 7 14 215
C 19 356 272
S 4 16 103
C 3 290 34
S 3 19 43
C 20 70 19
C 10 113 299
S 8 11 66
27
S 7 14 1
S 3 15 117
C 18 314 255
S 10 12 84
S 7 18 131
C 14 316 108
S 3 12 227
S 15 20 111
S 3 13 63
S 5 15 87
S 5 14 78
S 2 14 102
S 4 15 212
S 14 16 130
S 6 8 234
S 8 13 139
S 2 9 312
C 18 111 122
C 14 165 310
S 8 19 88
S 4 15 320
S 9 18 315
S 4 14 11
C 13 294 109
C 1 148 161
S 3 17 91
S 1 20 256
2
C 6 19 35
S 7 15 56
51
S 13 16 153
S 3 7 113
C 11 296 185
C 8 320 261
C 11 240 354
C 12 328 30
C 18 236 352
S 11 13 152
S 6 15 195
S 2 10 101
C 2 327 196
C 17 54 292
C 3 274 344
S 2 18 185
C 9 132 327
C 5 242 331
S 6 18 2
S 1 19 132
C 5 221 140
S 14 16 165
C 9 12 185
C 16 193 135
C 18 130 192
S 16 18 188
S 3 7 267
C 5 157 331
C 15 196 61
C 14 61 358
C 20 22 220
C 3 90 220
C 14 127 195
S 10 11 290
S 6 19 177
S 11 14 291
S 10 20 205
S 4 8 63
S 3 10 295
S 3 19 287
S 11 18 4
S 19 20 296
C 14 69 350
C 8 225 241
C 2 129 325
C 12 240 180
S 9 10 215
S 5 11 315
C 5 313 112
S 2 9 126
C 10 112 33
S 11 18 317
90
S 11 16 324
C 16 88 215
S 7 15 146
S 13 17 152
C 11 43 310
S 7 14 226
S 4 13 13
S 12 18 276
S 15 17 247
C 19 267 292
S 2 8 28
S 4 19 154
S 10 12 157
C 11 74 278
S 10 17 291
C 3 130 291
S 10 18 101
S 4 5 357
C 8 298 99
S 2 6 239
C 18 56 131
C 14 287 69
S 1 13 131
C 5 248 40
S 4 17 48
S 12 19 102
C 5 194 49
C 16 261 128
S 3 20 99
S 6 18 341
C 13 162 151
C 10 175 273
S 5 20 215
S 10 16 152
C 5 46 120
S 1 17 173
S 12 16 154
C 9 275 297
C 13 327 330
C 14 189 265
S 3 20 352
S 3 11 211
C 19 139 168
S 7 20 213
S 9 15 70
C 6 202 139
C 17 266 177
S 12 13 162
C 11 303 335
C 16 81 290
C 17 64 168
S 2 18 253
S 1 4 281
S 10 20 222
S 1 8 159
S 6 11 308
C 17 140 123
S 1 4 120
S 8 16 268
S 1 16 232
S 13 15 150
C 11 125 173
S 4 6 29
S 3 17 111
S 16 18 195
S 15 16 121
C 15 160 357
C 19 320 197
C 12 61 13
C 19 179 305
S 2 18 143
C 3 21 225
S 14 17 15
S 5 10 319
C 3 7 303
S 3 18 160
C 17 208 37
C 20 150 268
C 3 233 320
S 1 16 250
C 10 294 48
C 18 246 311
S 2 12 268
S 1 12 111
C 15 90 181
S 16 20 14
S 7 10 307
S 2 18 211
S 12 14 112
S 10 15 354
98
S 4 12 306
S 3 10 316
S 2 17 224
S 5 10 339
C 10 234 53
S 10 13 237
S 11 12 317
S 8 10 342
C 7 287 68
C 7 62 149
C 2 303 35
C 12 77 252
C 4 337 256
C 6 201 140
C 10 67 299
S 12 13 348
S 9 10 127
C 6 307 5
S 10 12 316
C 3 332 268
C 17 21 42
S 15 18 314
C 10 279 179
S 3 18 307
S 7 9 281
S 7 10 235
C 17 359 299
C 9 121 113
S 7 12 225
C 12 169 64
C 8 188 244
S 1 17 51
S 1 5 4
C 15 131 151
C 19 202 202
C 15 212 316
C 7 256 13
S 12 15 184
C 6 194 152
C 8 258 171
C 12 12 332
S 10 13 339
C 17 264 95
C 16 336 193
S 2 7 296
C 16 108 68
C 15 310 103
C 9 19 276
S 4 13 190
C 8 278 345
S 7 20 57
C 15 132 230
C 17 243 335
C 15 244 21
C 13 267 254
C 1 20 193
C 2 289 280
S 7 16 31
C 9 217 110
S 8 15 321
C 4 309 212
S 10 17 59
C 9 68 174
S 7 12 293
S 1 15 189
S 8 9 42
C 12 279 127
C 14 244 305
C 20 125 339
C 8 213 28
C 8 116 288
S 2 9 176
S 8 9 259
C 3 337 296
C 14 203 99
S 6 7 316
C 17 308 333
S 1 14 295
C 3 54 67
C 17 92 223
S 2 13 354
S 3 17 305
C 6 60 128
S 12 17 188
S 3 5 244
S 6 16 10
S 10 20 251
C 13 351 193
C 18 82 199
S 2 17 338
C 5 339 266
S 6 16 202
S 12 13 85
C 6 35 176
C 1 120 230
C 11 308 293
40
C 1 292 22
S 10 19 323
C 5 226 306
S 1 16 358
S 6 8 5
S 5 11 39
S 9 20 42
C 8 137 117
C 7 244 5
S 10 15 284
C 9 23 347
S 16 17 97
C 15 352 252
C 19 194 100
S 11 12 94
C 14 218 323
C 16 69 126
C 2 150 205
C 18 126 122
S 6 7 9
S 7 13 203
C 3 170 91
S 19 20 312
S 12 13 182
S 16 18 108
C 3 173 154
C 18 19 71
C 5 30 326
C 16 283 118
S 10 17 249
C 20 107 356
C 20 172 312
C 11 95 290
C 7 62 54
S 4 7 269
C 8 159 19
S 9 19 106
S 6 11 297
S 4 18 178
84
S 12 19 324
C 9 338 230
C 1 204 229
C 16 9 14
C 11 271 262
C 16 10 132
C 8 154 268
C 6 80 343
S 10 11 212
S 1 5 318
C 17 306 282
S 3 10 194
C 12 291 63
S 1 13 35
S 11 12 245
C 2 74 9
S 3 10 145
C 14 313 108
C 16 73 179
S 7 19 173
C 14 271 260
C 2 86 104
C 18 12 262
C 12 33 201
S 16 18 40
C 4 107 121
S 15 18 188
C 12 311 169
C 4 173 224
C 1 150 215
C 18 204 38
S 8 19 62
S 11 12 137
S 7 11 87
C 17 65 105
S 10 18 253
S 12 18 349
C 15 223 23
C 9 242 156
C 9 75 294
C 1 201 107
S 3 4 324
S 6 11 126
C 20 134 261
S 16 18 85
C 20 37 196
S 3 9 100
S 13 15 130
C 16 52 143
C 8 171 16
C 1 154 76
C 2 1 214
C 12 27 100
S 1 10 53
S 1 15 224
S 2 8 46
C 4 12 331
C 11 106 78
S 14 20 174
S 6 10 344
S 4 18 181
C 3 300 177
C 19 252 307
C 18 48 78
C 16 24 18
C 5 92 204
C 9 279 102
S 4 13 151
S 4 7 7
C 3 244 199
S 11 16 20
C 9 17 64
C 16 290 302
S 11 12 356
C 18 23 166
S 2 18 122
C 16 46 13
S 14 19 184
S 3 12 292
S 1 10 242
C 16 182 28
C 20 86 147
82
S 3 17 352
C 10 354 135
S 15 19 29
C 2 57 150
S 6 13 137
C 9 74 252
C 15 330 37
C 2 122 342
S 5 7 32
S 17 20 32
C 17 257 237
C 12 327 187
S 5 18 41
S 18 20 204
C 10 174 80
S 2 4 27
S 16 17 106
S 2 10 88
S 6 7 171
C 11 5 341
C 8 284 101
C 20 195 354
C 17 277 10
C 5 19 104
C 20 354 332
C 20 72 178
S 3 16 220
S 4 10 260
S 5 9 59
S 12 20 235
C 2 129 105
S 9 15 290
C 15 97 249
S 15 20 117
S 2 5 242
C 10 99 254
C 17 343 77
S 1 13 124
S 3 13 132
C 1 116 13
C 9 86 29
S 4 19 318
S 2 13 239
C 11 3 43
S 11 18 178
C 14 147 182
S 6 14 258
C 10 239 181
S 8 20 182
C 2 117 354
S 8 9 58
S 2 15 191
S 2 13 211
S 5 19 152
C 6 86 113
C 1 270 287
S 10 14 200
C 7 292 306
S 1 16 345
C 9 208 301
C 7 308 265
S 1 19 230
S 10 15 333
C 17 192 182
C 11 166 231
C 2 49 272
S 6 17 240
S 16 18 252
S 2 10 247
C 3 88 310
C 1 247 46
C 15 158 349
C 20 261 80
C 3 64 221
C 12 262 295
S 12 14 316
S 1 15 266
S 2 11 316
S 5 14 172
C 11 158 176
27
C 19 333 244
C 7 199 149
C 11 290 329
S 4 5 220
C 4 191 76
C 14 76 58
C 18 80 21
C 17 207 140
C 16 72 98
S 15 20 88
S 4 18 75
S 1 3 321
S 12 20 310
C 14 281 75
C 1 17 243
C 8 176 347
C 3 102 100
C 5 36 348
S 6 18 58
C 9 154 136
S 2 7 168
S 5 12 235
C 8 303 64
S 2 11 0
C 11 332 179
C 15 20 1
S 5 17 178
50
S 13 20 215
C 12 170 257
S 10 14 55
C 5 293 305
S 15 20 78
C 6 255 208
S 3 18 27
C 15 26 235
S 4 17 213
C 14 216 356
C 20 65 20
S 4 9 82
S 15 19 166
C 4 157 220
C 3 76 25
S 8 16 97
C 10 104 298
S 9 16 104
S 18 20 353
C 5 313 162
S 5 17 311
C 7 172 61
C 7 154 116
S 7 18 3
C 7 207 30
S 6 16 56
C 7 54 202
S 14 17 304
S 1 6 94
S 11 15 201
C 1 96 78
C 14 354 266
C 12 9 185
S 2 11 166
S 6 9 157
S 3 4 321
S 6 19 161
C 7 239 329
S 7 14 174
C 6 90 241
S 1 20 261
S 6 20 285
S 17 20 107
S 1 2 185
C 14 219 273
S 8 12 74
S 6 19 296
S 6 18 295
C 4 136 13
93
C 16 290 98
C 15 72 82
C 12 27 305
S 17 18 53
S 9 15 174
S 11 15 64
C 17 155 217
S 10 11 92
C 10 301 180
S 15 19 37
C 20 113 313
S 9 13 165
S 2 12 158
S 1 15 14
S 16 20 0
C 16 172 339
C 1 1 62
S 4 17 117
C 11 117 49
S 5 16 273
C 19 241 111
S 4 12 52
S 3 10 309
S 4 6 15
C 16 289 17
S 6 18 335
C 4 258 84
C 3 271 4
S 13 20 103
S 5 19 195
S 12 15 144
C 10 299 257
S 6 19 157
S 4 20 47
S 5 20 155
C 1 295 199
S 13 15 112
C 5 268 151
C 1 91 144
C 5 273 161
S 4 5 279
S 1 6 180
C 2 100 61
C 7 190 96
C 6 188 264
S 10 18 243
S 6 12 95
S 13 16 57
S 3 8 77
C 4 195 267
C 6 257 257
C 10 242 358
S 12 20 60
C 17 238 265
C 1 198 109
C 13 142 216
C 1 334 287
C 17 249 73
S 6 14 125
C 18 153 123
S 5 13 73
C 18 272 309
S 3 16 188
C 12 54 222
C 9 51 284
S 16 20 232
C 3 57 303
C 11 159 352
S 5 11 294
S 4 11 258
C 4 43 280
S 16 17 20
S 11 14 300
S 11 12 330
C 16 305 254
C 19 313 352
C 5 247 249
C 3 168 299
C 9 130 214
C 6 109 93
C 10 196 99
C 4 226 265
C 18 107 322
S 12 20 236
C 7 60 66
S 3 12 192
C 16 29 147
C 13 303 181
S 5 6 106
S 2 20 184
C 4 89 271
S 11 14 226
C 9 11 166
89
S 4 15 46
C 8 296 350
C 15 65 133
S 2 11 230
C 10 80 285
S 8 9 207
S 13 14 157
C 19 183 343
S 10 13 223
C 9 238 79
C 18 94 155
S 11 12 208
C 1 247 293
C 5 90 21
C 2 248 236
C 11 40 154
S 14 15 336
C 3 25 310
C 7 147 348
C 14 168 51
S 5 16 21
C 14 65 322
S 2 18 111
S 1 15 128
S 2 12 339
C 4 175 244
C 10 334 111
S 13 15 336
C 10 168 26
C 18 334 186
C 17 237 91
C 2 259 146
C 6 74 278
S 6 20 342
C 12 278 325
S 16 18 125
S 2 8 335
S 6 14 94
S 11 20 264
C 15 76 282
S 13 14 341
C 12 358 212
C 2 97 276
S 11 12 119
S 5 16 184
S 6 20 343
S 10 13 306
S 6 17 9
C 2 353 184
C 18 249 180
C 15 277 265
S 16 20 348
S 9 20 6
C 14 252 59
C 12 117 198
S 1 19 232
C 20 115 125
C 3 248 165
S 5 8 172
C 19 308 40
C 18 23 115
S 16 18 13
C 3 348 193
S 15 19 210
S 3 12 235
S 5 7 174
C 20 220 107
C 9 290 35
S 2 15 43
S 17 18 38
C 19 105 187
S 7 17 273
S 3 20 141
C 10 39 132
S 7 19 143
C 1 15 96
C 16 26 46
C 6 300 277
C 15 162 78
C 14 30 317
C 2 345 177
C 5 291 240
C 5 264 13
C 19 66 183
C 20 113 154
S 2 13 4
C 3 252 86
C 3 327 190
S 6 20 317
64
S 7 8 142
S 5 20 175
C 5 76 349
S 14 16 156
C 5 62 112
C 7 201 305
C 15 100 276
S 18 19 265
C 17 226 156
S 3 7 209
C 3 309 60
C 20 151 50
C 6 63 52
S 1 12 64
C 18 67 20
C 9 271 272
C 8 281 219
C 1 194 323
C 19 307 147
C 1 351 253
C 7 107 252
S 7 17 69
C 17 78 243
C 17 42 296
C 3 130 182
S 11 18 295
S 16 19 99
C 18 250 86
S 5 7 359
C 19 320 246
C 13 348 237
C 12 132 316
S 2 4 103
S 3 4 99
S 7 14 155
S 1 11 190
S 8 10 143
S 8 14 215
C 19 259 180
S 7 9 201
S 1 19 302
C 8 282 145
C 1 313 208
S 3 20 64
S 15 18 314
C 12 182 265
S 1 14 121
S 8 13 285
S 4 5 316
C 15 65 142
C 11 58 171
S 10 11 33
S 4 18 93
C 13 100 326
S 9 19 98
C 19 345 169
C 6 123 43
C 14 268 66
S 3 19 280
C 5 3 99
S 3 17 43
C 17 156 52
S 12 13 180
S 7 16 253
98
S 13 16 286
C 3 100 10
C 4 60 359
C 20 315 48
C 3 290 17
C 19 260 332
C 20 205 310
S 8 14 30
S 12 16 276
S 1 15 189
S 5 10 272
C 2 178 167
C 2 65 121
S 6 14 88
C 13 100 178
C 20 116 227
S 6 10 82
C 7 289 161
C 6 187 317
S 10 15 62
C 7 163 57
S 15 19 302
S 19 20 228
S 2 16 206
S 4 12 55
S 13 17 69
C 9 286 20
S 4 13 4
S 3 15 53
S 15 18 268
C 10 273 334
S 2 3 333
S 7 11 242
C 8 243 101
S 4 6 8
S 8 15 338
S 4 14 103
C 12 173 139
S 1 9 25
S 10 15 226
C 1 317 355
S 14 16 319
C 9 179 326
C 15 331 275
C 18 263 268
S 7 17 134
C 3 107 197
S 4 12 336
S 12 20 240
C 16 81 217
C 3 192 7
C 9 178 161
C 14 342 199
C 2 137 91
C 18 345 197
C 11 358 283
C 2 194 254
C 15 46 114
C 8 52 201
C 10 77 23
C 18 302 274
S 3 16 15
C 9 229 333
S 1 14 177
C 12 359 35
S 11 16 144
C 8 286 240
C 7 35 60
S 6 12 14
S 18 20 332
C 11 273 101
S 7 9 195
C 1 177 121
C 17 210 98
C 4 57 54
S 6 10 33
C 1 279 181
S 12 15 241
S 2 12 210
C 11 42 164
C 18 22 301
C 1 107 9
S 2 11 41
S 3 14 354
S 9 15 354
S 4 19 133
S 15 17 206
S 4 12 104
S 10 20 63
S 2 9 201
C 14 98 186
C 10 62 154
C 13 108 331
S 8 11 324
S 3 8 67
C 19 319 237
75
S 8 17 273
S 6 13 107
C 8 325 183
S 6 19 225
S 10 15 320
S 11 20 230
S 1 2 49
S 7 8 141
C 6 90 116
C 10 207 162
S 10 19 26
C 5 126 190
S 2 17 247
C 6 347 231
S 7 16 103
C 12 326 58
C 5 184 56
S 7 12 192
S 3 18 128
C 19 180 74
C 3 21 293
S 11 19 136
C 3 113 54
C 4 342 209
C 18 278 17
C 16 73 24
C 7 9 88
C 14 346 209
S 3 4 5
S 1 4 65
S 8 20 262
C 3 340 75
C 11 50 330
C 8 281 151
C 6 115 175
S 16 18 265
S 4 17 149
C 17 23 6
S 7 17 43
S 8 13 109
S 6 13 127
C 2 358 315
C 15 40 209
S 4 7 218
C 15 107 103
S 4 11 204
C 11 85 320
C 8 144 241
C 17 43 90
C 11 35 312
C 6 294 126
C 9 118 273
S 1 2 127
C 14 356 51
S 9 12 149
S 4 20 31
C 16 21 90
C 15 6 4
C 11 0 322
S 2 8 226
C 8 303 115
S 3 11 294
C 11 180 227
S 1 3 151
S 2 11 357
C 8 17 355
S 2 8 356
S 2 7 131
S 2 19 329
S 1 3 235
S 2 12 340
S 2 15 63
C 6 23 144
S 11 14 324
C 18 344 29
8
C 9 137 93
C 4 208 276
C 2 286 159
C 16 88 166
S 13 14 252
C 19 93 304
S 3 5 121
95
C 10 87 200
S 8 11 165
C 13 263 217
S 7 11 80
C 10 193 296
S 3 11 84
S 6 8 338
C 15 254 259
C 12 68 98
S 11 19 350
S 7 11 212
C 12 276 248
S 5 11 57
S 11 17 39
S 3 6 290
C 20 45 96
S 10 17 154
S 2 15 178
S 12 16 121
C 15 104 224
S 1 13 56
S 2 19 133
C 8 85 337
C 5 177 41
S 1 16 357
S 9 19 141
C 18 299 236
S 5 19 336
S 11 14 316
C 15 66 24
C 16 216 279
C 3 330 42
S 7 15 356
C 5 130 107
S 2 11 168
S 1 11 128
S 10 19 232
S 4 6 165
C 5 211 189
C 18 208 118
S 8 15 16
S 8 17 232
C 11 140 0
S 2 6 4
S 9 11 120
C 12 101 99
C 8 289 219
S 2 19 310
C 4 278 310
C 8 345 204
C 9 290 202
S 11 16 315
S 1 14 106
C 17 261 221
S 9 12 247
C 10 304 44
C 19 228 173
S 7 10 49
S 7 20 81
S 4 20 22
C 19 102 252
S 13 19 320
S 9 17 283
S 13 14 288
S 6 17 52
C 2 217 10
C 6 326 130
S 2 9 214
C 10 41 88
S 1 5 90
C 4 27 214
C 7 336 81
C 7 161 130
C 14 243 203
C 11 129 316
S 5 17 20
C 2 327 162
C 7 117 315
S 6 14 103
C 9 336 156
C 3 73 245
S 1 8 235
C 13 129 124
C 17 74 109
S 1 13 326
S 4 10 301
C 17 274 232
C 5 213 66
S 3 12 29
S 1 2 111
C 13 306 103
S 7 10 343
C 17 290 214
40
C 6 299 205
S 2 18 38
C 1 238 223
S 10 14 216
S 13 20 193
S 3 14 291
C 20 287 358
C 15 187 267
S 4 8 280
C 12 273 35
C 7 145 147
C 15 244 158
C 18 101 267
S 6 17 95
C 2 263 312
S 3 14 165
S 8 15 315
C 18 30 323
S 13 19 178
S 13 20 94
C 11 117 101
S 13 14 183
C 16 57 114
C 11 258 72
S 2 13 322
S 14 18 24
C 20 190 266
S 9 13 156
S 16 17 256
S 12 19 181
S 3 17 191
C 15 26 326
S 5 13 337
S 12 14 53
C 12 342 84
S 1 6 32
C 4 143 79
C 4 66 48
C 6 106 223
C 17 23 217
98
S 5 7 215
S 6 15 189
C 12 119 311
C 12 4 282
S 11 12 92
C 20 214 353
S 4 20 339
S 5 16 212
S 1 7 292
S 4 17 183
C 2 267 31
C 15 72 321
S 2 3 147
S 6 7 75
S 14 20 298
C 7 210 57
C 5 47 89
S 8 18 253
S 13 15 291
C 2 18 308
C 3 260 129
S 11 19 201
C 1 55 317
S 14 20 312
C 13 16 184
S 3 14 257
C 12 14 268
S 5 16 189
C 11 175 306
C 7 77 147
S 1 9 104
C 2 199 4
C 5 296 277
S 5 17 190
S 1 5 68
C 6 278 279
S 5 19 37
S 8 13 247
S 2 5 199
C 4 29 240
S 7 11 10
C 1 1 292
C 15 118 243
S 17 19 228
C 2 213 191
C 4 128 162
S 11 15 155
S 18 20 63
C 17 29 301
C 17 18 44
S 2 14 55
S 9 13 14
S 8 20 8
S 1 10 165
S 4 12 123
C 12 25 158
C 18 163 227
C 3 189 169
C 5 151 294
S 7 13 134
S 11 16 117
S 10 15 315
C 1 357 53
S 7 12 49
S 14 15 203
C 14 45 277
C 16 259 282
C 6 178 121
S 3 7 203
S 12 19 327
C 11 105 264
S 7 16 306
C 14 267 117
S 11 20 17
S 16 18 210
S 14 16 283
S 3 10 32
S 6 14 145
S 5 16 222
C 15 191 280
S 11 19 107
C 3 319 29
S 11 15 4
C 8 157 332
C 2 52 300
C 7 47 353
S 6 11 246
S 7 11 182
S 1 10 294
C 11 149 157
S 1 14 301
S 4 17 302
S 12 19 210
S 1 13 157
C 4 98 191
C 11 60 264
C 16 207 213
C 11 166 158
38
S 1 18 252
S 11 18 301
S 2 4 168
S 5 16 233
C 20 302 146
S 14 20 174
S 2 4 70
C 17 112 224
C 17 143 237
S 18 20 146
C 13 329 138
S 14 18 13
S 8 19 160
C 19 279 225
C 8 105 5
S 4 6 339
S 15 16 259
S 7 20 184
C 11 131 210
S 11 16 84
S 10 14 19
C 17 14 193
C 5 222 121
C 12 45 50
S 1 13 170
C 14 74 211
C 20 271 342
S 4 6 228
S 11 15 152
C 5 261 216
C 1 81 211
S 16 20 85
C 15 79 240
S 9 18 180
S 5 10 47
S 5 6 14
S 1 9 186
7
S 6 20 114
C 4 230 207
C 16 41 254
C 9 275 288
S 7 15 75
C 12 357 213
C 17 110 98
80
S 12 13 258
S 6 16 45
S 13 17 354
S 1 18 84
C 7 119 303
S 7 18 19
C 16 67 217
S 10 14 90
S 9 12 148
S 1 9 144
S 10 19 226
C 8 8 244
C 9 44 337
C 18 110 271
C 1 6 206
S 3 8 183
C 12 306 165
S 2 13 349
S 4 16 176
C 13 185 180
S 1 5 12
C 18 26 25
S 3 15 255
C 14 179 317
C 17 139 300
S 11 16 233
C 10 229 63
S 1 3 186
S 16 19 10
S 4 16 104
S 2 5 271
S 3 14 261
S 4 19 94
S 1 15 156
C 9 103 32
S 5 10 117
S 8 20 209
C 5 339 232
S 12 15 103
C 20 28 176
C 12 91 141
C 19 358 15
S 8 13 154
C 14 42 91
C 18 302 277
C 16 142 41
C 19 298 27
S 3 9 327
C 16 197 84
C 14 110 298
C 9 326 289
C 2 331 285
C 13 289 351
C 5 337 110
C 11 284 257
S 5 11 23
S 14 20 205
C 14 243 93
C 19 298 92
S 2 5 77
C 9 148 1
C 11 6 303
C 3 237 127
S 3 19 71
S 2 16 38
C 10 19 245
C 4 84 310
C 15 17 229
C 15 257 269
C 4 237 175
C 14 16 323
C 1 259 312
C 19 196 319
S 9 19 99
C 6 295 136
C 2 241 242
C 17 121 18
71
S 6 8 301
C 8 32 190
S 17 20 339
C 15 31 288
S 14 16 269
C 13 243 340
S 6 9 187
C 10 19 356
S 2 20 239
C 20 35 64
C 11 69 250
S 2 7 121
C 13 57 136
S 7 9 80
C 18 73 302
S 12 17 14
S 5 10 340
S 9 15 295
C 14 46 278
C 2 250 297
S 2 17 327
C 16 219 56
S 5 14 310
C 6 31 312
C 14 19 99
S 1 8 183
C 17 21 217
C 13 183 312
S 9 14 132
C 15 142 224
C 3 88 54
C 14 171 163
S 17 18 164
S 3 20 54
S 9 19 242
C 11 193 177
C 4 81 174
S 1 9 191
S 10 15 87
C 18 333 195
S 14 20 206
S 8 14 257
S 11 19 346
S 3 4 165
S 4 9 304
C 9 260 346
S 17 18 337
S 13 16 319
C 9 227 225
C 6 300 207
C 18 144 267
C 11 95 129
C 5 164 140
S 1 11 20
C 12 17 264
S 8 11 12
C 19 31 52
S 9 17 300
S 10 13 353
C 15 98 203
S 13 16 211
C 1 322 301
S 4 6 180
C 3 2 221
C 8 20 217
S 6 18 205
S 1 9 97
C 6 206 221
C 4 201 256
S 17 18 65
23
C 11 251 338
S 1 20 349
C 4 317 329
S 3 6 91
S 2 7 280
C 17 276 206
S 6 16 79
S 10 12 33
C 11 87 26
C 16 77 228
C 3 73 302
S 2 6 205
S 9 16 258
S 3 15 90
C 19 4 117
C 18 163 3
C 8 160 18
S 6 20 228
C 20 141 244
C 8 145 216
C 6 338 204
C 8 123 107
C 5 351 131
91
C 5 186 275
S 14 15 285
C 17 336 307
C 8 335 64
C 14 253 93
S 4 15 70
C 5 125 286
C 20 235 158
S 6 14 70
C 20 144 206
C 1 260 336
C 7 327 271
C 5 306 299
S 5 17 250
S 1 19 223
S 12 20 249
S 4 17 209
C 15 229 108
S 7 17 240
S 7 15 191
C 6 344 298
S 1 16 251
C 9 309 308
C 5 152 327
C 12 358 222
C 5 200 220
C 8 45 12
S 10 19 234
C 3 183 47
C 18 174 298
S 15 19 346
S 1 12 338
S 11 13 12
S 7 14 146
S 2 20 233
S 1 15 327
C 18 275 302
C 4 213 191
S 15 17 284
S 11 20 171
C 15 187 311
C 5 208 199
S 1 12 167
C 4 43 124
S 9 10 30
S 2 14 173
C 2 93 1
C 18 196 171
S 10 18 130
S 5 13 210
S 4 8 349
S 9 18 245
C 7 150 16
C 4 70 192
C 4 61 65
C 14 201 149
S 11 19 164
S 3 9 138
S 9 20 82
C 20 22 14
C 2 352 231
C 12 273 302
S 7 19 226
C 14 138 2
S 1 15 56
S 8 11 118
S 6 12 345
C 20 215 77
C 19 10 161
C 6 168 111
C 1 271 53
S 10 12 131
C 16 203 12
C 6 262 53
C 10 100 358
S 8 12 117
S 9 14 133
C 11 42 100
C 18 164 95
S 14 17 244
S 12 16 287
C 9 59 146
S 5 14 82
C 6 142 136
C 8 10 234
C 11 13 62
S 4 12 107
C 3 227 291
C 15 208 147
C 17 237 154
33
S 7 14 82
S 3 6 47
C 2 345 217
C 15 52 180
S 6 7 142
C 5 238 342
S 12 15 64
C 16 9 304
S 10 17 258
S 1 10 122
S 6 10 200
S 4 11 347
S 3 17 320
S 2 6 321
C 19 76 276
C 6 88 185
S 1 3 30
S 6 9 55
S 6 12 1
C 14 339 243
S 15 16 264
C 7 94 169
C 6 226 139
S 2 11 48
S 5 13 359
C 3 158 181
C 11 190 41
S 3 13 292
S 3 4 160
S 18 20 113
S 14 15 240
S 9 17 11
46
S 3 5 45
C 5 67 183
C 9 253 357
C 19 94 147
S 5 20 253
S 5 11 201
C 7 249 332
C 6 192 16
S 9 20 334
C 3 249 132
C 20 147 80
C 12 99 231
S 2 14 344
S 15 19 246
S 6 16 0
S 10 15 165
S 8 17 45
C 12 299 202
C 12 127 69
S 6 14 224
C 19 70 114
C 15 64 46
S 12 17 73
S 1 5 358
C 14 114 222
C 11 267 214
S 3 16 212
S 16 18 297
C 10 199 210
S 2 8 201
C 6 250 218
C 5 325 65
C 5 29 291
S 3 17 23
S 10 11 63
S 3 9 181
C 3 171 330
S 9 16 234
C 12 159 352
C 1 315 0
S 13 14 118
S 2 4 228
C 16 350 173
S 16 18 220
80
S 2 14 287
C 1 254 103
C 19 131 98
C 18 337 8
C 12 50 243
S 13 19 75
S 13 16 274
S 10 19 214
S 12 17 156
C 2 261 160
S 3 17 118
S 2 19 81
C 10 132 254
S 1 10 231
S 18 20 257
S 8 18 156
S 13 15 342
C 7 128 146
C 12 174 324
S 1 10 263
C 5 242 345
S 1 19 123
C 2 278 181
S 4 16 229
S 5 14 234
C 13 227 4
S 12 16 217
C 7 59 153
S 18 19 221
C 8 127 239
S 1 13 185
C 19 358 317
C 5 22 83
C 6 284 73
C 10 320 85
S 10 20 97
C 11 142 113
C 2 292 336
C 20 336 112
S 2 10 239
S 13 19 27
C 5 79 279
C 7 260 7
C 3 332 49
C 14 129 288
C 12 140 344
S 4 16 271
S 13 16 23
C 7 276 108
C 10 9 287
C 20 319 151
C 11 279 147
C 20 254 344
S 7 18 156
C 1 85 172
S 1 17 129
S 3 15 2
S 9 13 125
S 11 19 184
C 13 62 19
C 6 321 351
S 1 5 24
C 13 249 81
S 7 19 164
C 17 167 166
C 13 64 133
S 12 17 108
C 5 4 138
S 4 13 243
C 6 178 26
C 13 160 78
S 13 19 240
S 12 14 347
C 14 196 259
C 2 158 267
C 5 274 91
S 13 18 29
C 9 55 44
C 13 34 321
C 11 153 266
63
S 7 9 29
S 13 15 285
S 4 7 130
C 16 311 196
S 3 4 138
C 1 79 266
C 12 332 304
C 2 183 247
C 8 327 258
C 6 329 357
S 6 10 145
C 8 320 60
S 3 15 279
S 10 18 147
S 1 20 119
S 5 7 126
S 8 10 7
S 14 17 316
S 5 14 92
S 7 8 200
S 14 20 352
S 2 17 180
C 4 268 326
C 3 94 240
S 6 8 276
S 9 18 122
C 16 169 243
S 1 11 244
S 2 5 19
C 14 188 148
C 1 32 180
S 11 19 264
S 4 19 257
C 12 238 40
S 7 17 289
C 1 147 295
S 2 14 209
S 15 18 46
S 11 13 162
S 1 7 240
C 11 29 303
C 2 69 268
S 10 19 337
S 2 3 199
C 2 127 137
S 3 20 100
C 20 24 15
S 7 13 212
C 7 334 193
S 7 13 171
C 17 91 338
C 4 160 66
C 3 143 116
C 20 296 178
C 6 137 216
S 5 19 36
C 5 258 159
C 10 148 192
S 4 19 328
C 19 0 14
56
S 12 18 307
S 7 18 169
C 18 171 310
S 2 3 63
C 18 45 100
C 9 70 230
C 13 60 250
C 16 272 220
C 1 238 321
C 20 350 84
S 3 10 282
C 12 290 313
C 17 239 260
S 4 14 101
C 20 236 129
C 16 351 108
C 7 231 87
S 8 12 326
C 16 139 247
S 11 13 144
C 18 218 303
C 20 324 87
S 7 9 32
S 2 10 300
C 1 327 61
C 2 147 10
S 1 14 56
C 16 68 270
C 15 213 225
C 11 44 324
S 5 17 42
C 4 90 141
C 9 325 12
S 9 12 240
S 16 17 178
C 18 315 245
C 17 18 213
S 6 16 193
C 2 322 46
C 1 222 231
C 17 239 113
S 7 20 134
S 3 15 103
S 6 14 155
S 10 17 47
S 2 20 343
S 9 18 39
S 6 16 131
S 5 12 326
S 5 10 139
C 4 212 137
S 4 9 161
S 10 17 325
C 17 214 160
S 7 14 271
98
C 15 62 180
C 3 101 191
C 4 286 48
C 13 20 341
S 10 15 22
S 9 11 344
C 17 121 49
S 7 18 230
S 1 20 344
C 10 286 278
C 16 355 219
S 7 10 66
C 5 349 8
S 5 15 313
S 1 10 56
S 1 6 28
C 6 152 251
C 13 174 260
C 7 125 72
S 5 8 26
C 10 7 188
C 16 227 215
C 8 188 220
S 9 18 98
C 20 103 1
C 6 5 134
C 13 46 294
C 16 174 124
C 2 42 147
C 4 181 171
S 2 19 274
S 6 17 331
S 9 18 332
S 13 18 296
C 19 273 52
S 2 3 123
C 3 83 123
S 3 15 341
S 10 13 232
S 1 11 209
S 10 20 266
S 8 9 280
S 11 15 228
S 2 20 279
C 17 33 173
S 4 17 212
S 18 20 160
S 1 10 123
S 3 6 246
S 10 13 228
C 16 241 201
S 3 16 90
C 19 148 129
S 15 20 77
S 14 16 239
S 9 15 127
C 14 141 57
C 20 308 261
S 14 15 331
C 7 51 350
C 18 195 75
S 6 17 18
C 2 272 338
C 20 265 90
S 8 15 24
S 13 15 282
C 20 285 244
S 10 12 114
S 3 8 327
C 17 343 52
S 11 20 51
S 5 12 254
S 6 8 236
S 16 18 266
S 3 7 89
C 14 336 48
C 9 135 1
S 11 16 300
S 6 9 13
C 7 45 252
S 2 7 172
C 6 12 242
S 14 20 49
S 2 18 323
S 6 7 162
S 6 19 254
S 3 7 19
C 19 17 258
S 12 16 174
C 19 174 49
S 1 20 204
S 1 20 34
S 17 18 226
S 8 19 144
S 9 11 143
11
C 1 196 184
S 6 9 266
S 10 12 272
S 4 10 277
C 7 335 19
C 1 71 226
S 6 17 325
C 8 317 337
S 3 6 215
C 16 195 193
S 8 11 61
61
C 2 298 257
C 1 82 243
S 2 13 216
C 18 78 206
C 15 318 158
C 8 171 261
S 6 17 307
C 1 236 293
S 2 17 39
S 3 11 356
C 8 292 97
C 16 91 217
S 3 20 22
S 2 7 42
S 6 12 335
C 2 345 252
S 6 15 198
S 6 9 188
S 6 10 298
C 9 123 57
C 18 197 188
S 11 18 72
S 1 11 256
C 3 48 37
C 10 34 252
S 7 20 155
S 6 18 357
C 20 8 224
S 9 15 176
S 7 20 191
S 10 13 340
C 14 140 10
C 1 89 125
C 1 114 250
S 8 13 194
C 16 282 338
C 17 168 18
S 1 14 123
C 11 267 34
S 6 20 186
S 16 18 235
C 3 220 17
C 19 104 126
C 5 27 150
C 4 20 347
C 10 51 176
S 1 18 337
C 15 339 161
C 7 106 210
S 15 18 323
C 2 236 175
C 18 291 314
S 13 18 5
S 12 14 237
C 8 154 108
S 13 16 359
S 4 16 214
C 16 203 94
C 8 125 196
S 2 7 324
S 6 16 77
81
C 11 26 199
C 13 249 77
C 13 3 92
C 18 92 8
C 14 318 243
C 2 93 280
S 14 17 337
S 9 19 302
C 14 329 55
C 16 179 333
S 5 17 224
S 2 9 32
S 2 6 51
C 5 154 228
S 14 20 346
S 2 5 292
C 12 280 105
S 3 17 277
S 12 18 229
C 12 155 24
C 13 188 307
S 10 20 25
C 4 148 114
C 9 299 55
C 17 325 345
S 2 18 210
C 13 289 135
S 9 12 19
C 8 212 28
S 14 16 35
S 10 14 96
S 3 12 109
S 7 19 281
C 5 266 168
C 17 329 338
C 5 121 14
C 8 319 179
S 4 5 227
S 16 19 138
C 2 350 235
C 18 108 7
S 8 17 326
S 7 17 172
C 11 328 344
S 10 14 127
C 16 68 238
C 16 78 329
C 16 0 205
S 8 12 340
C 8 14 218
C 19 324 266
S 3 14 260
C 2 357 264
S 5 13 99
C 1 204 254
S 16 19 96
S 4 6 97
C 19 320 125
S 15 20 230
S 11 15 176
C 7 326 226
C 18 321 312
S 2 16 276
C 3 171 344
C 20 125 66
C 17 22 245
S 4 18 207
C 4 145 113
S 1 18 164
S 4 18 319
S 6 17 251
C 3 30 313
S 11 20 151
S 12 17 121
S 1 4 40
C 17 329 233
C 8 323 83
S 11 15 291
C 19 341 224
S 2 14 300
11
S 15 18 163
C 6 357 73
C 18 250 277
S 9 16 207
S 4 5 25
S 3 9 31
S 15 16 248
S 1 14 49
S 4 10 268
C 4 279 90
C 17 110 124
90
S 10 20 66
C 15 201 239
C 1 104 170
S 10 18 189
S 2 6 328
C 13 256 235
C 14 151 341
S 1 8 320
S 8 18 20
C 11 304 357
C 17 14 136
S 12 16 131
C 16 330 145
S 9 20 219
C 8 23 12
C 16 113 267
S 2 13 26
C 4 29 223
C 15 224 171
S 3 11 318
C 3 284 146
C 5 227 38
S 3 6 241
C 1 259 119
C 20 257 109
S 4 14 303
S 15 17 169
C 9 211 321
S 15 19 213
C 1 195 144
S 1 15 288
C 1 281 136
C 13 287 79
S 1 12 84
C 7 134 51
S 10 14 337
S 5 12 17
C 12 211 175
S 2 14 209
C 4 291 179
C 1 299 323
C 7 317 20
S 1 14 179
S 14 20 133
C 12 85 223
S 3 13 21
C 3 305 186
C 5 105 55
C 11 237 250
S 6 7 158
S 10 13 307
C 1 114 226
C 20 328 125
S 5 6 128
S 5 19 174
C 13 144 67
S 6 10 54
C 19 325 52
S 8 19 23
C 19 278 189
C 10 12 74
C 4 41 126
S 4 16 45
C 6 169 230
C 2 144 243
C 12 14 256
C 14 156 262
S 7 8 74
S 5 12 278
C 18 296 8
S 2 12 72
C 1 130 161
C 9 88 157
S 7 13 185
C 10 1 183
S 3 8 203
S 9 14 69
S 8 9 259
S 11 14 67
C 11 280 228
C 14 321 42
S 3 9 312
C 12 2 192
S 1 15 305
S 11 20 252
30
C 19 10 239
C 6 332 207
C 6 231 326
C 9 185 35
S 4 7 240
C 17 288 267
S 15 20 267
C 2 219 91
C 8 328 21
S 2 12 205
S 6 12 156
C 4 77 139
C 11 93 257
S 5 8 89
C 15 320 277
S 9 17 188
C 11 130 108
S 16 17 42
C 5 226 182
S 18 20 189
S 5 16 252
C 19 308 178
C 20 43 213
S 8 15 57
S 2 12 135
C 4 140 67
C 10 273 175
C 12 311 316
S 7 14 272
C 8 92 228
51
S 8 17 49
C 17 149 162
S 3 9 297
S 13 17 77
S 5 16 275
C 18 129 71
S 4 10 103
S 10 19 243
C 12 42 293
S 15 16 117
C 15 157 293
C 13 105 245
C 20 50 208
C 18 111 264
S 2 16 291
S 3 14 23
S 2 12 23
S 8 11 97
S 1 17 71
C 19 347 217
S 3 16 277
S 1 15 48
C 14 348 111
S 1 14 247
C 18 68 11
S 4 17 194
S 11 18 110
S 8 9 77
C 5 216 306
S 5 13 241
C 6 58 101
C 17 41 22
S 6 7 60
C 17 306 255
S 2 9 290
C 5 94 56
S 15 20 270
S 13 19 168
S 1 15 65
C 2 292 303
C 4 191 42
C 10 279 177
S 5 7 13
C 18 119 88
S 2 14 37
S 5 19 209
C 2 294 236
S 9 15 36
C 18 78 17
C 7 334 17
C 18 328 53
97
C 16 241 87
S 15 17 286
S 2 18 100
C 10 237 57
S 3 9 294
C 14 313 199
C 20 77 227
C 14 133 245
C 6 6 180
C 20 132 344
S 4 15 184
S 11 20 136
S 12 16 3
S 7 17 324
C 13 329 352
S 2 20 51
S 14 18 39
S 3 16 273
C 1 104 342
S 3 11 28
C 4 197 241
S 2 3 44
S 1 19 136
S 4 18 353
C 14 42 310
S 13 16 128
C 2 120 214
C 3 170 191
C 10 304 342
C 4 35 327
S 14 19 164
C 14 210 300
S 1 7 116
C 11 306 333
S 7 14 247
C 13 23 322
S 1 14 23
S 4 18 132
S 5 18 306
C 17 72 325
S 7 16 350
S 6 10 244
S 1 15 187
S 4 5 294
C 13 142 336
C 11 163 238
C 12 59 303
C 14 5 105
C 3 106 10
S 3 20 316
S 3 9 63
C 16 27 158
S 7 8 34
C 8 265 122
C 19 177 287
C 7 148 41
S 8 19 301
C 9 109 244
S 1 8 291
C 6 14 9
C 20 240 115
C 20 176 357
S 5 20 89
C 20 59 233
S 11 20 18
S 9 17 258
C 1 235 42
C 10 143 28
C 6 210 101
C 7 165 215
C 7 332 137
S 6 12 140
S 1 2 185
S 6 13 353
C 12 297 52
C 15 323 272
C 15 316 141
S 16 19 222
S 8 17 182
C 20 128 348
S 13 14 306
C 4 168 325
C 11 256 233
C 2 67 40
S 4 20 8
C 9 146 52
C 1 14 296
S 2 8 29
S 9 10 358
S 6 11 29
S 15 16 263
S 13 16 25
S 6 18 50
99
C 11 54 318
C 11 245 162
S 14 19 12
S 7 12 89
S 1 20 11
S 5 12 293
C 11 113 95
C 6 17 274
S 12 15 165
C 11 118 87
C 15 276 308
S 9 11 130
S 6 7 303
C 14 65 253
C 19 109 271
S 8 12 92
S 18 20 267
C 17 69 138
S 9 12 211
C 1 208 45
C 16 312 102
C 2 163 359
S 5 7 291
S 2 9 48
C 7 63 144
S 1 11 163
C 13 67 18
S 2 4 46
C 8 227 99
C 1 125 285
S 4 5 150
C 18 150 97
S 9 20 139
C 3 9 132
C 19 82 320
C 10 254 332
S 6 12 26
S 5 15 204
C 3 117 24
C 9 166 330
C 20 221 246
C 11 13 65
C 1 168 78
S 10 11 54
C 10 349 261
C 5 133 104
C 15 21 273
C 4 165 225
S 13 15 352
C 16 98 135
S 11 16 117
C 1 146 128
S 6 9 147
C 2 299 299
C 10 317 17
S 7 17 223
S 3 6 281
C 10 59 351
S 4 7 89
C 2 222 291
S 4 10 150
C 16 214 343
C 9 319 87
S 1 14 176
S 10 13 266
S 7 18 14
C 19 44 273
C 1 164 111
S 2 5 131
S 3 16 39
S 1 8 124
S 5 19 131
S 1 15 134
S 14 18 347
S 10 14 293
S 1 12 355
C 4 49 12
S 8 12 213
S 9 17 268
S 4 14 181
S 4 16 2
S 1 9 263
S 4 10 249
S 6 12 214
C 10 226 316
C 11 308 6
S 12 18 118
C 15 267 64
S 14 19 119
S 3 4 331
C 1 170 32
C 18 48 70
S 4 19 20
C 5 354 258
C 15 148 180
C 13 224 186
C 19 178 201
47
S 2 17 167
C 8 128 10
C 15 206 121
S 11 17 19
C 13 103 50
C 1 235 173
S 1 5 215
S 2 9 225
S 12 17 49
C 7 212 34
S 1 5 202
S 5 14 199
S 7 19 202
S 1 15 97
C 19 88 19
C 5 124 153
S 9 12 71
S 7 15 43
C 6 240 73
C 2 170 233
C 16 95 274
S 3 5 323
S 2 3 53
C 4 0 46
S 4 13 149
S 6 15 131
C 11 355 173
C 11 71 95
S 19 20 129
C 14 198 276
C 14 353 90
C 19 115 88
S 1 3 277
C 1 118 242
C 11 242 257
S 5 17 24
C 17 102 240
S 4 12 20
S 9 19 99
S 10 15 112
C 10 10 199
C 8 10 317
S 6 20 338
S 10 11 259
C 1 32 315
C 19 110 85
S 4 19 354
17
C 5 189 158
C 18 128 12
C 10 163 181
C 17 17 110
S 7 14 260
S 2 8 349
C 12 322 245
S 8 18 265
S 1 16 194
C 6 31 170
S 12 16 158
C 1 124 301
S 13 15 177
C 18 20 322
C 12 207 257
20
S 9 10 14
S 6 18 43
C 15 239 323
S 13 17 250
S 1 20 355
S 5 18 233
C 7 1 257
S 9 18 232
S 8 19 182
C 13 277 50
S 3 16 232
S 1 7 318
C 9 124 22
C 7 359 198
C 12 101 67
C 3 187 80
S 15 16 102
C 13 159 152
S 4 6 104
91
S 5 11 0
S 10 17 229
S 8 10 333
S 3 11 122
C 8 33 61
S 14 18 123
S 13 14 99
C 12 285 135
S 1 9 190
S 4 17 58
C 11 330 112
C 4 344 106
C 6 349 283
C 1 1 265
C 6 260 204
C 12 223 284
S 9 14 280
C 13 283 32
S 1 17 197
C 5 270 12
C 7 37 28
C 6 159 132
S 2 15 220
C 13 239 248
C 9 170 115
S 10 13 257
S 12 17 149
C 4 285 129
S 4 9 291
C 7 170 31
S 3 15 196
C 17 323 227
C 6 295 312
C 2 358 182
S 6 12 293
C 10 261 129
S 3 6 102
C 12 241 262
S 2 14 181
C 19 192 35
S 15 17 344
S 4 9 252
S 13 17 194
C 17 134 182
S 3 12 208
C 19 283 248
S 1 9 74
C 12 219 160
S 4 14 84
S 1 20 242
C 3 166 277
C 19 23 353
C 14 331 19
S 7 12 2
C 18 346 109
C 9 216 310
C 16 128 304
S 1 2 199
S 3 15 64
S 15 20 119
S 10 13 239
C 3 137 218
S 7 8 159
C 20 18 51
C 15 68 295
C 9 55 135
C 6 128 161
S 15 19 283
C 10 140 25
C 14 164 211
S 2 6 103
S 15 16 172
S 5 18 109
C 9 71 76
C 1 109 280
C 15 298 114
C 16 265 319
C 13 254 212
C 20 284 166
C 13 156 124
C 17 198 186
C 4 243 287
C 7 171 166
S 2 9 255
C 13 145 98
S 1 13 150
S 2 19 76
S 10 15 334
3
C 6 170 80
C 20 24 354
S 1 7 145
50
C 17 103 1
C 19 96 318
C 9 244 12
S 2 5 189
S 10 18 143
S 2 15 136
C 4 208 53
S 8 18 162
C 13 306 299
C 6 195 307
C 3 330 140
C 18 248 244
S 12 19 52
C 3 217 219
C 1 219 56
S 5 15 218
C 15 24 192
C 15 350 112
S 8 18 204
C 9 280 141
C 9 303 180
C 18 89 310
S 4 6 240
C 9 341 285
S 14 20 120
S 15 17 307
C 15 37 44
S 2 3 136
C 20 345 210
S 4 15 163
C 14 342 67
S 9 10 106
S 2 9 14
C 9 171 190
S 13 20 205
S 4 7 23
S 15 17 140
C 7 51 157
S 13 16 115
C 1 150 329
C 7 131 210
C 7 258 123
C 14 88 42
S 3 8 164
C 16 58 340
C 4 254 272
S 8 18 186
S 7 16 0
29
S 2 20 229
S 11 12 95
S 5 7 104
S 1 15 329
S 8 15 239
S 7 14 184
S 5 18 333
C 9 272 312
C 3 0 240
S 9 18 97
S 10 11 210
C 15 261 136
S 2 3 349
S 5 12 61
S 10 11 261
C 7 110 34
C 2 129 160
C 3 219 198
C 14 168 238
C 13 36 24
S 9 12 262
S 6 12 82
C 8 215 87
S 11 16 86
C 10 88 288
C 13 252 211
C 17 320 48
S 16 19 129
80
S 10 20 134
S 1 4 349
C 18 48 238
S 9 10 263
C 17 131 215
S 6 10 202
S 6 7 184
C 18 277 287
S 12 20 72
S 6 9 117
S 4 11 42
S 1 12 256
S 9 20 241
S 8 13 304
S 6 16 352
C 14 269 102
C 9 73 33
S 9 15 25
C 9 40 221
C 7 116 58
S 5 16 86
C 12 252 225
C 13 261 214
S 5 8 246
S 3 4 236
C 5 184 352
S 4 15 235
C 6 259 175
C 4 75 57
C 12 0 239
C 4 308 268
C 7 318 335
S 6 13 80
S 12 17 201
S 12 16 98
C 2 58 223
C 12 50 49
C 7 192 7
C 18 62 119
S 3 6 80
S 2 12 119
C 17 31 21
C 16 339 21
S 10 15 247
C 19 97 140
S 2 6 173
S 7 11 177
S 2 10 181
C 3 56 128
C 17 347 261
S 15 19 34
C 17 106 347
C 1 173 323
S 5 8 301
S 3 6 297
C 12 51 168
S 6 10 68
C 19 111 295
C 13 3 207
C 6 303 3
C 16 230 112
S 12 16 262
S 10 19 130
C 18 231 355
C 10 111 143
S 11 13 342
S 3 10 37
S 6 11 343
S 10 20 226
S 7 10 40
S 16 19 69
C 4 195 39
C 8 268 51
S 4 7 269
S 4 6 327
C 14 285 265
C 11 238 1
C 12 215 114
S 11 12 115
43
C 2 208 14
S 4 19 304
C 15 145 325
S 2 5 16
C 11 233 69
C 3 28 79
S 10 18 221
S 2 15 43
S 7 15 237
S 4 20 110
S 17 18 266
S 7 10 351
C 17 189 293
C 18 296 175
S 7 14 126
S 1 5 107
C 19 253 146
C 8 348 48
S 16 18 165
C 9 301 10
S 15 18 109
C 12 324 113
C 15 146 85
S 1 8 327
S 5 19 223
C 14 239 7
C 12 336 23
C 6 317 277
S 8 15 168
C 5 350 317
C 15 267 85
C 13 326 339
S 4 19 88
C 19 30 93
S 7 19 155
S 7 20 32
S 15 18 261
C 9 44 42
C 12 47 333
C 16 319 20
S 14 15 41
84
C 4 154 204
S 13 14 84
C 18 313 9
S 3 11 284
S 9 10 126
S 13 18 84
S 8 13 327
S 11 14 120
S 2 19 232
C 10 131 103
C 2 188 102
C 19 93 9
C 3 0 149
S 3 6 208
C 20 309 96
S 1 7 46
C 11 261 101
S 9 18 334
C 18 129 319
C 8 151 309
C 17 123 178
S 2 11 104
C 13 278 246
S 15 16 239
S 6 20 168
C 7 341 183
C 17 290 7
S 3 14 80
C 11 85 274
C 4 46 57
C 5 327 172
S 17 18 245
S 6 17 315
S 6 20 276
C 11 77 230
S 2 16 178
C 12 335 139
S 11 14 138
C 6 183 200
C 17 156 296
S 2 4 128
C 18 149 119
C 2 240 104
S 6 10 287
S 8 9 90
C 20 185 112
C 13 174 23
S 9 19 295
C 5 184 112
S 7 15 314
C 8 121 311
C 13 322 279
C 19 9 171
C 2 189 309
C 17 97 262
S 4 13 317
S 3 14 125
C 13 50 203
C 6 186 277
C 11 233 137
S 2 8 82
S 2 4 29
C 12 184 339
S 9 11 186
C 1 252 105
S 17 20 40
S 17 20 321
C 1 254 129
C 13 312 310
C 7 94 68
S 11 20 152
C 15 241 219
C 18 47 28
C 17 53 342
C 1 79 59
S 19 20 96
S 14 17 135
C 19 341 138
C 7 323 281
S 10 19 127
49
C 8 234 134
S 15 20 349
C 17 299 139
S 8 15 345
C 20 301 200
C 4 38 234
C 6 88 221
S 5 18 32
S 2 18 273
C 11 138 94
C 20 104 277
S 13 15 118
C 16 125 349
C 8 191 110
C 12 111 44
C 11 196 347
S 2 18 137
C 9 342 185
S 1 20 183
S 3 10 111
C 3 85 180
C 19 8 253
C 4 16 162
C 17 309 296
S 6 7 138
S 6 16 64
S 2 9 50
S 1 7 289
C 13 182 154
C 18 311 66
S 1 3 82
S 7 9 170
S 1 5 154
S 12 19 170
S 4 12 126
S 3 14 7
C 19 154 69
S 2 7 271
C 6 28 43
S 1 5 333
S 1 2 58
C 15 288 141
C 9 59 264
S 6 19 1
S 8 20 259
C 13 243 200
C 1 289 327
C 13 189 169
26
S 5 13 95
S 10 18 349
C 6 34 44
C 13 265 91
C 18 172 233
S 3 13 278
C 1 330 255
S 4 12 90
S 7 19 46
C 3 105 228
C 11 7 149
S 10 17 301
S 10 17 325
S 16 20 287
C 4 4 250
S 5 16 313
C 20 289 46
S 5 13 352
C 12 176 95
C 2 256 67
S 3 19 355
C 13 11 209
C 18 276 206
S 5 17 36
C 5 234 49
C 20 166 203
75
C 17 111 307
C 11 232 120
S 17 19 162
C 13 21 308
C 8 314 167
S 2 12 253
C 9 212 84
S 7 12 117
C 20 352 98
S 9 19 232
S 1 8 139
C 20 277 89
S 17 20 289
C 18 19 180
C 19 11 6
C 16 310 172
S 6 20 240
S 1 10 322
S 3 17 321
C 5 26 56
S 5 8 49
S 9 14 160
S 1 12 24
S 1 18 161
C 15 273 23
C 12 124 337
S 2 11 100
S 10 11 298
S 12 19 345
C 13 322 336
C 15 57 88
C 14 102 337
C 19 150 176
C 9 207 250
C 7 17 220
C 3 137 54
S 3 12 242
C 16 128 264
S 3 4 170
C 6 197 204
S 8 9 46
S 10 15 323
S 6 19 159
S 4 9 145
S 7 20 11
C 8 140 306
C 7 61 205
S 11 13 155
S 2 6 353
S 10 11 324
C 7 109 46
C 14 346 296
C 10 123 99
C 13 330 96
C 12 70 341
C 3 128 72
C 10 61 182
C 6 12 295
C 4 119 80
S 2 5 3
C 2 34 138
C 12 188 233
C 1 295 221
S 4 15 271
S 11 18 230
S 18 19 103
S 5 16 315
C 17 111 202
C 3 204 321
C 11 111 42
S 10 14 142
S 3 5 356
C 7 75 169
44
C 3 111 116
C 10 209 130
C 7 182 161
S 6 11 214
S 6 14 262
S 5 9 118
C 3 33 130
C 17 209 27
C 5 91 256
S 5 20 210
C 14 72 227
S 2 18 138
C 3 208 334
S 13 15 174
C 2 206 348
S 2 10 18
C 7 78 85
S 1 7 281
S 10 14 296
C 17 171 247
S 12 20 88
S 1 3 173
C 4 246 62
S 9 10 213
S 1 18 137
C 3 244 14
C 10 140 227
C 20 35 91
S 4 10 301
S 2 17 216
C 6 40 109
C 7 320 178
C 4 276 78
S 2 5 28
C 15 169 81
C 15 278 220
S 1 16 279
S 10 17 251
S 16 17 90
C 9 175 50
S 10 19 233
S 4 14 97
S 7 10 32
S 6 20 107
18
C 19 235 40
S 3 13 155
S 11 14 338
S 2 20 248
C 9 4 127
C 6 162 90
S 15 18 334
S 2 12 309
S 9 14 80
C 10 174 104
C 1 275 118
S 1 10 211
S 2 12 137
C 9 189 220
S 14 15 80
C 20 17 254
C 5 177 26
S 2 16 106
12
S 8 17 114
S 9 17 8
S 6 20 329
S 9 14 306
C 9 271 318
S 2 13 166
C 2 88 348
C 6 88 344
S 1 15 258
C 18 206 329
S 2 4 43
S 13 16 24
23
C 19 142 311
C 5 43 324
C 8 80 50
C 17 173 233
C 16 306 135
C 9 18 76
S 2 15 179
S 8 19 299
S 8 14 145
C 7 239 57
S 15 18 90
S 4 9 226
S 2 12 348
S 8 15 128
S 9 14 138
C 1 270 109
S 10 12 224
S 9 17 306
S 17 20 125
S 16 18 261
C 19 344 100
S 4 15 119
S 6 17 288
30
S 8 17 337
C 18 310 270
S 2 11 53
C 14 200 134
C 13 70 157
S 16 19 297
C 3 155 24
S 14 20 173
S 13 17 220
S 1 14 60
S 9 17 174
S 10 15 304
C 19 246 261
S 9 13 171
S 6 20 328
C 5 119 3
S 15 19 76
S 7 20 341
S 11 17 358
S 2 14 62
C 9 214 279
C 3 181 295
S 2 13 295
S 8 13 345
C 10 103 146
C 7 310 277
S 6 10 315
S 10 13 119
C 3 164 341
S 10 18 176
43
S 7 19 359
C 3 297 231
C 16 344 15
S 5 8 286
C 16 139 144
C 11 27 177
C 11 306 347
C 16 165 291
C 2 185 213
C 11 279 26
C 7 248 257
C 5 310 115
C 11 145 4
C 9 6 302
S 9 14 95
S 9 14 133
C 4 176 221
C 13 121 58
C 16 239 106
S 11 19 261
C 18 296 263
C 16 137 260
S 13 18 101
C 11 346 54
S 2 4 251
C 3 286 272
S 1 4 344
S 11 18 265
C 19 192 241
C 18 359 219
C 3 260 309
C 7 181 277
S 2 13 61
C 11 56 307
S 12 15 258
C 10 324 27
S 2 19 329
C 11 254 120
C 9 316 316
C 14 235 352
C 2 175 187
S 6 8 69
S 13 18 31
91
C 5 214 144
C 10 73 84
C 16 241 137
C 20 126 40
C 17 51 200
S 12 18 321
C 4 100 2
S 3 15 25
C 15 131 22
S 1 6 271
S 6 14 342
C 14 42 141
S 5 15 38
C 8 160 172
C 2 104 9
C 15 168 49
S 12 15 201
C 19 94 258
S 1 12 28
C 18 64 222
C 2 237 109
C 14 143 239
S 4 8 113
C 5 67 291
C 12 240 14
S 8 16 99
C 16 7 125
C 6 49 326
S 15 19 213
C 13 318 349
C 16 266 48
C 7 28 23
C 16 31 229
S 5 10 118
C 1 335 16
S 16 19 299
C 4 43 40
S 13 15 326
S 1 2 65
C 16 261 167
S 1 9 189
S 4 14 344
S 13 14 336
S 15 16 194
C 15 17 333
C 20 65 64
S 1 19 273
C 1 227 355
S 5 12 285
C 17 0 184
C 9 199 34
C 17 299 8
S 2 8 153
S 1 7 339
S 7 14 302
C 6 309 143
C 20 237 219
C 13 207 348
S 1 2 230
S 8 11 214
S 3 5 84
S 5 20 227
S 6 8 210
S 6 12 224
C 14 291 146
C 3 194 54
S 12 19 208
C 1 212 329
C 5 331 259
S 9 14 18
C 18 272 332
C 5 103 93
S 8 17 16
C 9 276 49
S 6 7 104
C 1 272 118
S 3 11 32
C 4 20 114
S 2 12 275
C 3 44 268
S 4 19 60
C 16 317 227
S 12 17 185
C 13 312 226
S 8 9 337
S 9 14 124
C 20 140 38
S 3 18 292
95
S 5 9 169
C 16 236 80
C 13 139 280
S 3 11 123
S 13 17 315
C 16 269 357
C 12 102 59
S 7 13 320
C 7 357 257
C 3 72 287
S 15 18 279
C 3 219 330
S 13 16 348
C 18 214 32
C 2 243 271
C 17 51 249
C 12 328 249
S 1 10 46
S 6 18 244
C 3 90 336
S 5 11 69
C 2 311 18
S 19 20 335
C 13 324 313
C 10 256 221
S 9 15 246
S 12 16 64
C 2 275 197
S 11 12 54
S 1 14 246
S 8 13 345
S 1 4 251
C 12 243 35
C 2 16 251
C 4 300 290
C 19 150 140
S 4 13 203
S 3 15 273
S 9 17 166
S 14 19 24
C 15 31 171
S 10 17 21
S 1 2 260
S 18 19 141
C 18 212 278
S 16 19 20
C 16 119 97
C 8 355 144
C 13 338 296
S 3 12 180
S 10 20 71
C 8 245 356
C 12 127 32
S 4 8 50
C 10 320 111
S 6 9 132
C 4 126 236
S 8 11 82
S 3 12 87
S 5 14 329
C 8 231 39
S 2 17 236
S 4 18 270
S 17 19 257
S 5 11 168
C 6 323 43
S 5 17 148
S 5 7 312
S 6 13 88
C 19 49 106
S 14 19 93
C 11 333 98
S 5 7 120
C 4 84 164
C 11 33 192
C 18 215 46
S 14 16 277
C 13 200 344
C 17 222 319
C 2 232 86
C 12 185 288
C 4 10 242
C 1 37 101
S 7 14 20
C 4 258 163
S 18 19 301
C 12 172 258
S 7 12 190
C 5 150 205
S 10 19 290
C 12 221 34
35
S 1 12 283
C 7 302 176
C 7 104 256
C 12 62 226
S 9 18 159
C 12 327 167
S 1 12 193
S 5 13 327
C 11 227 272
C 17 97 30
C 1 127 73
S 17 19 279
S 3 12 143
S 1 11 218
S 4 9 86
S 16 17 234
S 6 11 353
S 3 8 352
C 7 238 61
C 15 4 270
C 3 109 218
C 8 163 142
S 1 18 335
C 13 298 6
C 12 119 249
C 19 213 125
S 5 17 80
S 3 14 166
S 6 7 75
S 2 10 158
S 8 12 200
S 3 4 179
S 3 5 12
C 11 113 124
S 18 20 8
3
C 1 210 25
C 3 330 153
C 10 351 120
95
C 11 282 6
C 10 84 131
S 2 3 342
C 12 70 153
C 2 16 153
C 16 120 316
S 3 10 49
C 5 359 227
S 4 17 49
S 2 6 157
S 14 17 352
S 4 19 299
C 17 5 349
C 12 160 308
S 10 14 82
C 17 171 130
S 10 12 215
S 8 15 49
C 8 164 17
C 9 187 219
S 9 12 169
C 17 354 279
C 20 143 311
C 16 58 202
S 15 19 116
S 1 11 91
C 18 42 144
C 6 339 159
C 14 84 81
S 7 15 37
S 9 18 167
C 13 238 311
S 11 12 142
S 2 10 225
C 13 153 40
S 17 20 249
C 13 169 147
S 5 11 323
C 11 47 258
S 1 6 187
C 8 323 344
C 4 107 227
C 9 350 97
S 4 15 233
S 4 5 301
S 2 18 341
C 5 128 9
S 8 11 179
C 6 315 147
C 16 274 336
C 4 131 344
S 10 13 349
C 20 53 144
S 2 6 254
C 11 222 252
S 5 19 67
C 9 188 244
S 15 18 304
S 12 15 125
S 1 4 106
C 17 172 290
S 15 20 175
C 5 51 316
S 2 17 183
C 6 6 118
C 8 7 263
C 5 333 251
C 2 195 271
S 2 4 342
S 15 18 116
C 15 198 51
C 17 144 180
C 10 338 333
C 6 222 95
S 13 14 277
C 12 346 43
C 18 156 268
S 15 19 103
C 7 179 1
S 8 15 182
C 4 358 207
S 10 20 9
C 16 226 50
C 13 9 146
S 7 10 72
S 17 19 98
S 5 13 214
S 6 15 321
S 14 19 357
C 6 155 2
C 9 231 112
C 17 190 226
C 9 76 305
C 7 335 175
C 20 279 131
98
S 4 11 289
S 9 18 191
C 12 216 225
S 12 16 266
C 11 126 270
C 20 163 245
S 4 10 348
C 6 118 228
C 14 149 300
C 15 55 94
S 2 5 170
C 11 255 311
S 4 19 74
S 2 12 137
C 14 185 239
S 7 17 89
C 1 250 340
S 5 11 240
C 4 157 166
C 11 151 308
S 2 7 103
C 3 265 351
S 4 9 208
S 2 5 185
C 7 279 305
S 13 20 95
S 11 14 247
C 6 59 227
S 12 20 198
C 3 197 119
S 3 7 100
S 5 13 12
S 5 8 79
S 1 6 41
S 15 18 258
S 10 18 223
C 18 200 196
C 2 287 278
C 18 207 26
C 4 228 84
C 19 37 84
C 2 50 292
S 1 11 197
C 11 284 308
S 2 15 106
C 9 3 259
C 14 126 358
S 7 10 286
S 4 6 2
C 10 269 80
C 18 20 163
S 3 12 108
S 6 18 200
S 2 8 357
S 6 19 258
S 1 10 34
C 7 326 47
C 12 302 330
C 18 235 342
C 20 228 106
S 5 15 19
S 3 14 341
S 16 18 311
C 9 228 178
C 19 210 245
C 10 328 326
C 15 104 105
C 20 174 204
S 11 14 275
S 12 18 47
S 11 14 43
S 1 16 99
C 10 205 74
S 12 14 242
S 13 17 282
S 14 20 121
C 19 103 294
S 2 15 0
C 14 157 256
C 7 35 82
S 9 11 76
C 5 102 262
C 11 286 260
S 5 18 157
C 15 20 310
C 13 340 82
C 3 52 107
C 5 102 13
S 1 8 55
S 4 8 226
S 17 19 318
S 2 19 97
S 5 17 152
C 14 227 197
C 11 184 289
C 19 353 30
C 18 208 201
S 17 20 225
80
S 4 8 75
C 16 150 114
S 14 20 302
S 7 10 134
S 5 17 267
S 6 11 268
C 11 15 232
C 1 144 348
S 10 12 109
C 1 325 114
C 20 209 68
S 4 18 243
C 4 80 163
C 16 27 256
S 8 16 308
C 9 53 185
C 19 271 55
S 16 18 160
S 4 14 323
S 7 16 100
S 5 20 240
S 3 7 100
C 16 39 268
C 12 4 148
C 14 235 93
S 11 12 243
S 4 12 125
C 19 62 218
S 3 16 181
S 17 18 83
S 7 12 89
S 2 13 346
C 5 338 184
C 6 131 46
C 9 207 273
S 9 16 226
S 2 14 88
S 5 19 156
C 3 129 300
C 5 83 319
S 11 15 282
S 5 14 244
S 5 13 256
S 5 12 74
C 9 347 57
C 9 189 35
C 11 327 179
S 5 19 128
S 8 16 233
C 5 35 312
C 11 308 182
S 6 18 126
S 3 17 66
S 4 20 104
S 5 7 215
S 12 14 272
S 11 12 5
C 8 264 27
C 3 340 192
S 4 8 145
C 9 346 249
C 4 113 24
C 6 212 286
S 13 17 64
C 4 162 175
C 7 75 166
S 7 17 33
S 14 15 201
C 3 244 112
C 13 280 86
C 5 293 339
S 13 16 303
C 1 307 354
C 19 310 265
C 8 34 236
C 15 282 72
S 12 20 94
C 12 83 196
C 13 296 40
30
C 2 327 8
C 8 12 185
S 4 18 167
S 5 17 261
C 16 107 55
C 4 353 308
C 13 239 299
C 15 142 93
S 12 16 217
S 2 6 63
C 17 356 8
C 8 172 238
C 13 60 58
S 2 11 165
S 10 16 91
C 3 257 289
S 1 3 309
S 1 18 178
C 3 176 124
C 4 318 11
S 7 17 166
S 19 20 359
C 15 351 329
C 14 345 329
S 7 19 149
C 10 90 257
S 2 20 294
C 5 46 47
37
C 11 181 289
S 6 10 296
C 11 83 176
C 7 282 203
C 17 191 161
S 4 6 189
C 14 225 140
S 2 15 82
S 3 6 141
S 1 11 315
C 1 294 297
S 9 16 301
S 6 15 57
S 15 18 55
C 14 45 316
S 6 14 196
S 12 15 109
S 3 10 239
C 18 66 129
S 2 12 268
S 7 14 339
S 5 12 75
S 3 4 27
C 11 349 218
C 13 193 171
C 18 84 44
S 1 6 221
C 18 191 85
C 14 106 319
C 14 199 129
C 15 331 342
C 10 90 215
S 16 19 197
S 12 13 173
S 10 14 4
C 15 36 300
C 13 158 258
98
C 6 155 132
S 13 19 214
S 4 6 296
S 10 13 328
C 15 109 87
C 4 147 325
S 14 19 264
C 6 22 216
S 4 13 12
C 15 79 11
C 7 134 258
S 6 15 230
C 19 281 181
C 3 226 143
C 8 66 83
C 8 100 141
C 7 308 346
C 18 53 101
C 1 169 216
S 5 19 323
S 9 10 27
C 18 334 269
S 5 8 312
C 5 243 151
S 5 12 124
C 1 229 152
S 2 15 8
S 5 8 96
C 10 167 136
C 18 81 179
S 10 16 226
C 12 255 257
C 6 49 347
C 1 71 337
S 9 20 299
C 7 313 230
C 11 4 135
S 9 18 43
C 17 307 64
S 3 12 256
S 11 19 283
C 12 266 217
S 5 8 159
C 20 183 132
C 12 249 301
C 16 103 265
C 11 263 86
S 11 12 106
S 14 20 90
C 7 159 302
C 19 157 28
C 9 155 341
S 13 18 220
S 16 18 242
S 3 11 265
C 17 197 242
C 9 152 358
S 8 20 17
C 4 38 114
C 18 243 177
C 16 287 218
S 15 16 125
S 8 10 152
S 5 6 176
S 9 11 19
C 13 356 230
S 1 2 100
C 7 133 305
S 3 19 131
S 3 17 194
C 4 130 242
S 5 12 66
C 5 336 358
C 12 359 336
C 9 97 34
S 13 17 68
C 1 341 53
S 12 17 39
C 16 232 326
S 14 17 128
S 2 6 144
C 16 141 165
S 2 17 56
C 13 266 56
C 9 343 232
S 5 20 36
C 14 304 129
S 6 10 0
S 2 14 104
C 5 249 278
S 7 12 184
S 6 14 80
C 7 82 201
S 10 11 9
88
S 1 13 285
S 4 15 176
S 6 15 264
S 3 8 226
C 10 178 290
C 17 175 158
C 6 181 2
S 3 20 155
C 10 63 235
C 1 219 242
S 10 14 190
S 11 16 95
S 5 15 185
C 11 124 61
S 8 17 98
C 13 225 66
C 15 289 95
C 8 219 149
C 10 263 159
S 8 14 85
C 11 197 352
S 4 13 152
S 1 12 330
C 11 11 82
S 11 14 275
C 15 94 175
S 11 17 272
C 12 326 110
C 1 61 111
C 14 141 300
S 9 20 114
S 5 20 246
S 10 12 319
C 9 195 176
S 5 6 217
C 18 337 68
C 4 133 210
C 1 148 90
S 1 13 274
C 5 267 256
C 8 304 181
C 6 147 278
S 6 18 264
S 12 16 76
C 12 240 276
S 16 20 180
C 1 60 109
S 1 14 48
S 2 13 167
S 4 12 11
S 4 11 110
S 16 19 46
C 19 91 246
S 13 14 135
S 2 4 233
S 11 15 105
C 11 8 7
C 5 168 187
S 6 16 17
C 16 9 359
C 8 239 153
S 13 14 139
C 4 194 187
C 4 121 273
C 8 335 259
S 4 5 67
S 6 11 212
C 15 36 320
S 4 18 274
C 1 5 93
C 7 157 32
C 13 200 231
C 5 303 87
S 16 20 126
S 3 5 128
S 4 16 211
S 16 18 250
S 9 19 251
C 16 169 262
C 7 224 40
C 1 22 104
S 5 14 59
C 10 356 163
C 3 62 239
S 9 14 349
S 3 15 41
C 1 293 306
12
S 1 3 56
S 5 20 65
C 11 283 329
S 1 9 110
C 20 89 18
S 15 18 92
S 3 13 169
C 1 112 87
C 10 242 55
C 17 335 352
C 20 75 276
C 4 293 36
24
C 13 63 197
C 16 336 39
S 10 16 0
S 4 17 85
C 6 141 68
C 14 107 172
S 5 12 57
C 19 272 106
C 8 136 114
C 10 285 97
S 11 16 258
C 11 304 228
C 20 283 51
C 16 309 24
C 20 210 219
C 2 285 307
C 5 94 127
C 2 305 190
S 7 12 328
C 15 294 273
C 13 0 206
S 2 6 26
C 19 24 203
C 5 237 51
44
C 13 25 194
S 2 20 311
C 7 35 27
S 14 15 35
C 12 286 190
C 18 296 348
C 16 302 141
C 6 351 227
C 11 200 271
C 14 313 216
C 19 187 351
C 8 35 319
C 13 51 46
C 12 1 17
S 2 8 0
S 6 9 173
S 5 7 292
S 7 18 161
S 12 19 296
S 16 19 190
S 7 14 108
C 13 304 236
S 7 8 185
S 15 18 168
S 3 4 164
C 7 265 104
S 4 8 312
C 9 353 98
C 9 196 144
S 1 15 208
C 1 58 282
C 10 2 304
S 1 4 47
C 16 46 242
S 1 17 248
S 5 19 318
C 12 59 59
S 4 10 187
S 8 11 24
C 10 290 128
S 12 20 324
S 6 10 254
C 1 122 0
C 17 101 94
77
C 10 35 171
S 7 10 322
C 14 49 121
C 15 6 260
S 8 10 317
C 15 84 183
S 3 18 6
C 1 85 301
C 6 343 251
S 4 14 1
C 8 78 280
C 3 151 153
C 18 55 167
C 15 8 205
C 5 158 245
S 2 12 254
C 8 263 103
S 12 15 315
C 11 167 133
C 6 222 62
S 8 11 336
C 5 0 168
S 16 17 54
S 8 9 208
C 9 29 300
S 12 14 330
C 2 183 12
C 11 321 1
C 3 315 151
C 6 121 329
C 1 305 110
S 5 10 47
S 11 19 318
C 12 283 129
S 7 8 238
S 12 17 283
C 9 168 326
S 10 16 307
S 12 18 15
C 19 11 276
C 12 322 224
C 12 131 246
C 19 270 86
C 5 236 305
C 2 277 105
C 12 317 32
C 20 18 339
S 2 16 309
S 13 18 79
S 8 20 280
S 5 7 126
C 11 90 245
C 19 10 111
C 11 197 298
C 2 244 306
S 15 18 95
S 7 16 48
C 18 89 78
C 13 207 322
C 17 137 353
S 11 19 145
C 17 16 183
S 17 19 291
S 10 13 11
C 17 179 109
S 2 15 236
C 4 353 140
C 8 129 206
S 12 17 58
C 17 47 191
S 2 19 309
C 18 142 117
S 4 11 293
S 8 15 325
S 4 5 222
S 3 16 197
20
C 12 96 111
S 13 17 262
C 5 15 335
S 4 8 273
C 13 349 238
S 6 9 193
C 17 281 26
C 1 292 9
S 7 17 4
S 6 7 140
S 1 19 266
S 2 15 269
C 20 5 335
C 15 130 148
S 5 13 105
S 16 18 82
C 2 118 253
S 8 10 299
C 10 242 345
C 19 106 18
64
S 12 20 237
S 6 15 250
C 2 164 351
S 4 15 344
S 3 4 94
C 1 123 260
C 7 300 98
C 13 298 319
C 10 20 70
S 16 20 350
C 15 121 249
S 18 20 90
C 20 119 325
C 19 250 56
S 8 12 41
S 8 14 123
S 10 13 312
S 3 13 13
C 15 64 59
C 11 32 301
C 4 104 194
S 8 12 278
C 20 172 336
C 12 241 288
S 4 15 240
C 7 353 130
S 7 10 350
C 4 126 235
S 2 10 53
C 10 46 215
S 9 10 336
C 10 183 298
S 5 18 104
C 9 214 172
S 8 15 112
C 9 172 222
C 5 276 79
S 17 19 9
C 1 283 96
C 9 166 230
S 6 20 112
S 1 6 59
S 4 7 179
C 11 247 121
S 8 20 327
S 15 17 179
C 17 310 110
C 13 237 269
S 1 17 178
S 16 20 259
S 7 20 269
S 5 15 358
C 4 248 269
C 13 235 80
S 10 16 337
S 1 19 118
S 1 11 52
C 6 62 330
S 5 15 26
C 5 311 108
C 4 99 159
S 5 7 291
S 11 16 56
20
C 18 186 100
S 9 18 214
C 16 51 232
C 13 220 191
S 4 16 215
S 10 17 259
S 12 15 267
C 7 260 87
S 3 17 49
S 1 13 304
S 4 12 97
S 12 18 336
C 1 218 155
C 11 250 135
C 8 279 227
C 14 132 80
C 17 41 241
C 6 12 246
C 3 70 90
32
C 8 260 317
S 2 15 156
C 8 287 226
C 12 198 212
S 13 19 39
C 14 172 237
S 11 15 136
C 17 266 174
C 8 154 293
C 19 47 2
C 16 160 290
C 11 34 166
C 15 215 160
S 1 17 55
C 17 10 39
C 7 103 210
S 9 16 106
C 8 76 138
S 7 12 35
S 1 17 135
C 18 161 58
C 10 308 272
S 5 10 296
S 4 19 116
C 4 119 233
C 11 209 60
S 14 17 21
S 9 17 187
S 11 12 76
S 5 12 227
S 15 16 294
S 1 7 58
12
S 10 12 36
C 3 192 115
S 3 12 266
S 8 15 127
C 10 294 289
C 16 213 34
S 5 10 231
S 6 13 49
C 4 100 201
S 15 20 60
S 7 10 31
C 9 3 149
3
S 7 12 120
S 7 16 208
C 18 167 305
67
C 2 59 116
C 17 346 72
S 8 19 72
C 17 280 270
S 15 20 266
C 6 307 147
C 16 25 177
C 20 33 337
C 16 260 54
S 7 9 180
C 8 100 2
S 1 14 50
S 2 12 187
C 13 319 54
C 16 163 359
S 10 16 81
C 7 175 7
S 14 15 29
C 9 355 296
S 2 7 189
S 9 16 330
S 2 3 242
C 13 329 200
S 2 12 233
C 11 102 242
S 11 12 198
C 5 63 311
S 6 19 42
S 2 6 163
C 8 42 235
S 7 9 318
S 9 10 296
C 11 102 32
S 1 20 12
S 8 9 293
S 1 8 46
C 12 267 333
S 2 11 327
S 15 18 57
S 17 19 10
C 5 310 38
C 12 77 145
C 14 228 209
S 2 7 319
C 17 176 172
C 20 151 24
C 15 65 157
C 6 108 238
S 3 16 24
C 16 302 28
S 1 9 97
C 11 83 220
C 19 222 68
S 3 17 6
S 3 18 110
C 13 110 127
S 5 12 175
S 6 12 348
S 5 18 55
S 2 15 239
C 1 41 111
C 19 313 306
S 4 10 96
C 7 1 65
44
C 4 50 105
S 1 10 33
C 7 299 58
C 11 57 324
C 12 311 222
S 3 16 231
S 5 20 72
S 9 18 210
S 1 20 346
C 15 98 321
C 10 329 134
C 19 324 157
C 14 176 31
C 2 129 235
S 10 18 38
C 6 259 274
C 12 133 84
S 10 17 157
S 3 17 152
C 20 169 35
S 9 16 92
S 10 17 259
C 17 103 4
S 15 19 21
C 16 100 74
C 13 343 77
C 19 88 132
S 6 18 77
C 7 142 273
S 1 20 351
C 10 308 210
S 14 18 359
C 11 250 319
S 1 16 236
S 6 16 6
S 4 19 191
C 11 106 37
S 1 8 330
S 10 19 154
S 4 19 5
S 2 3 102
C 11 40 308
C 7 153 330
S 2 18 290
63
S 14 19 44
C 1 359 168
C 5 305 249
C 2 141 182
S 7 20 332
C 4 29 307
C 6 106 195
S 2 4 6
S 8 13 347
C 4 184 265
S 5 7 62
C 12 42 114
S 7 8 95
S 8 10 67
S 1 18 195
C 12 29 51
C 7 260 122
C 3 275 35
S 9 20 327
C 16 344 179
C 6 264 167
S 10 11 49
S 8 10 25
C 7 293 182
C 9 120 13
C 12 253 199
C 2 88 297
C 9 240 222
S 4 9 276
C 17 163 163
C 7 35 117
S 2 11 243
S 11 19 209
S 9 14 152
S 14 16 170
S 8 19 303
S 11 18 155
C 15 150 188
S 11 16 19
S 3 19 252
S 10 19 120
C 9 133 304
C 12 58 122
S 8 18 285
C 6 10 9
C 11 55 252
S 13 15 26
C 13 253 198
C 5 114 134
S 3 4 282
C 20 7 46
C 18 108 16
S 1 9 202
S 11 12 66
C 4 135 216
S 8 10 292
S 9 16 104
C 14 259 268
C 5 331 73
S 3 16 9
58
S 16 18 89
C 1 259 245
S 6 10 86
S 2 19 164
S 1 13 230
S 5 11 173
S 15 16 173
S 1 9 82
C 12 13 195
S 6 18 51
C 12 270 10
S 6 20 144
S 4 8 270
C 6 13 351
C 15 118 29
S 5 8 346
S 1 18 358
C 4 236 68
C 5 281 112
C 5 20 194
C 17 131 78
C 11 305 14
S 17 18 272
S 12 17 34
C 10 112 271
S 10 15 204
S 3 20 71
S 6 14 134
S 11 20 134
C 4 357 70
C 19 221 331
S 3 11 192
S 3 15 346
S 12 19 208
C 8 317 74
S 15 16 252
S 1 5 209
C 4 182 248
C 2 184 352
C 13 235 151
S 13 17 352
C 8 224 158
C 20 49 3
C 6 223 161
S 14 19 279
S 4 12 228
S 13 15 86
S 5 9 65
C 19 210 328
C 12 126 307
C 3 269 309
S 9 16 69
S 14 17 137
C 6 48 240
C 5 53 7
C 1 114 134
S 8 18 225
C 8 170 162
94
C 6 184 204
S 2 16 43
S 4 9 36
S 13 19 181
S 11 14 158
C 5 301 43
S 8 11 103
S 2 19 246
S 4 5 17
S 6 16 151
C 8 103 29
C 10 320 163
S 14 20 139
C 7 40 99
C 14 287 253
C 11 177 37
S 5 19 149
C 15 178 93
C 6 182 54
S 6 8 119
S 13 18 338
C 4 21 229
S 2 9 235
S 2 4 187
S 1 14 322
C 17 229 95
S 1 5 152
C 8 291 292
C 15 47 299
S 8 10 155
S 10 13 63
S 4 8 206
C 14 11 152
S 4 13 223
S 9 20 263
C 5 324 121
C 14 174 164
S 4 11 44
C 16 52 213
S 16 20 136
S 8 12 290
C 4 148 356
C 8 325 7
C 13 315 55
S 10 17 80
S 7 14 6
S 17 20 171
C 19 191 199
C 10 327 29
S 5 16 134
S 2 11 186
S 4 15 275
S 1 10 193
S 6 10 230
S 2 11 321
S 16 19 127
C 19 22 335
C 9 291 289
C 16 40 153
S 2 13 208
S 5 14 147
C 9 74 112
S 1 15 65
C 9 225 358
C 10 148 145
S 5 19 216
S 5 14 3
C 12 244 28
S 15 17 112
C 2 39 119
S 10 20 235
S 3 12 44
C 12 46 275
C 8 25 74
C 3 62 36
C 10 72 92
C 4 138 258
S 10 13 17
S 4 8 305
S 6 10 251
S 3 9 164
S 1 9 189
S 7 11 230
S 6 19 192
C 3 49 40
C 5 206 162
S 1 18 89
C 6 107 1
S 5 10 152
C 19 259 272
S 2 12 6
S 4 9 302
14
C 7 242 120
S 11 19 0
S 4 12 109
C 9 58 25
C 14 345 231
C 12 324 28
C 17 20 310
S 5 19 347
C 11 33 215
C 11 169 316
S 13 19 310
C 4 220 100
C 3 99 96
S 1 7 291
61
S 2 13 303
C 1 326 95
C 3 23 126
S 5 6 352
S 1 5 45
C 1 52 52
C 10 283 172
C 18 200 221
S 8 12 153
S 12 18 345
S 4 15 17
C 6 332 5
S 10 13 29
S 6 13 218
C 16 123 7
C 17 330 111
S 1 20 99
C 8 95 294
S 10 12 184
C 10 164 147
S 8 15 265
C 8 276 15
S 4 11 66
C 4 289 25
S 7 14 215
C 14 78 321
S 9 14 121
S 4 7 143
S 3 4 250
C 3 74 298
S 12 19 106
C 18 279 204
C 5 207 161
S 13 16 60
C 13 300 271
C 18 103 235
S 3 5 163
C 8 114 247
S 10 19 59
S 8 11 88
S 5 20 142
C 18 31 26
S 7 20 288
C 19 240 30
S 5 16 72
S 9 16 344
C 17 268 206
S 1 20 306
S 12 20 160
C 20 134 332
S 1 16 116
C 6 122 231
S 5 19 141
S 5 11 339
C 9 195 342
C 15 90 232
S 7 14 121
S 4 9 88
C 9 31 9
40
C 17 202 96
S 16 17 330
C 12 337 137
S 4 18 76
C 8 310 15
S 5 17 210
S 16 18 19
S 5 20 35
C 15 50 293
S 11 12 314
C 5 70 355
C 4 209 296
C 19 346 70
S 4 19 46
C 19 211 147
S 12 14 149
C 14 207 101
C 4 132 334
S 1 6 331
C 5 187 254
C 1 16 252
C 16 209 23
C 16 1 199
C 9 85 43
C 4 79 98
C 9 338 25
S 11 16 264
C 17 326 106
C 11 15 319
C 8 21 97
C 14 215 324
C 5 131 237
S 8 17 240
S 2 12 7
S 5 10 194
C 15 315 332
C 14 333 235
C 13 103 342
C 11 227 168
C 7 261 345
61
C 17 302 208
S 2 10 189
S 2 3 262
S 5 9 43
C 9 213 181
C 16 334 316
C 6 77 319
S 1 4 300
C 15 149 7
S 3 20 90
C 11 305 287
C 13 52 99
C 8 96 140
C 1 231 31
C 7 352 52
C 15 10 45
S 1 11 185
C 7 202 281
C 12 224 0
S 13 16 265
S 8 11 209
C 15 6 176
C 4 60 49
C 5 119 115
C 1 269 141
C 6 56 332
C 18 34 295
C 17 306 6
S 8 11 45
C 19 170 18
S 4 19 159
C 18 303 259
S 13 14 182
S 9 16 128
S 9 17 229
C 3 325 276
S 1 13 324
C 19 248 148
C 4 191 291
C 17 52 183
S 10 19 129
C 16 0 94
C 11 33 46
C 10 141 20
S 8 9 90
S 10 14 184
S 4 15 156
C 14 190 332
C 5 47 314
S 10 17 279
C 14 310 86
S 5 11 240
S 13 20 7
C 3 253 302
C 18 31 92
S 17 20 293
C 4 195 178
S 7 13 111
C 19 13 148
S 2 8 320
4
S 7 11 265
C 12 356 146
S 6 11 176
C 7 47 211
80
C 4 198 107
C 13 150 238
C 15 65 236
S 5 20 80
C 17 101 131
S 5 7 122
C 12 19 123
S 6 7 225
S 5 9 58
S 1 17 138
S 10 19 41
C 13 136 68
C 6 117 29
S 3 8 164
S 9 10 55
S 7 20 345
S 7 15 216
S 5 9 327
C 20 349 341
C 4 73 9
S 5 13 80
S 11 18 197
C 6 115 52
S 11 13 35
C 4 179 208
C 10 225 57
C 8 33 50
C 8 242 141
S 2 5 245
C 11 242 202
C 18 60 146
S 4 14 13
S 8 9 20
S 15 17 111
C 12 227 138
S 16 17 192
C 10 345 53
C 11 355 318
C 1 284 241
S 1 9 207
S 3 6 18
C 5 77 344
S 1 3 23
S 2 12 50
C 12 207 272
S 8 16 8
C 4 85 278
C 17 329 72
S 9 20 271
C 12 345 305
S 15 16 150
C 4 31 17
C 11 46 242
C 7 113 350
S 1 13 188
C 13 159 105
S 8 13 124
S 14 18 348
S 4 10 255
S 18 20 229
C 7 275 31
S 2 19 96
C 3 117 320
S 11 12 95
C 4 344 299
C 9 331 49
C 9 278 248
C 15 335 324
S 3 10 188
C 2 19 274
S 6 13 93
S 14 16 310
S 4 6 135
C 3 1 117
C 11 190 195
C 17 240 305
9
C 12 306 92
C 20 225 141
S 12 13 217
C 2 254 97
S 5 6 307
S 3 7 357
S 4 18 14
C 7 228 50
S 2 5 117
49
S 9 20 86
S 14 17 8
S 9 16 333
S 12 19 338
S 4 16 59
C 18 349 324
S 1 17 227
C 15 178 307
C 13 323 178
C 9 308 31
C 14 208 18
S 2 20 89
S 5 14 165
S 6 11 359
S 6 8 82
S 4 12 84
S 7 11 244
S 15 20 10
S 3 11 255
S 5 7 203
S 9 16 255
S 4 10 58
S 8 9 273
C 7 309 310
S 12 15 324
S 1 15 163
C 15 158 115
C 20 1 230
C 7 47 189
C 13 215 267
C 10 76 95
S 10 19 219
S 4 20 197
S 4 15 280
S 7 12 21
C 19 222 121
C 10 216 248
S 5 19 261
C 2 284 338
S 6 12 284
S 14 17 140
S 6 17 159
C 6 265 265
S 12 19 336
C 6 63 142
S 4 6 264
C 15 116 199
S 8 10 64
C 1 359 120
51
S 1 13 355
S 3 4 232
C 16 285 198
C 4 170 206
C 17 221 228
C 8 203 220
C 5 316 237
S 3 9 269
S 6 9 67
S 11 13 92
C 15 26 2
S 15 20 84
S 11 20 97
S 11 19 94
S 8 14 35
C 19 8 358
C 17 298 152
C 7 320 231
S 12 15 34
C 6 288 316
S 4 11 170
C 20 202 165
S 5 13 271
C 5 350 26
C 14 52 206
C 15 153 149
S 13 16 171
C 8 285 272
C 4 204 268
S 15 17 114
S 12 17 278
S 5 18 226
C 8 164 247
C 15 141 90
C 19 179 210
C 18 53 194
S 9 19 147
S 5 10 262
S 16 19 237
C 4 337 217
C 8 48 233
C 14 142 141
C 4 342 195
S 1 12 154
S 4 12 276
C 9 19 352
C 6 54 17
C 5 91 140
37
C 18 33 359
C 2 13 242
S 11 17 95
S 1 15 70
C 1 316 171
C 5 329 157
S 8 9 165
S 3 16 59
S 13 17 84
C 20 264 119
S 6 12 308
C 12 208 270
S 7 17 205
S 3 19 69
C 15 40 315
S 12 19 169
S 4 5 25
C 2 343 103
C 7 352 237
C 15 284 275
S 1 4 106
S 3 18 4
S 7 9 306
C 14 345 152
S 2 15 27
C 11 118 221
C 20 37 326
S 9 20 295
S 9 15 7
S 3 5 234
C 15 228 22
C 19 264 20
S 4 5 353
S 6 20 5
C 1 41 7
S 7 16 272
95
C 7 65 326
C 11 251 334
C 20 18 138
C 15 98 353
C 4 149 191
S 15 20 209
S 1 4 316
S 14 16 92
S 1 4 286
C 12 72 323
C 7 329 15
C 2 338 56
S 2 6 122
S 2 6 117
S 6 8 89
C 7 261 100
S 8 9 200
S 1 4 287
C 8 357 63
S 14 19 144
C 7 342 195
S 3 10 63
S 3 17 296
S 3 6 142
C 17 297 47
C 11 101 223
S 3 11 154
C 9 8 176
S 2 14 70
C 18 10 271
C 6 25 92
S 8 16 349
S 12 19 352
C 2 233 226
C 14 112 239
S 3 20 259
C 8 208 34
C 1 234 15
C 14 261 174
C 18 164 260
C 2 187 66
C 5 38 20
C 12 263 313
S 6 17 254
C 5 287 201
S 7 12 224
S 5 15 1
S 10 20 98
C 8 238 151
S 16 20 204
S 8 20 291
S 7 14 102
S 9 16 51
C 12 205 67
C 19 287 255
S 9 15 132
S 13 14 170
S 4 16 155
S 16 19 148
C 2 124 39
S 7 16 135
C 4 289 339
C 12 56 329
S 3 7 216
C 18 5 140
S 8 20 81
S 2 10 312
C 19 87 120
S 13 20 230
S 1 2 261
C 18 266 335
S 5 16 231
S 4 18 109
S 6 20 313
S 8 16 114
S 3 6 261
S 5 8 124
C 1 117 63
C 9 355 294
S 4 17 245
C 16 142 256
S 6 19 320
S 1 18 167
C 19 195 219
S 6 18 294
S 10 13 161
S 7 18 1
C 15 172 14
S 7 20 195
C 15 137 86
C 14 167 33
S 3 7 348
46
C 3 316 208
S 16 20 235
C 8 158 128
S 8 9 41
S 12 16 10
S 1 3 119
C 20 145 342
C 8 64 284
C 3 129 204
S 7 20 278
S 11 15 254
C 16 90 143
C 12 200 236
S 10 15 72
C 15 272 130
S 7 12 132
S 11 16 1
C 17 69 124
C 7 148 356
C 17 25 123
S 17 20 311
S 4 19 221
C 5 203 8
C 20 205 180
S 2 10 244
C 4 333 71
C 9 227 73
S 3 4 241
C 4 288 52
S 9 12 123
C 15 316 24
S 12 19 1
S 16 20 224
C 14 263 73
C 10 274 316
S 1 16 43
C 19 223 309
C 7 207 108
S 13 16 179
C 2 150 212
C 19 243 272
C 6 280 109
S 9 19 356
S 7 15 246
C 14 276 308
30
S 14 20 153
S 2 6 282
S 5 14 181
S 12 19 304
S 6 15 123
C 18 110 145
S 3 20 25
C 15 131 113
C 19 300 237
C 1 312 299
S 11 16 309
S 19 20 122
S 6 15 222
S 8 16 11
C 10 274 125
C 16 58 235
S 9 10 229
S 6 12 126
C 15 350 78
C 2 52 140
C 8 338 313
C 9 76 105
S 2 12 311
C 9 148 265
C 10 235 294
S 6 18 67
C 14 145 218
S 14 20 80
40
C 10 41 78
C 19 6 214
C 14 70 289
C 16 257 319
C 10 6 229
C 1 229 320
C 5 28 187
C 13 330 255
S 8 12 28
S 16 19 1
C 20 189 46
S 3 20 63
S 5 17 296
S 10 19 9
C 10 340 237
C 12 354 288
S 8 10 8
C 8 179 313
S 2 16 38
C 3 306 326
S 11 19 4
C 16 313 67
C 15 104 211
S 4 11 176
S 9 20 162
C 5 101 7
C 10 214 68
S 10 11 157
C 10 26 166
C 13 41 87
S 1 2 193
C 4 159 112
S 2 8 275
S 12 15 90
S 13 17 312
C 1 123 39
S 6 18 175
S 7 11 189
C 8 340 215
23
C 7 354 286
C 17 255 334
C 1 149 265
S 9 15 208
C 14 160 108
C 14 159 356
S 5 7 187
C 14 30 20
C 17 240 279
S 4 17 94
C 9 103 245
C 17 232 235
S 5 8 37
C 12 321 141
S 8 14 210
S 14 18 3
C 19 158 249
C 14 24 334
C 1 82 260
97
S 6 15 79
C 6 247 275
S 11 20 104
S 5 20 237
C 13 242 323
C 13 175 68
C 9 73 130
S 5 7 218
C 12 13 82
C 15 142 176
S 6 10 177
C 7 260 127
S 8 11 225
C 20 185 349
C 5 232 343
S 11 14 358
C 11 312 84
C 4 179 61
S 7 20 2
S 11 14 207
C 1 345 181
S 3 19 158
S 5 6 14
C 9 319 2
S 2 5 201
C 20 275 329
C 16 162 236
S 14 17 0
S 2 15 196
S 10 19 67
C 19 76 90
C 7 13 313
C 9 133 145
S 10 16 2
S 12 20 291
S 16 19 119
S 7 18 358
S 3 16 216
C 17 233 343
S 7 20 331
C 5 73 157
C 6 69 329
C 9 97 4
S 1 8 140
S 12 18 303
C 12 86 143
C 2 2 251
C 19 351 21
C 5 343 202
S 3 8 56
C 12 105 80
S 2 19 252
S 4 13 8
S 12 19 315
C 10 41 323
S 18 19 158
S 11 13 93
C 19 285 336
S 2 17 272
C 16 92 228
S 3 7 251
S 1 7 358
S 5 16 0
S 15 16 334
C 9 329 280
C 17 184 331
S 2 19 177
C 4 248 312
C 16 254 214
S 8 11 133
C 1 81 293
C 7 280 28
C 17 255 67
C 9 64 170
C 4 118 58
C 7 267 321
C 10 177 268
S 7 13 135
C 2 271 220
C 12 59 331
C 1 320 275
S 2 6 101
S 2 19 234
S 6 10 262
S 10 14 123
S 3 8 128
C 19 180 171
C 5 17 330
S 3 8 16
C 20 167 264
S 12 17 173
S 3 20 187
C 2 234 63
C 14 245 200
C 9 151 101
70
C 14 46 131
C 17 35 12
C 1 236 151
C 6 151 328
C 20 16 295
C 14 10 51
C 4 113 316
S 8 20 68
S 1 3 155
C 13 30 42
C 16 320 49
C 17 294 210
S 2 11 313
C 4 358 189
C 17 38 22
C 19 87 24
S 8 14 89
C 18 300 113
S 2 10 21
C 15 310 165
S 13 18 250
S 4 18 108
C 10 323 299
S 13 18 299
C 10 173 278
C 20 157 150
S 4 18 261
S 11 17 198
C 10 246 345
C 10 129 265
S 5 9 270
C 4 2 142
C 18 36 250
C 16 262 341
S 8 14 208
C 7 330 129
S 5 13 304
S 3 8 270
S 7 14 113
S 2 18 98
S 15 17 158
C 18 112 171
C 2 78 194
C 20 120 354
C 11 281 123
S 13 18 145
S 1 8 5
S 3 14 317
C 14 263 140
C 7 31 169
S 10 17 128
C 10 101 102
S 3 9 3
C 13 9 285
C 7 46 101
C 14 98 268
S 12 16 236
S 3 9 181
C 3 38 6
C 5 251 10
C 12 323 50
S 9 15 233
S 1 6 338
S 11 15 288
S 12 15 41
S 6 9 298
S 9 17 88
S 3 11 178
C 4 170 82
44
S 4 5 311
S 12 14 1
C 9 10 215
S 6 18 337
C 1 348 237
S 1 13 6
S 12 17 221
S 17 18 300
S 1 5 195
S 3 8 75
C 11 210 283
C 12 120 290
S 4 7 101
S 3 14 155
S 13 20 51
S 2 9 65
C 2 40 335
S 10 14 304
S 1 6 182
C 5 329 119
C 19 296 63
C 6 222 329
C 19 22 165
C 13 10 126
C 11 180 217
S 4 10 202
C 6 276 16
S 5 11 154
C 11 337 10
S 14 16 30
S 1 8 276
S 5 19 106
C 17 17 188
C 11 85 342
S 4 6 26
C 3 281 347
S 10 15 9
C 4 259 113
S 1 19 300
S 9 11 99
C 9 241 124
S 16 19 156
3
S 6 10 5
S 7 18 251
C 8 79 122
56
S 8 9 48
C 1 34 190
C 8 73 22
C 16 169 304
S 14 15 358
S 6 11 170
S 2 7 337
C 12 8 127
S 3 14 266
S 13 15 237
C 7 359 56
C 17 335 84
C 15 280 202
C 7 299 7
C 13 257 38
C 1 90 343
C 4 328 295
C 11 122 286
S 2 8 248
S 2 6 104
C 18 72 67
S 10 12 319
S 7 9 251
S 1 20 127
C 7 276 153
S 12 19 31
C 14 161 351
S 6 9 221
C 16 204 163
S 3 15 165
C 17 62 304
S 15 17 122
S 2 20 285
C 15 218 172
C 4 266 253
S 7 9 97
C 4 226 305
C 3 1 239
S 6 7 330
S 13 19 63
S 4 5 292
S 6 10 110
C 13 315 31
C 15 349 169
C 3 347 1
S 11 18 275
S 14 19 214
C 4 306 61
S 2 11 348
S 10 17 169
S 2 15 301
C 13 230 70
C 15 90 240
S 11 12 106
54
C 9 187 345
C 1 176 275
C 18 198 327
S 7 15 264
S 12 17 344
C 11 294 331
C 4 200 24
S 13 15 136
C 16 349 197
C 2 300 283
S 2 15 80
S 6 13 5
C 14 241 260
S 9 15 285
C 20 117 101
C 20 234 111
S 14 15 325
C 6 319 340
C 11 217 0
C 15 167 339
C 16 136 86
S 3 12 271
S 9 13 5
S 1 18 8
S 1 20 183
C 7 219 217
C 20 302 275
C 8 179 48
C 15 79 162
S 2 8 168
C 13 258 23
S 6 13 165
S 10 14 297
C 13 36 8
C 13 213 50
S 7 20 144
C 17 245 310
C 8 251 308
C 20 262 273
S 11 15 155
C 10 117 337
S 4 14 317
S 6 18 76
C 13 94 187
S 11 15 78
S 15 16 41
S 10 15 314
C 2 130 119
C 9 37 27
C 2 53 240
C 2 186 55
S 6 14 234
43
S 9 10 78
C 1 31 136
C 12 218 306
C 20 310 183
C 8 9 161
S 2 12 230
C 16 130 213
C 11 100 74
S 5 6 333
C 3 163 274
S 18 20 65
S 7 10 335
S 9 10 242
S 13 20 223
C 6 245 357
S 3 7 235
C 5 118 266
S 8 17 339
C 17 181 245
C 19 264 104
C 1 325 201
C 3 321 143
C 2 104 196
C 2 195 221
S 14 19 229
C 9 44 43
S 9 12 298
C 4 323 130
S 9 13 223
S 13 17 174
C 13 276 161
C 20 37 261
S 1 2 116
S 2 6 330
C 10 347 46
C 20 142 34
S 11 18 288
S 1 7 59
S 12 17 224
S 6 8 82
S 12 15 269
C 10 149 319
C 18 319 166
38
S 3 18 84
S 11 15 61
S 5 7 268
C 8 333 129
S 7 13 107
C 3 191 340
C 10 272 63
S 7 14 347
C 8 159 213
C 16 62 154
S 6 9 26
C 5 237 189
C 16 206 286
S 14 16 136
S 14 18 233
C 2 94 154
S 11 14 55
C 8 314 81
C 18 296 54
S 7 18 23
S 9 20 102
C 4 155 337
S 11 20 229
C 12 151 1
S 11 12 315
S 5 11 16
S 6 7 293
C 2 198 256
C 4 233 238
C 12 84 34
S 14 18 34
C 19 216 109
C 11 211 232
C 1 317 65
S 5 13 323
S 10 17 55
95
C 12 238 330
C 11 193 229
S 1 12 134
S 13 16 141
C 7 333 142
C 5 337 328
C 18 20 182
S 15 20 342
C 6 176 138
C 18 63 300
C 14 169 224
S 3 6 298
C 7 245 45
C 16 103 46
C 18 316 308
S 17 18 69
S 5 20 139
C 16 65 122
S 10 14 343
S 4 15 185
C 13 286 254
S 18 20 42
S 4 18 21
S 10 15 139
C 11 136 7
S 4 19 318
S 3 15 272
C 12 286 102
C 10 133 93
S 3 20 160
S 5 8 171
S 19 20 260
S 8 17 127
S 10 20 124
C 11 148 246
S 3 12 215
S 13 20 156
C 18 146 176
C 20 221 187
C 15 159 359
C 1 166 317
C 11 89 218
C 17 249 134
C 20 30 192
S 12 18 171
S 11 14 358
S 6 20 173
C 7 290 340
S 5 9 176
S 9 16 103
S 8 11 218
S 6 19 145
S 5 12 274
S 6 13 308
S 4 12 62
S 9 12 284
C 4 129 278
C 10 244 143
C 17 190 232
S 9 16 185
S 6 15 320
C 16 70 242
S 14 19 34
C 13 185 245
C 16 210 266
C 16 356 211
S 5 9 124
C 16 344 55
C 16 281 256
C 13 333 107
S 10 17 96
C 6 151 288
C 20 228 137
S 16 17 138
S 5 11 164
C 20 288 296
C 14 160 334
C 15 187 117
C 16 221 293
C 10 96 207
C 7 136 202
C 7 229 24
C 3 35 195
S 3 14 54
S 1 3 119
C 4 114 3
C 16 298 294
C 13 104 345
S 13 14 159
C 17 225 186
C 20 59 146
C 20 29 99
S 14 20 152
S 1 17 88
28
S 1 8 213
C 3 81 23
S 5 13 54
S 14 20 93
C 13 175 289
C 6 349 220
C 9 149 51
C 12 158 71
S 7 9 92
C 10 31 71
S 10 13 24
S 9 15 330
C 18 251 127
C 6 267 274
C 13 336 266
C 15 240 197
S 3 20 353
C 19 189 32
C 20 239 209
C 8 107 355
S 5 19 196
S 5 7 303
C 8 209 44
S 1 4 159
S 8 14 308
C 12 298 97
S 14 16 336
C 11 337 256
88
C 2 223 292
C 3 161 57
C 19 194 221
S 18 19 95
C 12 163 331
S 4 20 69
S 7 17 22
C 10 292 148
C 3 54 171
C 11 223 33
C 9 246 349
C 8 305 14
C 9 356 158
C 14 286 11
C 1 75 103
C 12 73 85
S 6 9 5
S 1 9 330
C 3 218 337
S 5 12 266
C 12 166 122
S 2 18 170
C 8 250 36
C 13 335 11
S 5 10 66
S 9 11 145
S 5 17 69
S 10 17 77
C 16 235 139
C 3 188 293
C 5 3 207
C 11 136 4
S 10 13 71
S 2 19 1
S 6 11 271
C 14 164 244
S 7 20 295
C 16 93 90
C 1 339 206
C 12 215 173
C 7 357 153
C 17 177 175
C 13 92 337
S 3 18 2
C 13 89 205
C 16 247 74
S 3 12 329
C 17 355 161
S 11 20 188
C 14 219 32
S 12 20 194
S 7 18 141
S 2 16 6
C 13 279 226
S 6 9 90
S 5 15 303
S 8 11 86
S 5 8 298
S 3 19 8
C 8 65 97
S 1 13 201
S 4 6 13
C 15 283 157
C 17 169 279
C 11 78 24
C 16 64 220
S 1 12 249
S 11 13 167
C 10 73 174
C 11 188 241
S 4 6 88
S 1 16 75
S 9 19 260
S 3 7 65
S 14 18 118
S 3 12 223
S 2 20 231
S 11 17 90
C 8 151 342
S 15 20 234
C 2 251 321
C 3 150 314
C 9 206 99
C 11 231 125
C 13 117 11
S 7 16 232
C 11 24 79
S 4 6 349
83
C 5 324 154
C 17 318 317
C 9 65 275
S 1 9 163
S 7 9 199
C 16 108 176
C 12 232 278
C 9 17 91
C 4 25 22
S 8 12 244
S 18 19 41
C 20 23 159
S 7 8 354
S 2 4 273
C 8 210 235
C 20 275 60
C 18 56 337
C 20 342 38
C 14 89 61
S 12 13 58
S 11 20 356
S 16 19 178
C 1 56 332
C 5 145 20
C 6 243 94
C 7 143 74
S 2 7 200
C 14 185 181
S 1 5 86
S 1 14 31
S 10 13 168
C 17 300 202
C 17 216 90
C 16 326 141
C 1 265 40
S 9 13 351
S 1 7 50
S 4 9 2
S 10 15 151
S 11 20 49
C 10 84 238
C 18 161 90
C 7 352 332
S 12 19 46
S 12 20 323
S 3 13 86
S 19 20 186
C 16 70 336
C 6 284 289
C 1 307 146
S 18 19 140
C 16 252 259
C 8 183 43
C 5 66 228
S 2 20 233
S 9 11 302
C 13 132 243
S 11 16 240
S 16 17 6
C 2 278 49
C 18 267 203
C 3 54 92
S 10 13 308
C 8 106 167
C 3 297 108
S 5 9 159
C 18 97 342
C 17 87 81
S 2 5 96
S 6 16 153
S 8 18 288
C 13 195 125
S 4 8 15
S 1 2 282
C 9 207 242
S 2 8 264
S 12 20 324
C 13 106 13
C 19 76 186
C 15 288 188
68
C 3 132 333
S 10 18 176
S 11 17 207
S 9 19 171
S 1 13 2
C 15 155 29
S 16 20 214
C 11 95 273
C 17 51 3
C 13 7 235
S 7 13 43
S 16 18 189
S 3 12 142
C 11 287 300
C 15 105 125
S 18 19 262
C 8 47 147
C 17 359 17
C 6 352 303
S 6 9 318
C 5 83 295
S 5 11 92
C 17 35 64
C 2 2 53
C 14 195 289
S 6 12 32
C 20 183 89
C 12 65 320
S 3 16 128
S 4 9 278
C 2 51 112
S 14 15 265
S 1 9 246
C 16 113 211
C 6 128 237
S 1 6 73
C 14 332 323
S 8 18 319
C 8 63 211
C 19 4 251
S 12 18 315
S 9 15 119
C 13 0 193
S 11 16 98
C 15 312 83
S 6 14 177
S 4 11 37
S 1 17 316
S 3 17 129
S 3 9 341
S 8 20 40
S 9 16 330
S 3 12 257
C 2 220 65
C 6 219 39
C 18 353 212
C 15 314 294
S 1 12 301
C 15 178 191
S 14 16 292
C 6 145 326
S 1 8 104
S 5 14 78
C 8 223 249
C 19 339 94
C 14 308 314
C 8 108 53
C 14 12 56
35
S 9 10 177
S 11 14 295
C 8 253 333
C 5 143 234
S 2 17 38
S 6 12 212
S 6 7 343
C 14 234 156
S 6 7 200
C 3 124 63
C 2 176 321
C 10 115 7
C 3 238 233
C 13 187 235
C 20 258 3
S 1 7 54
S 17 20 0
C 7 214 283
C 15 108 345
S 5 9 50
C 2 193 252
S 11 18 337
S 6 17 316
C 10 254 3
S 4 17 221
S 13 17 178
S 7 17 218
C 2 141 36
C 10 203 132
C 18 209 202
C 8 163 184
S 2 17 179
S 9 18 100
S 11 17 82
22
C 13 8 223
C 15 348 231
C 2 289 60
S 1 10 74
S 1 14 278
S 5 12 89
C 15 27 155
S 18 20 139
C 12 226 238
C 1 202 332
S 6 8 222
C 2 74 321
S 7 17 342
S 3 19 256
S 4 7 48
C 4 285 230
S 4 8 71
C 14 169 327
S 11 20 154
C 3 320 15
76
S 4 8 42
S 16 20 280
S 13 19 36
S 4 16 108
C 17 359 202
S 14 17 333
C 14 109 18
S 8 16 196
S 3 12 81
S 3 11 250
C 11 176 193
S 11 19 231
C 19 126 238
S 17 19 159
C 19 71 108
S 7 15 281
C 7 109 132
S 2 17 34
C 18 146 45
C 17 315 193
C 10 236 34
S 9 19 349
C 9 299 87
S 1 8 280
S 11 14 108
S 9 19 270
C 2 270 147
C 16 341 56
S 3 6 77
S 4 19 30
C 20 221 224
C 17 226 346
S 11 12 261
S 8 16 200
S 4 14 301
S 8 14 77
C 17 95 35
C 16 319 297
C 9 82 210
S 10 16 2
C 5 52 348
C 1 343 44
S 8 20 297
S 7 13 297
S 7 18 111
S 8 10 109
C 2 103 20
C 18 299 323
C 13 64 191
S 2 14 54
S 11 12 252
C 3 180 334
C 4 331 321
S 1 12 173
S 1 18 181
S 10 19 76
C 20 253 304
S 14 16 87
S 14 19 8
S 8 18 250
S 8 14 114
C 5 41 114
C 2 317 193
S 7 15 73
S 4 6 354
S 8 20 304
C 16 252 232
S 5 12 298
S 1 15 237
C 12 7 60
S 4 6 345
S 6 18 148
C 19 185 153
55
S 4 7 310
C 12 67 269
C 6 16 101
C 4 248 223
S 8 10 28
C 16 248 320
C 16 42 223
S 14 18 257
C 20 167 90
C 4 359 262
S 12 15 229
S 4 8 110
C 18 143 158
S 1 4 86
S 5 8 82
S 10 19 47
C 1 358 197
C 17 15 230
C 16 58 229
S 12 15 123
S 2 4 249
S 1 16 286
S 1 3 129
C 2 258 239
C 16 249 6
S 5 11 300
C 14 292 255
C 5 63 307
C 5 116 208
S 5 13 96
C 8 176 352
S 14 20 66
C 3 285 350
S 1 12 318
S 6 15 39
C 19 41 348
S 7 9 309
C 18 39 186
C 15 307 25
C 18 342 275
C 19 328 260
S 13 14 278
C 16 131 149
S 7 8 28
S 4 7 279
C 10 318 156
S 6 9 107
C 16 122 191
S 1 4 45
C 16 248 65
S 7 12 268
C 17 242 317
C 5 269 66
45
S 3 10 69
C 5 312 254
C 14 209 101
S 7 12 198
S 10 14 286
C 5 306 279
S 4 10 206
C 8 53 224
S 16 19 293
S 3 17 89
C 3 25 55
C 17 229 211
C 8 257 284
S 12 19 208
C 17 332 284
C 7 34 1
S 1 12 246
S 13 19 105
C 10 304 344
S 14 15 283
S 1 3 229
C 8 11 172
C 13 73 35
C 4 42 212
C 12 242 19
C 5 291 143
S 4 18 15
C 15 87 357
C 8 105 229
C 19 249 50
S 7 19 64
S 2 18 16
C 17 183 177
S 4 18 167
C 19 249 306
C 10 239 225
S 2 14 20
C 10 243 342
S 4 18 208
S 4 12 84
S 9 17 214
C 2 105 155
44
S 8 16 0
C 4 184 73
S 3 5 285
S 3 9 335
S 1 3 351
S 14 18 55
S 1 7 284
C 1 265 312
S 10 16 7
S 12 20 83
S 7 16 84
S 2 19 256
S 4 18 114
C 20 40 163
S 1 18 4
S 5 11 44
S 3 5 303
C 19 78 156
C 1 131 225
S 18 20 109
C 19 205 78
S 8 19 216
S 4 16 29
C 15 139 233
C 13 321 334
C 2 289 58
C 11 126 129
C 8 85 179
S 10 15 272
S 9 20 79
C 17 173 59
C 6 49 239
S 3 6 105
C 2 353 19
C 9 132 77
C 15 74 287
S 18 19 133
S 11 17 332
S 2 18 111
C 13 260 289
S 14 15 105
S 3 17 330
S 2 15 295
46
C 7 261 52
C 7 115 268
S 6 12 215
C 16 57 147
S 8 11 335
C 2 149 296
S 7 20 359
C 12 8 226
S 6 11 254
S 1 13 196
S 2 20 310
S 3 14 153
S 4 5 36
S 17 18 299
S 1 19 178
C 15 181 272
S 8 15 334
C 12 25 128
C 16 8 322
C 15 175 125
S 7 16 358
S 7 14 91
S 6 20 333
C 9 78 359
S 5 18 99
S 5 17 27
C 15 54 10
C 15 172 80
S 12 15 90
S 8 20 308
S 7 10 60
S 11 17 353
C 12 129 68
C 8 294 106
S 8 17 313
C 9 343 5
S 10 13 32
C 14 144 133
S 7 16 253
C 18 62 287
S 1 17 303
C 12 31 107
18
S 8 18 22
C 8 9 206
S 13 17 91
C 14 41 301
S 1 6 320
S 6 16 290
C 18 298 156
C 14 78 134
S 7 9 291
S 2 6 39
S 14 18 295
S 13 16 187
C 1 28 288
C 15 345 22
C 4 125 321
C 8 243 344
C 20 185 291
C 4 355 283
73
C 10 56 226
S 13 17 10
C 9 227 74
S 1 11 5
C 10 188 337
S 8 17 254
C 8 15 154
S 7 14 291
S 6 9 336
C 11 10 185
C 8 274 124
S 11 16 124
S 2 11 57
S 15 17 275
S 6 16 21
S 6 15 221
C 7 24 350
S 14 19 186
C 8 113 228
S 2 10 81
C 13 114 169
C 4 190 98
S 5 20 324
S 2 8 347
C 9 345 255
S 7 18 238
C 8 150 215
S 4 8 146
S 6 14 140
S 7 20 18
S 6 15 254
S 4 18 95
C 17 154 305
S 2 17 80
S 17 19 132
S 6 8 336
S 10 12 150
S 10 17 188
C 17 230 337
C 4 83 314
C 18 173 351
S 9 12 195
S 13 20 330
S 7 14 197
S 3 11 275
C 1 54 166
C 8 120 346
C 16 230 178
C 10 82 40
C 11 230 40
S 8 17 96
S 1 9 326
C 4 231 96
S 13 18 355
C 7 36 92
C 19 278 207
S 9 17 329
C 15 189 228
S 8 17 273
C 15 336 272
S 5 19 245
C 15 277 235
C 16 189 176
C 7 296 339
S 5 11 20
C 17 78 85
C 19 8 81
C 15 193 151
S 3 11 342
C 7 121 165
69
C 20 290 80
S 16 17 127
C 19 66 14
C 7 161 7
S 10 14 142
C 20 317 7
C 17 204 43
C 20 94 215
C 1 83 26
S 14 18 38
S 15 17 219
C 12 90 161
S 6 18 293
S 5 16 272
S 12 18 245
S 1 19 123
C 15 3 347
C 6 242 172
S 9 11 115
C 12 126 313
C 15 277 250
C 12 191 47
S 12 19 227
C 20 174 318
C 7 132 76
C 17 58 24
S 18 20 232
S 9 17 75
S 4 12 114
S 8 14 173
S 6 17 37
S 12 20 234
C 4 333 215
C 7 239 102
S 9 11 350
C 6 286 9
S 6 17 135
S 3 8 177
S 9 17 109
C 7 345 32
C 15 12 211
C 7 89 32
S 12 14 298
S 6 12 156
C 6 342 330
S 1 10 33
C 14 35 28
C 5 13 173
S 19 20 31
C 15 303 142
S 6 12 85
S 3 19 200
C 16 327 62
S 6 18 309
S 12 15 258
S 8 10 212
S 11 14 86
C 1 251 266
C 9 30 238
C 15 249 53
C 12 204 243
C 6 60 192
S 13 14 80
S 9 18 110
S 12 14 304
C 18 49 350
C 4 136 274
C 13 335 274
54
S 8 20 122
S 1 19 62
C 8 228 145
C 7 217 73
S 6 14 340
C 1 211 257
S 16 20 252
C 9 93 201
S 10 17 247
S 4 10 247
C 18 342 74
C 8 158 154
S 12 14 324
S 19 20 118
S 11 12 186
S 2 11 290
S 6 16 345
S 6 16 92
S 8 12 90
S 6 10 282
S 10 18 40
C 17 265 317
S 13 16 140
C 5 143 217
C 14 346 122
C 5 163 41
S 19 20 259
C 11 49 113
C 1 289 26
S 11 20 138
S 10 13 157
S 8 19 173
C 15 24 189
C 14 250 3
S 11 14 327
C 5 12 348
C 16 299 185
C 5 281 22
S 3 10 178
S 1 20 77
C 14 162 7
C 16 319 136
C 6 315 183
S 1 6 65
C 9 173 254
C 1 175 180
C 16 218 90
C 1 268 260
C 4 87 306
S 2 4 266
28
C 15 98 334
S 5 11 293
S 3 7 209
S 3 5 129
S 4 12 7
C 11 94 33
S 3 6 141
S 2 7 278
C 20 269 119
S 4 8 239
S 14 20 76
S 3 9 302
C 15 123 342
S 7 17 316
S 12 18 327
S 4 16 276
C 13 318 166
S 11 14 28
S 3 15 301
C 3 19 130
S 5 13 195
S 5 20 266
C 12 258 251
S 12 16 200
C 16 61 287
C 17 4 192
S 5 8 218
C 3 340 14
9
C 2 2 356
C 7 109 191
S 2 6 350
C 15 204 216
S 11 12 280
S 8 16 196
S 3 14 259
C 19 238 149
C 9 63 219
26
C 11 299 52
S 1 8 336
C 18 110 340
S 2 6 124
S 13 20 41
C 9 205 344
S 3 4 343
S 9 13 19
S 7 10 242
C 10 51 114
C 12 131 286
C 19 144 198
S 1 3 140
S 9 13 121
C 3 147 195
S 2 5 153
S 5 12 137
C 19 344 113
C 16 245 70
C 10 164 307
S 1 19 255
S 3 19 18
C 4 277 224
S 13 14 283
C 19 225 333
74
S 2 17 188
S 5 6 271
C 8 79 350
C 1 23 25
C 20 201 56
S 4 14 303
C 15 196 253
S 17 19 335
C 3 308 5
S 3 19 222
S 9 19 248
C 8 12 286
C 13 276 168
C 13 326 151
C 5 252 310
C 4 352 39
S 18 20 103
C 11 77 220
C 5 163 159
S 6 19 329
C 8 324 195
S 6 7 133
S 4 6 339
C 16 294 170
C 3 263 298
S 5 20 98
C 7 69 216
C 5 57 165
C 9 193 4
C 17 353 203
C 1 234 246
C 1 330 185
S 12 19 184
S 2 12 139
S 12 15 5
C 15 38 159
C 18 56 51
C 7 352 116
C 13 101 10
S 7 12 258
C 8 255 70
C 2 49 50
C 1 23 252
C 10 40 255
C 10 92 279
S 3 16 295
C 15 337 67
C 1 138 5
S 1 12 22
S 5 14 126
S 14 16 201
S 2 3 234
C 17 135 134
C 3 242 247
C 5 170 45
C 19 355 175
S 1 6 9
C 4 85 21
S 13 15 138
S 13 18 222
C 18 160 37
S 9 17 144
S 10 18 3
S 1 5 145
C 7 274 234
C 1 1 287
S 5 17 66
C 16 291 82
S 5 13 251
S 14 18 89
C 16 157 346
S 3 10 303
84
S 12 13 316
C 19 347 341
S 18 20 289
S 5 10 221
S 8 13 85
C 7 285 172
C 17 56 38
S 1 4 184
C 3 97 264
S 2 9 92
S 6 19 265
S 7 20 84
S 2 11 9
C 8 356 218
S 12 16 74
S 8 15 178
C 20 201 249
S 13 17 21
C 16 203 48
C 11 199 46
S 8 11 355
C 3 217 196
C 1 189 0
C 9 357 4
S 3 8 301
C 19 153 247
S 7 11 151
C 17 84 215
S 2 6 110
C 17 341 300
C 13 283 358
C 5 26 45
S 13 15 330
S 12 16 146
C 6 256 214
C 15 227 212
S 8 13 86
S 10 15 215
C 6 321 171
S 6 16 352
C 1 219 152
C 18 261 270
C 5 2 242
C 8 316 117
S 15 16 326
C 7 168 164
S 3 7 251
C 1 297 13
C 11 274 107
S 2 5 110
S 7 15 356
S 3 17 346
C 15 311 125
C 5 357 298
S 3 5 313
S 3 18 296
C 2 97 115
C 17 88 333
S 2 17 353
C 17 159 13
S 4 12 267
S 12 15 123
S 8 10 89
S 3 10 130
S 1 16 280
S 17 20 289
S 1 20 139
C 14 171 231
C 18 122 241
S 4 14 149
C 2 194 285
C 3 22 232
S 11 19 124
S 3 18 217
C 1 104 179
S 11 18 171
C 9 258 193
C 18 341 9
S 2 18 91
S 6 12 72
C 3 60 35
C 6 62 296
S 17 20 243
95
S 6 14 30
C 6 80 320
S 5 20 151
C 11 51 95
C 5 226 32
C 5 327 351
C 3 349 78
C 9 336 33
S 5 18 83
C 17 285 66
S 5 9 50
C 14 347 345
S 7 11 310
S 5 12 317
S 13 18 214
S 12 16 289
C 4 301 203
C 14 48 207
C 15 330 264
S 9 19 7
C 6 111 49
S 12 16 65
S 3 4 325
S 1 4 168
C 17 1 23
S 6 18 49
S 5 19 77
S 9 17 212
C 8 288 345
S 2 12 131
C 2 216 232
C 2 45 288
S 10 15 300
C 15 261 82
S 1 19 275
C 1 323 258
C 9 302 25
C 15 307 219
C 1 136 283
S 10 15 115
S 19 20 202
S 1 8 40
C 15 190 204
S 5 7 169
C 15 16 12
S 1 6 268
C 7 303 322
C 3 233 225
S 3 12 111
C 14 193 11
S 2 12 142
S 5 14 128
S 3 9 180
S 8 18 277
S 13 15 31
C 5 225 144
C 20 102 85
S 2 4 321
C 8 279 328
C 8 321 342
C 20 254 282
S 3 5 17
C 9 254 355
S 18 20 252
S 2 3 241
S 9 16 345
S 2 5 212
C 5 278 304
S 10 13 357
C 13 50 280
S 4 13 147
C 10 45 37
C 1 182 210
S 6 7 129
C 7 223 247
S 14 17 26
C 5 67 152
S 11 17 203
S 11 15 121
C 10 268 207
S 13 16 327
C 11 130 198
S 7 8 208
S 8 9 49
C 3 316 36
S 9 15 178
C 14 278 73
S 15 20 135
S 2 17 130
C 17 201 317
S 5 8 7
S 3 5 299
C 10 173 338
S 8 12 64
55
S 11 13 66
C 18 254 97
C 20 295 343
C 19 22 105
C 20 52 282
S 10 12 132
C 16 266 324
S 6 13 133
S 11 17 34
S 9 13 33
S 5 6 214
C 18 103 63
S 14 16 297
C 4 137 319
S 7 16 263
S 3 20 173
S 9 13 28
C 8 303 127
S 1 8 23
C 11 125 74
C 6 291 51
S 9 16 9
S 6 11 308
S 5 11 269
C 5 87 290
S 2 16 316
S 10 17 348
S 4 12 347
S 5 20 25
C 1 144 208
C 11 194 266
S 8 20 311
S 3 16 319
S 1 9 151
S 2 16 145
S 5 14 90
S 6 12 354
C 7 95 21
C 2 57 211
C 15 20 249
C 2 39 34
C 19 79 239
C 1 157 80
C 12 202 226
S 8 15 163
C 11 41 217
S 9 17 164
S 2 17 237
S 11 13 330
S 5 7 189
S 11 20 286
C 18 323 315
81
S 11 13 63
S 12 13 52
C 12 42 20
C 16 158 186
S 14 19 338
S 12 13 103
S 3 17 182
S 7 11 289
S 5 15 335
S 1 3 62
C 15 133 269
S 9 14 319
C 6 72 9
S 16 18 348
C 17 306 227
S 11 12 11
C 13 196 144
C 13 72 326
C 9 329 308
S 2 18 66
S 5 14 359
C 6 8 99
C 17 36 71
S 8 12 333
S 1 6 122
C 1 316 341
S 4 10 208
S 7 14 216
S 11 12 336
S 2 3 41
S 13 20 240
S 17 18 18
C 14 77 299
S 9 10 341
S 11 14 105
S 5 17 267
S 12 19 142
S 10 14 223
S 14 15 3
C 8 139 135
C 19 226 121
S 6 7 269
S 8 15 309
S 7 18 314
C 11 241 168
C 15 83 91
C 4 290 137
S 5 20 264
C 14 126 306
C 19 358 193
C 19 302 154
C 5 351 97
C 9 318 17
S 5 15 134
C 8 308 15
S 2 5 302
C 17 33 280
S 3 19 358
C 13 213 342
S 18 19 48
S 3 11 248
S 15 16 48
S 16 20 332
C 18 300 209
C 2 200 292
C 8 295 32
C 9 82 61
S 11 17 322
S 2 14 205
C 16 241 352
S 5 18 174
C 4 218 177
S 9 12 32
C 13 230 184
S 4 9 4
C 8 211 136
S 1 13 235
C 19 247 338
C 15 29 333
C 8 37 100
34
C 4 168 348
S 4 6 63
S 3 6 45
C 9 0 66
C 6 337 22
S 4 13 113
C 8 302 331
C 3 5 247
C 4 267 344
S 10 18 67
C 15 208 40
S 9 17 255
S 13 20 222
C 11 50 5
S 12 16 229
S 8 20 153
C 7 247 26
S 2 19 299
S 5 15 48
S 3 7 128
S 6 10 9
S 2 16 295
S 1 12 85
C 1 321 123
S 10 15 263
C 13 203 344
C 15 218 189
S 8 20 77
C 4 105 327
C 3 271 126
C 11 174 212
S 13 17 45
C 13 269 226
62
C 3 162 345
C 5 124 55
S 3 5 175
S 3 9 65
S 6 17 203
C 10 197 60
C 7 281 182
C 4 232 6
C 1 285 237
C 1 184 75
C 3 344 281
S 3 19 54
C 16 259 334
C 18 8 203
C 15 146 145
S 3 6 331
S 1 13 64
S 4 15 77
S 4 17 132
S 9 11 176
S 4 14 219
S 3 13 24
C 4 43 101
C 4 28 39
C 1 106 340
C 16 99 95
C 17 207 204
C 19 236 275
S 6 12 239
C 18 305 27
S 3 17 273
C 16 9 338
S 13 18 15
C 20 139 106
C 9 355 91
S 6 15 343
C 14 324 137
C 3 34 271
C 20 9 295
C 10 88 300
S 6 14 200
C 10 161 153
C 1 87 190
C 1 57 54
S 15 20 341
C 2 137 188
C 1 18 351
C 15 287 321
S 5 16 165
C 6 20 105
C 9 10 220
S 7 9 157
S 4 19 42
S 16 17 163
C 7 12 322
S 3 5 29
C 12 325 159
C 17 222 128
S 5 7 270
98
S 15 20 65
C 5 48 288
C 2 326 331
S 6 11 123
S 6 13 68
C 19 240 71
S 2 4 55
C 2 110 101
S 7 16 3
S 3 8 173
C 20 91 152
S 3 6 23
C 1 170 179
C 20 146 210
C 14 58 108
C 19 327 169
C 6 77 242
S 2 19 134
C 9 184 168
S 17 18 233
S 17 19 34
S 12 15 261
S 12 20 61
C 12 64 350
S 3 12 31
C 9 280 61
C 10 255 240
S 2 7 129
S 7 13 36
S 7 8 340
S 12 17 45
S 17 18 336
S 3 6 214
S 10 11 203
C 15 191 143
S 1 8 137
S 11 20 179
S 8 19 207
S 2 4 192
C 11 0 119
S 10 15 293
C 5 50 343
C 1 37 267
S 3 6 5
S 1 3 254
C 20 49 111
C 20 182 268
C 2 316 125
S 3 5 158
S 6 19 335
S 14 20 160
S 1 7 71
C 17 190 222
C 3 225 61
S 7 13 288
S 11 14 213
C 15 323 171
S 7 20 88
S 3 5 179
S 3 8 174
C 11 113 345
S 9 12 193
C 7 257 88
S 8 10 313
C 19 157 138
S 11 14 0
C 13 74 211
C 14 81 318
C 5 337 96
S 7 17 18
C 1 158 14
C 18 74 92
S 7 13 117
C 20 121 56
S 6 7 90
S 11 20 278
S 1 16 2
C 18 21 327
S 3 16 219
S 11 16 81
C 15 126 267
C 8 235 308
C 17 339 58
S 10 11 104
S 9 18 57
S 16 18 338
C 18 218 278
S 11 17 336
S 8 10 276
C 19 339 166
S 6 16 330
C 9 213 182
S 8 18 333
C 13 109 54
74
C 16 229 241
C 19 228 73
S 7 14 356
S 2 12 259
C 3 195 337
S 8 12 334
C 7 30 123
S 17 18 131
S 9 19 348
S 15 18 182
C 18 232 293
S 9 18 10
C 3 95 77
S 19 20 20
S 5 10 282
C 3 9 107
C 12 335 171
C 15 162 52
S 9 18 234
S 7 20 3
S 5 19 186
C 15 108 14
S 3 16 293
S 15 16 45
C 20 233 193
C 6 192 264
C 15 255 241
S 8 18 250
S 9 11 357
C 7 182 326
S 13 19 66
S 5 6 286
S 5 9 68
C 9 104 243
C 11 318 99
S 11 16 341
S 6 9 244
C 15 108 222
C 3 182 358
C 19 345 209
S 2 16 200
S 6 8 215
C 9 287 218
C 8 331 227
S 1 13 90
C 1 77 130
S 8 16 81
C 15 76 331
S 9 18 6
S 1 5 150
C 17 154 241
S 4 15 260
C 11 226 116
C 7 295 170
S 10 12 253
S 8 20 44
S 4 8 226
C 16 338 237
C 16 335 328
C 2 99 35
S 6 16 76
C 13 320 92
S 3 16 331
S 12 17 85
S 7 18 173
S 8 15 308
S 3 8 224
C 8 77 188
S 1 19 104
C 18 151 47
32
C 9 2 4
S 9 13 258
C 16 188 299
C 6 248 204
C 12 187 230
C 15 64 289
C 7 62 214
S 4 7 282
C 13 201 265
C 20 152 359
S 14 20 95
S 2 5 242
S 6 15 205
S 4 7 34
C 5 86 94
S 1 7 6
S 2 5 352
S 8 12 144
C 15 220 276
S 2 20 140
C 13 136 33
S 3 17 212
S 3 10 102
C 20 320 216
S 4 19 174
S 4 6 187
C 13 285 286
S 1 11 292
S 2 5 90
C 19 244 304
C 15 57 72
48
S 14 17 213
C 9 287 270
C 11 191 210
C 16 165 345
S 4 10 294
C 10 25 158
C 16 99 211
S 6 12 114
S 2 17 75
C 16 199 91
C 17 355 156
C 6 91 43
S 2 4 286
S 1 15 134
S 5 15 330
S 1 18 272
C 5 124 355
C 7 1 207
S 9 11 287
S 3 15 210
S 1 17 95
C 9 10 67
S 7 11 51
C 19 315 233
C 3 169 351
S 8 13 29
C 10 243 270
C 15 294 83
C 20 275 222
C 9 222 203
C 11 341 203
S 3 8 264
C 19 250 322
C 1 270 51
S 10 15 126
S 5 7 103
S 8 11 349
C 19 166 295
C 4 92 242
S 4 9 5
S 4 12 137
S 15 20 25
C 6 190 283
C 11 327 97
C 3 83 224
S 1 6 241
77
S 2 7 201
C 16 164 3
S 10 18 137
C 4 178 60
S 8 10 151
C 1 7 281
C 14 298 211
C 11 110 268
C 7 93 201
C 18 202 246
S 16 19 339
S 16 18 58
S 16 19 339
C 15 138 257
S 3 8 354
C 4 20 222
S 3 17 143
C 7 80 78
C 9 333 200
S 4 14 121
C 10 16 83
S 1 20 20
C 6 29 256
S 4 10 335
C 9 221 64
C 14 42 97
C 18 321 54
C 20 103 170
C 6 68 294
S 6 11 359
S 6 17 149
C 13 78 238
S 10 11 346
C 1 88 200
C 19 336 134
C 7 50 354
S 19 20 260
C 20 211 323
S 5 13 139
C 15 219 239
S 1 18 329
S 7 10 203
S 10 19 115
S 6 7 49
S 5 16 330
C 5 63 358
C 19 186 281
C 5 326 69
C 1 239 227
S 15 16 260
S 4 9 7
C 7 139 252
C 19 128 5
C 12 163 219
C 6 287 41
C 12 16 72
C 16 6 3
C 9 356 166
C 2 69 25
C 17 248 63
S 7 8 317
S 14 16 40
S 12 14 322
C 12 271 264
S 2 11 41
S 13 16 185
S 4 14 250
S 1 4 270
C 6 175 103
S 4 14 129
C 12 174 297
C 17 113 287
S 6 12 167
S 17 20 334
C 8 140 144
94
S 9 13 179
S 10 19 27
S 3 13 271
S 6 13 125
S 7 10 254
C 13 260 231
C 7 17 342
S 16 20 36
C 15 242 205
S 17 18 83
S 10 13 59
S 16 18 291
S 5 11 347
C 20 253 158
C 16 171 220
C 15 51 84
S 10 15 82
C 4 320 335
C 13 127 234
S 8 17 197
S 8 17 88
C 7 220 128
C 5 275 332
S 11 14 100
S 12 20 131
C 6 131 226
C 2 146 49
S 7 10 239
S 12 15 204
C 20 324 223
C 7 172 238
C 16 31 88
C 20 330 203
S 18 19 187
C 17 269 225
S 10 12 115
C 4 106 178
S 2 18 82
C 12 285 132
C 9 294 251
S 10 17 41
S 12 15 294
S 10 17 154
C 6 344 202
C 4 74 77
C 8 265 230
S 3 14 247
C 3 0 25
S 4 13 217
S 11 19 231
S 6 8 5
S 13 18 332
C 10 62 34
S 18 20 324
S 16 20 271
C 16 150 72
S 5 20 349
S 11 19 307
S 2 12 271
C 20 345 267
C 5 14 298
S 5 15 102
S 1 8 184
S 8 13 73
S 1 12 190
C 3 327 22
S 4 10 100
C 1 140 202
C 8 255 75
C 19 29 26
S 13 14 358
C 13 145 356
S 5 20 346
S 6 11 13
S 1 5 129
S 1 10 67
S 1 14 67
C 19 90 204
S 14 16 295
C 18 46 337
S 3 14 178
C 8 274 2
C 6 143 38
S 14 17 242
C 17 121 53
C 16 46 344
C 2 185 167
C 17 70 252
C 20 132 150
S 8 12 175
C 2 87 271
91
C 14 310 66
S 5 15 68
C 15 164 206
C 18 262 208
C 2 183 150
C 18 98 66
C 9 301 93
C 18 63 342
C 11 271 173
S 17 20 24
C 8 146 169
S 3 4 240
S 1 5 254
C 16 28 291
C 20 350 283
S 13 16 1
C 16 235 24
C 18 18 269
S 11 16 284
S 4 5 150
S 8 17 122
S 6 20 323
S 12 16 234
S 1 9 336
C 2 259 347
C 12 10 208
S 8 18 151
S 6 16 88
C 9 270 272
C 13 232 68
S 1 15 354
C 8 3 268
S 2 11 102
C 5 263 31
C 20 218 174
C 6 80 23
C 19 227 327
C 19 197 344
S 7 16 136
S 1 10 205
C 10 275 289
S 11 15 107
S 12 15 194
S 7 13 80
C 4 123 125
C 18 254 251
S 5 15 141
S 3 18 204
S 7 13 274
S 12 13 54
C 20 241 144
S 2 20 67
S 10 18 115
S 14 17 187
C 11 80 289
S 9 10 4
C 5 3 146
C 8 96 185
S 2 12 27
S 2 6 188
S 12 18 3
S 5 10 202
S 2 9 94
C 6 296 253
S 4 17 55
C 8 342 0
C 7 106 76
S 8 9 27
S 3 13 285
S 6 20 57
C 7 211 217
S 2 8 125
S 2 4 256
S 4 16 150
S 6 17 238
S 6 19 91
C 8 308 57
S 9 11 348
S 1 4 50
S 5 18 272
C 14 65 294
S 13 17 351
C 17 315 104
S 5 8 351
S 7 12 324
C 11 345 297
C 20 278 253
C 6 236 93
S 11 13 44
C 15 237 243
C 3 348 179
97
C 15 312 342
C 17 284 120
C 17 319 51
C 18 12 205
S 2 6 55
S 8 16 121
C 11 290 245
S 6 9 148
C 2 71 159
C 14 36 243
C 4 9 6
C 11 288 259
C 3 3 215
S 11 18 300
S 7 19 167
C 19 181 275
C 12 282 161
S 12 17 237
C 2 144 229
C 19 95 247
S 6 10 212
C 18 231 304
S 2 15 75
C 2 89 262
S 4 7 220
C 9 218 1
S 9 14 97
C 3 91 284
C 9 348 299
S 3 13 30
S 10 13 35
C 20 60 37
C 18 344 180
S 5 12 83
S 4 10 103
S 12 18 68
S 17 18 206
S 1 18 209
S 13 15 285
C 4 37 20
C 16 202 225
S 2 16 221
C 14 254 249
S 15 19 295
C 4 5 278
S 1 4 123
S 12 20 270
C 12 59 123
S 3 8 161
C 1 32 24
S 16 17 326
C 5 192 122
S 15 16 140
S 1 19 320
S 19 20 357
C 2 0 214
S 14 20 307
S 2 5 178
C 17 154 318
S 6 11 13
C 2 77 69
C 1 202 83
S 1 2 226
C 4 56 251
S 3 4 143
S 4 5 116
S 17 19 306
C 3 101 214
C 14 27 123
S 17 18 162
C 7 28 315
C 13 29 142
C 8 70 252
S 4 12 68
S 4 15 227
C 8 127 299
S 8 19 19
C 16 40 148
S 14 16 7
C 17 140 208
C 17 17 96
S 11 12 127
S 18 19 342
S 6 7 319
S 16 20 251
S 11 13 333
C 15 184 145
S 8 10 16
C 10 103 111
C 4 85 267
C 10 74 216
C 4 229 250
S 3 4 15
C 5 240 11
67
C 5 49 95
S 12 19 142
S 8 14 74
C 11 119 344
C 17 56 358
S 5 15 194
S 12 20 188
C 17 213 258
S 7 16 235
C 16 356 177
C 1 32 1
S 15 18 299
C 6 18 356
C 20 94 38
S 1 14 176
S 3 10 57
S 4 7 293
S 4 13 83
C 1 209 318
S 1 16 142
C 1 8 298
S 2 6 21
S 4 16 330
S 13 14 342
C 17 111 97
S 3 14 222
C 12 343 205
S 5 7 48
S 6 16 341
C 3 329 7
S 9 20 28
C 20 119 162
S 2 14 94
S 1 3 35
S 11 17 270
C 13 32 139
S 4 18 297
C 6 336 244
S 5 9 357
S 7 8 48
C 11 41 224
S 1 11 239
S 6 9 52
S 4 5 312
S 10 20 352
C 17 196 152
S 7 18 275
C 11 59 282
S 5 16 322
S 14 18 28
C 8 353 98
C 18 18 55
C 12 273 265
C 1 192 61
C 1 334 109
S 4 18 37
C 12 278 343
S 13 20 84
S 1 12 342
C 7 92 167
C 3 268 254
S 1 13 342
S 14 16 119
S 6 12 118
19
S 8 13 212
C 4 220 107
S 11 20 226
C 6 19 278
C 4 290 208
S 5 6 217
S 12 13 21
C 14 14 254
S 6 13 248
S 1 12 342
C 10 328 138
C 5 86 219
S 6 18 63
S 1 10 296
S 1 4 36
S 1 14 348
C 20 111 201
S 5 16 35
C 6 126 137
7
C 19 257 265
C 11 164 70
S 14 20 213
C 10 137 66
C 1 143 48
S 11 14 306
S 4 8 283
25
C 15 175 43
C 3 337 59
C 10 337 42
S 14 17 112
C 3 276 246
S 1 17 218
C 7 78 214
C 4 46 74
C 9 62 125
C 16 207 282
S 7 16 244
C 9 46 84
S 10 11 239
C 4 355 31
S 14 15 5
C 9 300 202
S 2 4 278
C 18 176 1
S 3 10 273
S 9 15 194
S 4 18 111
C 2 216 147
S 5 9 152
S 1 8 172
C 11 66 72
14
C 15 58 200
S 13 20 202
S 1 11 119
C 19 127 2
S 3 12 291
S 9 19 15
C 5 315 29
S 9 17 212
C 9 80 82
S 11 17 12
C 19 184 156
S 1 19 84
S 7 16 323
41
S 1 19 257
C 10 176 265
S 9 10 124
S 7 10 258
S 4 6 352
S 3 16 252
S 11 15 228
C 15 8 139
S 9 19 90
C 14 222 231
S 2 12 247
C 20 8 38
S 10 17 309
S 2 6 274
C 13 219 176
S 10 16 91
S 6 12 45
S 17 19 166
C 1 278 93
C 16 256 140
C 6 261 240
S 6 10 215
S 12 19 119
C 2 51 29
S 3 19 114
C 16 258 7
C 18 111 64
C 15 150 31
S 13 17 343
C 11 96 253
S 1 14 230
S 8 18 310
C 9 194 166
C 7 136 221
S 6 12 265
S 12 18 292
S 19 20 315
S 1 17 306
S 4 14 69
S 5 17 210
S 10 12 218
59
S 5 20 339
C 4 65 224
S 3 7 350
C 18 305 132
C 6 87 78
C 15 92 350
C 5 351 303
C 18 173 328
C 19 151 103
C 20 87 158
C 14 63 239
S 3 18 107
S 6 19 223
C 4 174 84
C 6 272 128
C 11 333 267
S 8 11 58
S 1 4 117
S 7 18 253
S 7 9 339
S 11 20 179
S 2 18 264
C 17 356 165
C 3 154 304
C 17 84 40
C 2 6 59
C 1 24 87
S 6 12 176
S 2 18 278
S 11 16 4
C 11 354 46
C 2 171 210
S 4 10 198
C 7 343 288
S 12 20 7
S 14 19 250
S 11 12 72
C 20 35 219
C 5 109 112
S 1 15 46
C 13 291 206
S 3 19 155
C 4 77 33
S 5 14 18
S 7 14 131
C 9 273 290
C 20 240 257
S 14 20 322
C 3 43 339
S 4 15 257
S 14 17 297
S 7 15 210
C 18 2 220
C 8 88 146
C 6 119 78
C 16 179 49
C 3 81 209
3
C 9 68 267
S 11 13 30
S 2 10 31
75
S 7 19 186
S 13 17 71
S 9 14 276
S 8 13 174
S 1 12 159
S 13 20 41
S 8 19 296
S 1 13 219
S 4 19 224
S 1 17 73
C 16 349 129
S 1 8 210
S 1 18 333
S 1 10 28
C 20 254 329
S 12 13 39
C 11 354 168
S 4 17 119
C 3 353 354
C 10 86 217
C 13 260 140
S 5 18 168
C 17 335 145
C 1 79 330
C 3 81 63
S 2 5 186
C 12 297 47
C 10 259 311
S 13 18 139
C 16 6 37
C 19 245 332
S 5 16 272
S 4 18 251
C 8 18 79
S 1 5 294
C 6 94 263
C 12 111 351
C 8 110 309
S 4 8 34
S 9 20 326
S 3 20 327
S 2 6 245
S 1 16 223
C 10 249 94
C 14 197 210
C 6 169 244
S 4 15 326
S 4 5 75
C 18 315 166
S 9 18 174
S 1 7 353
C 11 218 238
C 16 342 353
C 3 183 45
S 1 3 95
C 9 225 329
C 4 294 154
C 8 5 165
S 10 18 166
C 14 212 145
S 1 10 208
C 10 285 132
S 6 10 140
S 1 9 92
C 5 147 69
S 3 13 167
C 19 89 177
C 20 359 1
C 9 158 235
C 8 93 137
S 4 10 304
S 18 20 137
92
C 14 176 329
C 15 136 221
S 9 18 52
C 17 33 335
C 10 98 60
C 8 43 35
S 12 17 180
S 11 14 292
C 8 136 189
S 4 20 357
C 16 282 59
S 17 18 85
C 13 203 151
S 9 14 134
S 5 16 218
S 13 14 132
S 3 9 316
C 16 116 182
S 7 11 190
S 3 5 11
S 3 15 181
C 11 148 80
S 10 20 197
C 20 323 253
C 7 152 309
S 4 18 204
S 15 16 324
C 15 182 68
S 6 20 251
S 3 6 61
C 12 44 356
S 3 20 288
C 11 45 185
C 18 313 209
S 7 12 25
C 17 108 295
C 18 115 338
S 13 18 31
C 20 150 56
C 11 129 131
C 9 134 31
C 2 138 291
C 15 348 189
C 1 36 110
C 4 334 311
C 11 336 62
C 12 233 238
S 3 6 216
S 5 6 272
S 12 14 288
S 3 14 108
C 4 190 209
S 4 12 298
S 8 17 112
C 18 331 116
C 20 179 220
S 6 17 124
C 1 175 255
C 6 132 82
S 2 19 33
S 8 11 155
S 16 20 229
S 1 17 229
C 18 178 305
C 11 354 147
C 6 248 230
S 7 20 222
C 13 31 196
S 6 18 285
C 12 135 259
C 12 329 292
C 3 354 346
S 7 19 185
S 3 12 262
C 15 176 22
C 2 309 210
C 18 81 92
C 16 27 225
S 6 12 83
S 5 18 227
C 7 47 94
S 10 16 190
C 17 276 350
S 10 14 315
C 16 308 97
S 3 18 286
S 15 18 72
C 19 52 64
S 1 11 271
29
S 10 11 313
S 2 20 125
S 8 18 255
C 5 226 88
S 3 11 59
C 4 149 328
C 16 98 160
S 4 12 224
C 17 333 332
C 14 78 132
S 4 14 286
S 5 9 62
C 17 305 224
S 1 6 28
C 16 278 323
C 11 76 224
S 13 19 275
S 5 12 41
C 13 334 351
S 3 13 302
C 17 319 203
S 12 17 84
C 2 65 325
C 2 221 343
C 9 270 122
C 10 282 192
C 15 35 55
C 5 94 292
4
C 3 57 237
C 10 96 316
C 7 139 324
C 15 176 24
35
S 8 12 327
C 3 308 158
C 15 113 107
S 7 20 305
C 10 198 72
S 1 2 238
C 10 221 315
C 14 37 142
C 1 38 171
S 2 5 206
S 3 12 76
S 4 5 323
S 11 16 229
S 2 16 29
C 18 113 209
C 20 1 104
S 9 17 165
S 16 19 54
S 3 5 167
S 1 14 73
C 18 164 57
S 8 16 190
S 13 16 241
C 11 187 182
C 16 152 262
S 1 2 355
C 17 255 162
S 8 10 148
S 14 15 153
S 9 20 57
C 17 118 24
C 5 166 230
C 16 147 298
S 9 12 73
C 10 114 101
49
S 3 8 186
S 2 16 224
S 2 8 343
S 6 8 190
S 3 6 76
S 5 7 95
S 16 18 199
C 20 114 332
C 17 297 197
C 16 262 335
C 3 91 191
S 3 6 127
S 5 7 296
C 3 347 107
S 4 7 72
C 14 98 113
S 2 12 92
S 5 6 214
S 12 14 253
S 4 7 40
C 10 125 251
C 3 230 251
S 14 18 160
C 5 251 69
C 18 104 153
C 10 323 260
C 17 8 94
C 5 290 349
C 20 91 336
C 19 303 51
S 3 5 166
C 7 355 159
S 1 9 331
C 15 68 102
S 13 18 319
C 12 203 278
C 5 336 127
S 7 19 170
S 14 18 340
S 8 15 351
S 2 12 278
S 14 18 131
C 13 204 238
S 3 19 249
C 14 311 53
S 4 19 116
S 1 19 316
S 4 19 14
72
S 6 17 260
S 11 19 7
S 9 19 79
C 8 351 146
S 3 16 187
S 1 7 172
C 19 51 37
S 8 13 278
C 18 178 196
S 5 12 255
C 7 303 149
S 2 16 173
C 3 71 142
S 8 11 296
S 10 18 288
S 1 6 298
C 20 138 76
S 14 18 235
C 16 151 152
C 18 79 47
S 5 14 310
C 12 274 73
S 10 14 273
C 16 186 194
C 14 195 82
S 7 13 213
C 16 343 25
C 10 19 341
C 9 94 260
S 5 10 24
S 3 5 341
C 14 150 354
S 2 11 212
S 11 16 219
C 4 124 246
S 12 16 55
S 11 20 8
S 2 5 60
S 4 16 341
S 3 19 149
S 7 20 125
S 6 15 67
S 16 20 9
C 8 252 146
S 1 4 19
C 2 226 88
S 14 15 340
C 2 248 296
S 10 19 328
C 5 33 210
C 16 90 46
S 6 13 50
C 5 36 171
S 4 12 39
C 16 69 211
S 8 14 90
C 9 222 285
C 2 222 352
S 17 18 241
C 17 202 74
C 4 34 174
C 10 251 118
S 1 8 168
C 16 299 121
S 5 17 44
C 19 225 85
S 4 5 52
C 8 352 264
S 7 12 67
C 9 25 135
C 12 229 217
C 13 213 11
41
C 19 231 61
S 6 18 177
C 5 108 318
S 5 10 336
S 10 20 91
S 5 9 168
S 1 6 11
S 8 19 66
C 12 186 274
C 1 40 32
C 14 285 33
C 11 148 71
C 15 320 263
C 1 69 146
C 20 241 223
C 19 23 34
C 11 77 152
C 14 153 249
C 19 82 195
C 5 77 120
S 10 14 262
S 14 16 232
C 5 267 238
S 6 15 164
S 8 9 49
C 19 256 233
C 19 288 351
S 10 16 11
S 4 7 17
C 3 240 347
S 18 20 301
S 4 7 137
C 3 260 172
C 13 182 184
S 5 8 162
S 11 14 15
S 1 10 179
S 7 10 15
S 14 18 117
S 7 8 27
20
S 6 14 324
C 1 341 68
C 2 197 221
C 9 207 55
C 3 146 324
C 10 199 133
C 15 251 100
S 4 11 295
S 2 11 305
C 12 127 232
S 7 12 196
C 7 189 329
C 14 84 348
S 7 8 114
C 18 75 309
C 19 213 31
S 7 20 311
S 9 17 36
C 6 56 81
C 8 134 187
50
C 15 64 139
C 5 283 15
C 9 268 164
S 16 19 335
C 7 154 64
S 12 18 312
S 16 19 10
S 15 19 143
S 7 11 58
S 2 12 208
C 20 321 46
C 19 226 219
C 2 257 188
S 10 12 115
S 1 4 43
C 16 358 145
S 5 10 186
C 20 181 151
S 5 6 160
S 4 17 336
C 7 122 272
C 16 69 297
C 13 149 74
S 3 8 43
S 17 20 26
C 2 154 347
C 18 144 171
S 4 17 104
S 8 10 54
S 7 11 348
C 10 131 135
C 11 134 67
C 1 284 233
S 1 15 268
S 4 10 106
S 3 6 196
C 17 233 260
C 6 299 171
C 18 240 74
C 2 303 259
C 9 162 12
C 1 174 101
C 10 136 352
S 5 13 151
S 5 8 117
S 8 14 319
C 10 302 183
C 4 217 262
S 6 9 285
S 1 20 280
30
C 17 73 343
C 4 339 52
C 19 337 296
C 14 236 248
S 6 7 129
S 8 14 350
S 15 17 265
S 4 19 89
C 6 303 198
S 1 18 270
C 1 262 95
C 15 157 309
S 8 20 236
S 13 14 231
C 4 215 111
S 8 18 141
S 4 10 313
S 15 18 161
S 5 11 4
S 10 19 59
S 6 8 108
C 3 263 272
S 8 19 340
C 15 302 78
S 2 7 214
C 15 79 190
C 1 68 315
C 9 100 81
C 9 81 185
C 20 251 320
40
S 8 20 36
S 7 19 159
S 5 9 149
C 4 321 49
C 14 348 145
S 5 7 109
C 12 347 230
S 14 20 214
C 7 222 191
C 19 26 8
S 11 15 191
S 13 16 159
C 10 135 232
C 1 285 71
C 13 322 45
S 4 11 124
S 8 10 260
C 2 193 71
C 10 255 146
C 9 326 66
S 11 20 359
S 17 19 172
S 1 14 323
S 1 8 254
S 14 15 344
S 5 9 56
C 4 237 127
C 5 22 75
C 7 178 191
S 5 11 10
S 8 12 74
S 4 20 10
S 8 17 158
S 17 18 215
S 1 9 71
C 9 5 358
C 15 123 343
S 12 15 349
79
C 14 306 105
C 2 200 29
S 6 20 232
C 19 44 288
S 3 13 83
C 18 150 139
S 2 14 223
S 5 20 30
C 13 234 126
C 13 336 204
C 17 118 119
S 13 20 160
C 7 308 51
S 1 13 331
S 6 17 85
C 3 152 153
S 17 18 153
C 11 319 156
C 4 18 315
C 12 201 224
C 3 304 228
S 13 17 128
S 2 18 168
S 1 8 12
C 12 29 58
S 4 19 237
S 6 9 173
S 1 2 46
S 5 17 187
S 3 15 257
S 7 18 160
C 14 306 32
C 10 225 124
S 5 19 183
S 5 19 217
S 17 19 169
C 16 213 22
C 20 7 211
C 5 134 341
S 15 19 169
S 5 13 181
C 1 141 200
S 5 12 293
S 15 19 70
C 8 187 235
C 4 180 297
S 3 18 338
S 2 13 16
C 17 95 48
S 16 17 181
S 13 19 147
S 5 17 90
S 9 20 197
C 8 57 3
S 2 9 348
C 5 121 130
S 6 11 8
C 13 43 241
C 14 171 267
S 8 9 248
S 7 9 218
C 9 157 161
S 1 6 218
C 1 41 348
C 8 167 207
C 16 251 254
S 11 16 325
S 11 18 320
C 19 125 273
S 12 15 202
C 15 46 223
C 17 281 191
C 20 290 257
S 12 15 161
S 6 11 46
S 3 17 78
C 10 11 345
S 2 6 47
4
S 4 15 75
S 5 13 279
S 1 16 279
S 4 9 91
90
C 10 62 310
C 19 351 103
C 4 48 179
S 7 9 111
C 12 202 277
S 4 5 240
C 9 107 14
S 9 16 31
C 8 185 132
S 10 17 48
C 12 358 59
S 5 13 319
S 13 19 324
S 8 13 45
S 3 13 181
C 16 99 2
S 1 18 234
S 5 20 314
S 3 4 55
C 11 44 113
S 1 12 107
S 7 10 353
S 9 16 116
C 8 106 341
C 10 97 346
C 19 13 223
C 15 129 236
C 8 272 191
S 6 10 41
S 1 5 13
S 6 17 191
S 8 16 124
C 17 310 243
C 15 52 25
C 18 276 247
S 10 17 270
C 14 193 306
C 6 89 266
C 17 126 90
C 9 337 137
S 12 18 333
S 1 19 42
C 11 185 43
S 3 20 92
C 12 81 236
C 9 36 147
S 1 10 141
S 16 18 355
C 17 127 18
C 4 25 350
C 20 184 35
C 8 0 13
S 9 16 354
C 8 232 42
S 3 6 334
S 13 14 173
C 3 194 64
S 10 19 208
C 6 239 38
C 19 275 243
C 18 52 130
S 10 12 55
C 2 191 177
C 18 297 215
S 14 20 4
C 14 7 168
S 10 20 230
S 1 17 209
C 3 144 334
S 3 10 329
C 20 1 61
S 1 17 101
S 10 14 287
S 19 20 277
C 3 358 105
C 13 262 356
C 13 146 228
S 11 12 105
C 7 147 63
C 9 93 162
C 1 299 182
S 6 7 86
S 5 15 48
C 4 157 15
S 11 16 237
S 1 2 15
S 2 4 317
S 2 3 285
C 20 102 70
52
S 5 18 224
C 2 248 225
C 10 320 274
C 17 107 276
C 20 311 180
C 1 77 121
S 4 18 254
C 19 55 133
S 10 14 355
C 2 359 177
S 3 19 38
C 11 203 195
S 5 19 23
C 12 356 343
C 11 146 194
S 6 10 324
C 11 246 69
S 1 10 205
C 6 342 24
C 19 56 174
C 18 1 322
C 20 23 37
S 9 12 127
C 12 255 278
S 4 12 7
C 18 77 353
C 18 140 139
C 8 41 72
S 7 20 304
S 8 12 172
C 10 149 320
S 11 20 138
C 7 192 47
C 18 315 177
C 6 272 113
S 3 19 77
C 19 277 35
S 3 11 196
S 2 12 135
C 16 343 215
S 16 19 191
C 16 213 278
C 13 227 150
C 16 139 309
C 2 128 75
S 2 6 336
C 15 174 195
C 12 280 105
C 2 66 209
S 10 14 103
C 9 65 298
C 5 348 49
45
C 19 57 69
C 5 115 90
C 5 243 187
C 15 38 41
C 17 289 181
S 13 19 218
C 14 309 244
S 4 11 297
C 20 254 301
S 13 17 322
S 14 20 236
S 9 10 158
S 2 17 112
C 15 228 163
C 7 344 285
C 20 194 294
C 17 87 216
S 8 15 49
S 16 20 331
S 6 7 212
S 13 17 309
S 9 10 278
C 6 33 2
S 4 13 203
S 1 19 205
C 3 258 206
C 20 257 231
S 10 14 30
C 8 348 11
C 3 339 334
C 18 287 268
S 9 11 274
S 8 17 2
C 11 167 63
S 13 14 60
S 17 18 275
C 11 173 148
S 15 20 102
C 1 13 51
C 6 96 180
C 14 55 148
C 20 237 38
S 8 15 75
C 4 248 275
C 4 154 105
99
S 12 13 177
S 3 16 315
S 8 20 50
S 10 18 90
S 12 17 358
C 15 8 103
S 4 16 333
S 4 7 277
C 18 344 255
C 2 186 50
C 19 73 267
C 10 307 309
S 1 19 106
C 17 111 239
C 2 317 239
C 8 260 201
S 18 19 292
S 1 11 3
C 1 16 175
C 12 112 165
S 10 20 135
S 5 15 117
S 8 12 91
C 13 171 180
S 6 15 253
S 7 17 137
S 8 12 243
S 3 16 84
S 7 13 308
S 4 14 233
C 8 158 320
C 20 121 275
S 2 3 282
C 9 7 118
C 20 216 266
C 4 183 128
S 10 11 89
C 5 318 155
C 2 323 68
S 9 19 249
C 4 277 137
S 4 19 305
C 8 313 73
S 5 19 333
S 4 8 9
S 3 9 206
C 8 265 329
S 1 17 76
S 13 19 234
S 17 19 313
S 4 8 348
S 6 9 289
S 4 15 92
C 3 24 189
S 15 19 212
S 8 13 189
S 1 7 65
S 15 20 28
S 15 17 325
S 13 20 343
C 2 269 153
C 15 101 115
S 9 16 322
C 8 8 9
S 6 14 307
C 9 253 180
C 17 196 255
S 10 18 62
S 15 20 138
S 13 17 325
S 1 10 109
C 12 55 315
S 5 20 213
C 12 238 331
C 12 291 285
S 11 14 21
S 9 15 285
C 8 15 296
S 2 7 24
C 20 215 43
S 6 14 113
S 11 17 40
S 10 19 100
C 3 188 197
S 2 8 17
C 18 48 169
S 6 20 229
S 4 12 99
S 5 8 55
S 6 13 356
S 12 15 15
S 1 12 177
S 2 10 183
S 11 18 33
C 1 152 186
S 6 17 33
93
S 13 18 158
S 2 13 319
S 16 20 213
S 7 14 158
C 17 328 124
S 13 15 357
C 4 73 268
C 18 47 97
S 9 14 195
C 8 198 145
C 7 174 73
S 7 11 14
C 2 357 311
C 6 218 99
C 16 282 252
S 15 16 246
S 5 7 281
S 8 14 275
C 13 237 19
C 9 275 215
S 15 17 295
C 1 344 205
S 9 12 281
C 14 140 83
S 2 8 165
S 11 18 148
S 6 10 21
C 18 87 110
S 11 14 321
S 7 18 248
S 8 10 351
S 12 16 173
C 11 244 348
S 14 16 263
C 19 138 349
C 7 225 280
S 6 16 139
C 14 171 236
C 4 225 222
C 3 178 227
S 13 14 253
S 2 7 166
S 15 20 286
C 13 165 221
C 1 219 336
S 5 11 122
C 15 306 183
C 9 85 188
S 1 13 277
C 10 170 294
C 17 332 183
S 15 19 207
S 3 19 119
C 16 96 337
S 4 18 8
C 18 51 73
S 6 15 26
S 14 15 116
S 5 14 2
S 9 20 331
C 18 163 38
C 17 163 57
S 13 19 157
S 3 8 253
C 10 115 126
S 3 17 316
C 15 140 206
S 2 14 115
C 10 4 84
S 3 10 223
C 11 92 48
C 7 15 320
C 2 54 258
C 16 264 98
S 10 13 80
S 8 15 230
S 8 12 12
C 12 251 92
S 8 14 312
S 10 13 305
C 3 190 317
C 2 156 127
C 15 182 184
C 14 38 79
S 2 5 48
C 14 17 334
C 8 279 283
C 12 57 320
C 20 30 170
C 17 69 34
S 11 12 279
C 15 118 180
95
C 13 264 349
S 4 10 347
S 4 8 37
S 5 11 345
S 12 20 261
S 6 11 346
C 13 182 81
C 8 114 167
C 9 171 15
C 4 153 222
S 7 18 279
C 17 19 149
S 1 13 82
S 11 20 286
S 7 8 274
C 5 317 341
S 14 19 347
S 5 6 246
C 20 175 227
S 1 10 31
S 7 14 310
S 10 11 330
C 12 204 269
C 4 144 208
C 4 233 292
C 14 274 330
S 6 19 80
C 12 281 245
S 8 12 357
S 8 10 355
C 14 304 335
C 14 113 316
S 3 12 207
C 7 78 37
C 9 269 322
C 3 57 87
S 2 15 307
C 10 147 16
C 18 130 279
C 6 129 140
C 14 332 49
S 3 20 349
S 1 7 175
C 15 158 226
S 3 14 258
S 5 15 196
S 1 10 192
C 6 194 280
C 3 329 292
C 1 276 79
C 9 94 355
C 2 274 280
S 1 15 255
C 16 180 44
S 9 15 205
S 1 12 154
C 14 24 274
C 16 261 338
C 12 146 89
S 6 17 126
C 3 95 322
C 11 319 318
C 5 111 98
S 4 16 85
C 10 324 90
C 11 270 171
C 17 336 102
S 3 16 17
C 15 25 12
S 14 20 20
S 3 7 244
S 5 20 219
S 12 17 337
S 12 13 251
C 8 58 18
C 20 211 204
S 7 12 150
C 6 336 158
S 9 12 243
C 10 77 263
C 16 21 176
S 1 4 10
C 11 354 72
S 11 13 239
C 1 295 220
C 7 269 25
S 16 18 234
S 18 19 150
S 6 18 357
S 2 5 275
54
S 11 17 260
S 7 20 91
C 7 199 186
S 10 18 25
S 1 7 319
S 11 20 191
C 12 214 151
C 3 295 189
C 18 269 72
S 9 16 306
C 20 249 192
S 2 3 102
S 3 16 347
S 4 17 248
C 18 308 221
S 5 16 15
C 2 193 201
S 8 18 78
S 1 18 129
S 12 17 161
S 2 4 173
C 3 308 122
S 12 15 67
C 13 51 211
C 4 113 238
C 14 237 140
S 4 16 254
S 7 9 265
S 14 17 340
C 5 120 192
C 9 84 296
S 8 19 282
S 13 19 204
C 14 17 157
C 3 288 100
S 1 5 259
C 8 80 104
S 1 7 197
C 4 178 36
C 5 310 232
C 3 213 98
S 12 20 124
C 8 48 33
C 20 17 33
C 13 313 244
S 11 12 70
S 12 16 183
C 19 94 326
S 1 13 168
S 1 20 188
C 1 23 284
29
C 18 193 245
S 7 13 283
C 8 59 32
S 8 14 66
C 6 228 132
C 11 349 171
C 2 29 120
S 8 10 230
C 1 2 101
S 9 14 43
S 3 18 175
C 8 176 49
S 1 10 177
C 12 22 171
C 3 261 270
S 11 14 202
S 12 18 66
C 14 36 252
C 15 245 341
S 9 15 119
C 14 241 329
S 10 18 307
C 18 177 68
C 6 358 92
C 17 355 43
C 9 237 334
C 3 121 304
S 11 16 338
20
C 6 327 296
S 12 17 234
C 17 273 178
S 13 14 104
C 3 159 116
S 1 10 56
S 6 20 109
C 20 144 20
C 19 20 260
C 10 197 212
S 5 12 117
C 16 189 350
C 3 353 70
S 12 14 43
S 2 10 310
C 1 323 296
S 8 14 210
S 13 17 146
C 9 114 349
32
S 3 14 245
C 1 295 81
C 1 138 282
S 3 13 230
S 18 19 251
S 7 10 188
S 5 12 232
C 8 189 187
S 10 17 327
S 15 16 62
C 9 128 143
C 16 200 217
C 19 209 162
C 18 330 211
C 1 355 300
C 9 241 147
C 11 257 224
C 7 292 30
C 17 97 329
S 9 10 154
C 11 166 317
S 3 16 257
C 5 286 144
C 7 261 32
C 14 111 255
S 4 6 318
C 15 226 274
S 6 18 126
S 15 17 288
C 4 322 238
C 8 43 76
98
S 5 9 184
C 2 31 177
S 16 19 112
C 20 0 279
C 3 27 251
S 10 18 320
S 4 6 310
C 18 91 62
S 12 19 200
S 15 20 47
S 12 15 128
S 1 12 318
C 20 267 149
C 2 122 345
S 6 8 262
C 17 260 279
S 9 15 291
S 2 19 96
S 10 11 132
S 12 17 247
S 10 13 152
S 7 8 354
S 10 14 300
S 6 11 144
S 8 11 352
C 5 343 94
C 10 319 350
C 10 56 327
C 15 276 22
S 2 15 210
S 5 11 314
C 1 129 80
S 3 11 53
C 3 108 280
C 12 180 65
C 6 158 265
C 17 126 11
S 11 17 121
S 5 13 304
C 13 342 13
S 1 18 66
C 12 355 340
C 4 95 87
S 1 15 7
S 2 16 23
C 8 326 183
S 14 16 197
C 18 233 274
S 4 5 287
C 6 40 340
S 6 11 24
C 18 323 239
C 12 353 97
C 19 162 346
C 8 341 64
C 2 223 76
S 1 11 73
C 10 69 93
S 6 20 41
C 10 274 277
C 5 151 208
C 14 319 212
C 1 242 234
C 7 130 118
C 13 156 351
S 7 8 199
C 15 15 191
C 9 91 20
S 2 7 347
S 13 19 92
C 12 119 43
C 7 215 347
C 6 32 294
S 14 20 84
S 2 12 102
S 5 7 130
C 20 294 189
S 4 9 16
C 3 148 297
C 6 10 184
S 3 14 300
S 3 19 317
C 14 307 308
C 5 272 122
S 4 6 36
S 6 10 177
C 13 15 168
C 11 36 348
C 11 300 187
S 10 11 289
C 1 95 209
C 9 200 356
C 17 19 267
C 9 132 119
C 12 23 97
C 16 36 61
C 18 179 69
33
S 4 9 80
C 8 290 244
S 8 11 212
S 8 19 171
C 14 144 194
S 14 20 174
C 16 227 130
S 7 19 262
C 13 314 64
S 7 13 149
S 2 17 246
S 4 9 358
C 17 108 117
C 19 288 159
C 11 42 15
S 12 19 196
C 16 240 228
C 8 242 313
S 3 15 148
C 14 269 281
C 12 47 72
S 16 20 275
C 3 124 188
C 5 109 319
C 18 301 46
S 1 17 53
C 12 202 110
S 10 15 279
S 10 20 31
C 2 119 81
S 5 12 136
C 4 285 347
18
C 3 45 93
C 8 313 313
C 14 192 181
S 16 17 103
C 19 183 257
C 13 285 57
S 16 19 77
S 4 17 333
C 18 138 203
S 3 6 185
S 4 6 355
C 4 177 3
C 1 292 186
S 7 9 164
C 4 327 279
S 5 11 267
S 8 17 47
C 14 343 319
4
S 5 10 183
S 5 19 42
S 5 7 84
C 10 187 83
57
C 16 59 275
S 16 19 63
S 2 4 41
S 4 19 300
C 13 223 44
S 9 10 201
S 2 13 279
C 15 254 37
C 10 267 236
C 2 54 147
C 18 229 295
S 6 20 241
S 4 18 338
S 15 18 48
S 13 18 24
S 3 18 38
S 7 11 359
S 18 19 46
C 20 163 214
C 19 151 87
S 9 17 167
S 7 8 0
S 14 20 282
S 13 18 219
C 15 297 91
C 19 136 198
C 1 200 37
C 18 19 321
C 5 20 177
S 15 18 30
S 1 13 258
S 9 15 157
S 6 20 96
S 4 15 121
C 15 334 186
S 11 13 30
S 6 8 142
C 5 325 203
S 2 7 355
S 6 8 259
C 11 204 239
S 10 14 66
C 10 60 295
S 7 16 215
S 3 8 274
C 6 225 222
S 2 18 87
C 3 55 188
S 12 14 177
C 17 13 262
C 10 109 181
S 1 10 159
S 2 11 17
C 2 4 67
C 17 218 186
C 19 143 334
S 5 10 103
63
C 19 132 74
C 15 344 9
S 4 15 69
S 10 19 335
C 6 39 25
C 17 163 328
C 10 60 226
C 19 225 107
S 14 15 276
S 4 16 18
C 13 69 136
C 7 305 192
S 9 16 5
S 3 4 280
S 4 12 243
S 5 16 317
C 3 249 49
S 2 10 145
S 1 8 233
S 4 6 234
S 10 19 174
S 14 18 160
C 9 205 333
C 13 310 299
C 3 253 297
S 2 15 222
S 4 16 45
C 16 33 300
C 9 346 218
C 4 18 117
S 2 11 348
S 11 14 138
C 6 213 38
C 11 331 89
S 7 10 135
S 15 19 359
S 3 16 163
C 1 293 140
C 4 97 141
C 2 274 90
C 17 296 79
S 3 19 344
C 11 167 356
S 2 9 315
C 15 145 246
C 15 250 124
C 19 78 311
S 13 16 39
S 5 14 222
S 1 18 131
S 10 16 170
C 5 301 44
C 14 58 329
S 10 20 162
C 12 358 167
S 7 18 77
C 6 173 56
S 11 12 262
C 8 37 82
C 17 282 92
S 2 12 351
C 6 323 339
6
S 11 19 112
C 6 54 72
S 8 18 240
C 17 277 129
C 12 136 271
15
S 7 19 176
C 8 9 216
S 4 11 355
C 14 278 46
C 17 71 289
C 5 251 265
S 6 16 271
C 13 267 331
C 3 2 156
C 11 309 78
S 3 19 336
S 11 17 93
C 18 301 352
C 10 190 340
49
C 1 60 181
C 17 159 271
C 17 262 295
C 12 240 202
S 12 13 228
C 8 333 244
C 20 153 94
C 18 270 54
S 7 17 50
C 4 305 37
C 12 180 80
S 5 18 329
C 19 104 304
C 9 320 7
S 9 17 79
S 3 5 257
C 8 43 186
S 9 15 132
S 5 8 87
C 8 323 144
S 14 19 148
S 13 15 344
C 3 251 101
C 14 275 28
C 3 335 165
C 12 184 185
S 2 9 18
S 6 16 135
S 1 2 315
C 5 314 274
S 7 8 73
C 15 146 162
C 10 154 64
C 18 155 84
S 8 17 167
C 4 318 301
S 14 17 204
S 3 19 134
S 1 14 46
C 20 177 349
C 15 305 216
C 3 309 161
C 2 213 122
C 19 36 317
C 20 84 356
12
C 13 202 165
S 8 9 11
S 5 13 338
C 19 290 38
S 3 13 30
S 1 8 352
S 3 6 84
S 14 18 58
S 5 11 247
C 3 244 99
C 18 165 120
C 2 138 335
20
S 2 10 197
C 4 11 70
C 20 184 80
C 6 198 223
C 2 23 198
S 16 18 199
S 9 19 252
S 8 14 236
C 4 138 214
S 9 19 293
S 8 15 26
S 11 17 209
C 15 186 207
C 7 317 181
C 7 80 47
S 6 19 281
S 4 7 158
S 4 13 88
C 16 327 195
S 18 20 230
40
S 10 16 204
S 8 17 209
S 12 16 288
S 9 13 268
C 10 330 344
S 3 7 178
S 7 12 298
C 17 335 279
C 20 135 68
S 3 10 190
S 12 19 77
S 12 20 128
C 10 332 332
S 1 5 112
S 1 19 280
S 7 11 293
C 14 94 109
C 2 313 151
C 9 157 315
S 2 17 74
C 12 47 47
C 13 66 20
S 3 20 274
S 4 18 94
S 13 20 189
C 17 51 304
C 1 210 272
C 19 341 194
C 14 90 355
C 10 90 34
S 3 17 175
S 2 5 277
C 18 106 101
S 6 12 201
C 14 38 302
S 4 9 247
C 13 255 118
S 2 15 354
S 9 19 130
C 2 81 248
44
S 4 18 248
S 8 20 162
C 3 103 43
S 1 8 199
C 6 334 334
C 3 155 1
C 10 2 206
C 10 283 0
S 6 11 60
C 20 164 45
C 19 245 142
C 4 281 322
C 9 1 267
S 12 20 218
S 7 11 69
S 16 19 206
S 13 14 239
C 12 39 204
C 10 161 277
C 15 346 237
C 2 159 198
C 3 7 6
C 9 122 350
C 17 337 310
C 5 60 349
S 3 4 246
C 3 110 138
S 4 9 267
S 8 20 187
C 9 171 72
C 15 242 122
C 10 156 258
C 7 198 156
S 6 15 328
C 11 160 22
C 13 211 148
C 14 137 157
C 11 284 142
C 7 14 146
S 8 18 220
S 2 6 218
S 4 10 302
S 11 12 51
S 1 13 51
47
C 4 179 348
C 14 200 317
S 4 9 223
C 6 86 129
S 18 19 57
C 1 211 4
C 18 336 343
C 9 227 131
S 7 18 48
C 3 134 303
C 18 48 15
C 15 125 138
S 7 13 105
S 5 20 255
C 20 305 205
C 15 70 162
C 14 262 264
S 9 14 263
S 9 12 164
S 7 12 203
S 7 8 88
C 12 48 141
S 11 12 31
C 15 274 137
S 5 20 199
C 19 150 257
C 2 234 270
C 19 163 120
S 3 14 183
S 7 16 47
C 3 144 61
S 11 19 115
C 10 148 173
S 3 14 227
C 12 81 319
C 17 181 222
C 9 47 212
C 12 232 75
C 15 37 293
S 9 18 298
C 5 268 289
C 4 341 6
S 1 14 320
S 4 19 292
S 16 20 20
S 1 3 358
S 5 10 275
18
S 6 19 257
S 1 11 55
C 5 221 300
C 12 271 162
S 17 20 201
C 4 288 227
C 17 220 359
S 3 11 130
C 11 282 172
S 3 17 181
C 3 254 349
S 13 19 143
S 7 14 351
C 11 100 344
S 1 2 137
C 4 186 46
C 20 203 138
57
S 13 16 21
S 1 20 57
C 13 10 68
C 9 166 95
C 4 313 142
S 7 12 36
S 3 16 207
C 10 230 156
S 7 15 123
C 12 22 182
C 17 256 331
C 2 271 68
C 1 87 52
C 13 303 100
S 5 20 200
S 15 16 347
S 2 10 101
C 11 192 272
S 10 20 174
C 12 13 192
S 10 18 147
C 18 288 188
C 14 290 167
C 4 312 232
S 4 9 70
C 20 164 327
C 18 36 98
S 3 6 71
C 17 91 75
C 18 56 7
S 5 15 217
C 6 342 230
C 1 14 287
S 2 10 251
S 5 12 67
S 8 16 16
S 5 9 323
C 4 205 302
S 8 20 22
S 1 17 352
C 9 187 340
S 5 6 103
S 3 11 68
S 9 14 125
C 5 162 192
C 19 111 32
C 13 344 197
C 4 47 354
S 6 13 140
S 13 19 160
S 2 15 274
C 14 253 325
S 13 16 321
S 11 15 328
S 2 6 181
100
S 9 16 207
S 10 12 72
S 13 17 265
S 7 19 306
S 9 11 242
S 11 16 85
C 6 60 287
C 9 108 192
S 3 18 19
C 17 56 193
S 5 12 84
C 15 67 314
S 5 8 295
S 9 19 197
S 5 17 199
S 2 12 319
S 9 20 89
S 16 18 262
S 8 14 120
C 11 35 79
S 2 18 276
S 14 17 11
C 8 200 77
S 3 16 254
C 20 87 42
C 3 278 343
C 9 45 10
S 6 13 191
S 16 20 344
S 9 15 59
C 15 18 318
S 7 15 276
S 16 19 157
S 3 13 308
S 2 17 223
C 11 80 116
C 17 217 271
S 2 8 85
S 7 11 358
S 3 7 320
C 10 88 351
S 12 15 129
S 5 9 42
C 12 111 228
C 13 183 22
S 3 8 258
S 5 13 210
C 16 165 130
S 4 18 40
C 14 336 19
S 5 7 187
C 5 23 216
C 17 154 205
S 3 18 297
C 13 59 169
S 4 14 247
S 8 16 163
C 3 152 278
C 12 237 167
C 15 104 232
S 12 17 129
S 12 15 206
C 20 316 214
C 10 317 332
S 1 16 138
C 20 10 182
S 9 11 109
S 2 18 225
C 10 94 156
S 7 10 252
C 8 285 226
C 3 238 342
C 4 252 85
S 10 20 67
S 10 20 64
C 11 7 300
C 2 15 23
C 16 319 184
C 19 258 255
S 1 10 64
S 11 19 106
C 9 8 41
S 18 19 331
S 5 20 128
C 17 259 244
C 11 113 358
C 15 242 50
S 2 19 172
C 14 73 236
C 11 244 285
S 8 15 260
C 10 346 36
C 14 211 31
C 8 176 229
C 14 106 33
S 4 6 85
S 3 11 84
C 4 89 309
S 17 19 32
80
C 19 40 183
S 9 16 336
C 3 53 282
C 12 210 137
C 20 23 47
C 19 102 193
S 14 18 57
S 12 14 6
C 3 65 317
C 13 39 159
C 11 169 339
S 1 10 181
C 13 208 294
S 4 17 231
C 8 114 326
S 8 14 134
C 6 118 76
S 3 14 281
S 3 16 41
S 10 17 331
C 7 203 83
S 3 4 146
S 11 19 317
C 17 28 198
S 10 11 225
S 17 20 282
S 3 5 166
C 15 244 139
S 16 20 59
C 1 145 153
S 6 20 86
S 1 15 88
C 5 183 259
C 20 292 13
C 5 113 233
C 2 253 190
S 3 18 43
S 10 17 246
S 10 19 190
C 15 112 58
S 10 20 198
C 2 201 256
C 11 313 24
C 3 316 284
C 16 96 125
S 1 14 32
S 13 20 117
S 7 11 142
S 8 9 301
S 2 20 303
S 4 9 96
S 5 7 248
C 9 342 324
S 13 14 52
C 4 326 219
S 15 20 43
S 2 3 109
S 8 10 73
C 2 123 83
S 2 14 227
S 13 14 280
S 1 19 202
C 13 56 259
C 1 258 333
S 11 13 346
C 11 41 259
S 3 16 239
C 8 79 78
S 17 20 196
S 4 19 307
C 17 147 341
C 10 52 83
S 2 11 136
C 7 157 288
S 12 14 21
S 12 20 281
S 14 19 96
C 1 235 263
94
C 6 97 4
C 3 163 77
S 1 6 268
C 8 341 297
C 7 265 159
C 18 336 153
S 4 13 284
S 1 12 352
S 17 19 257
S 7 19 138
C 6 140 281
S 5 14 271
C 19 350 106
C 8 286 279
C 18 280 16
C 9 258 218
S 6 9 3
S 3 9 346
S 9 11 320
S 15 17 230
S 17 19 172
S 13 16 263
C 13 310 257
S 9 18 48
S 11 18 284
C 12 13 122
C 17 155 115
C 8 91 69
C 19 16 306
S 2 20 48
C 1 66 330
C 17 340 124
S 12 13 209
C 17 30 322
C 16 58 38
S 8 10 63
C 20 62 139
C 14 22 103
C 6 329 97
S 15 19 104
C 7 211 165
S 1 18 222
C 3 271 245
S 13 14 22
C 9 82 309
S 9 10 63
S 10 15 162
S 3 6 8
S 3 10 169
C 4 38 115
C 14 124 334
S 5 17 339
C 9 258 142
C 4 254 309
C 2 224 346
S 9 12 158
C 1 173 269
S 5 13 64
S 4 9 176
C 10 339 156
S 2 3 241
C 19 111 104
S 15 17 136
S 10 12 192
S 2 14 124
C 18 24 346
C 5 126 247
C 15 249 274
S 3 10 208
C 20 52 50
S 1 17 109
C 20 134 337
C 7 317 243
S 12 16 272
S 3 9 137
C 20 131 176
S 3 7 177
C 14 265 15
S 8 10 260
C 8 105 99
C 19 329 116
C 10 49 192
C 14 355 243
C 15 20 129
C 2 330 108
C 2 338 224
C 12 72 84
C 6 14 61
S 5 11 212
C 17 115 290
S 5 13 145
C 3 267 266
S 7 10 306
18
C 1 96 223
C 7 305 12
S 14 18 40
C 13 212 292
S 4 15 126
S 5 15 305
S 5 15 172
C 8 93 104
S 14 18 18
C 2 220 280
S 3 12 210
S 3 13 312
S 7 11 55
C 5 323 52
S 10 14 320
C 9 132 0
S 10 14 354
79
S 5 11 306
C 17 235 214
C 15 112 233
C 20 187 294
S 11 19 175
S 4 6 121
C 4 99 129
C 6 111 276
C 5 253 246
S 1 15 147
C 6 93 41
S 10 18 347
C 13 62 214
C 14 247 357
C 5 356 23
C 16 359 146
S 4 7 125
C 1 140 28
S 5 17 29
C 19 239 357
C 6 122 156
S 8 14 324
S 3 19 97
S 13 17 39
S 4 8 285
S 2 4 223
C 14 225 39
S 12 19 73
C 11 355 71
C 6 315 333
S 4 15 179
C 14 337 185
S 15 20 6
C 12 263 161
S 4 16 63
C 5 323 82
C 7 40 168
C 5 136 240
S 10 17 48
S 1 8 205
S 4 16 236
C 3 117 301
C 15 49 38
S 3 10 43
S 12 16 337
C 11 64 350
S 11 19 80
C 13 354 58
S 8 16 42
C 20 0 205
S 1 11 124
C 9 113 201
C 20 161 135
C 20 309 288
S 7 11 77
S 8 18 238
S 6 13 18
S 3 16 9
S 6 16 45
C 9 36 94
C 12 173 60
C 16 124 106
C 1 258 105
S 17 19 139
C 1 335 10
C 18 247 206
S 2 9 335
C 7 74 192
S 15 20 103
C 7 271 250
S 7 8 179
C 13 268 50
C 5 258 156
C 20 133 5
C 10 121 37
C 5 328 211
C 8 183 25
C 16 214 45
S 2 16 62
22
C 20 234 339
C 16 304 80
S 1 9 41
S 4 20 63
S 5 10 155
C 17 330 211
S 14 20 36
C 1 285 128
S 5 14 208
C 4 253 178
S 7 16 72
S 1 16 337
S 1 10 313
C 1 83 243
S 1 9 74
C 6 151 116
S 2 16 174
C 11 177 197
C 12 223 74
C 6 350 289
S 1 17 18
C 18 335 3
13
C 11 344 189
C 10 146 283
S 2 10 8
S 8 19 308
S 8 15 333
C 18 346 199
S 12 17 97
S 4 14 252
S 11 13 242
S 3 19 289
S 9 18 210
S 2 12 265
30
S 11 12 123
S 15 20 204
C 11 138 178
C 5 97 66
S 14 16 8
C 11 62 1
C 9 347 174
C 6 271 127
C 15 44 322
C 19 193 250
S 4 13 166
S 5 9 135
C 17 304 226
S 8 12 120
S 11 15 107
C 1 3 288
S 1 13 261
S 9 14 310
C 12 249 203
C 4 202 220
S 11 12 237
S 6 17 39
S 12 15 157
S 13 16 21
C 13 353 285
C 7 246 58
C 8 72 131
S 9 20 233
S 3 19 27
C 19 97 334
6
C 11 141 260
S 3 10 169
S 9 19 335
S 8 18 70
C 11 213 237
S 7 13 240
33
S 2 14 294
S 4 9 225
S 7 14 115
C 16 358 91
C 14 275 314
C 19 143 113
C 19 117 343
S 9 18 96
S 8 10 131
S 6 11 157
C 6 81 319
S 3 8 117
S 1 9 27
S 3 11 99
C 4 161 290
C 14 311 309
S 8 19 213
S 4 11 312
C 17 214 93
S 5 18 34
S 8 12 267
S 2 13 310
C 1 68 214
S 10 11 289
C 15 128 208
S 1 16 282
S 10 18 77
C 15 194 157
C 12 233 26
S 1 5 196
C 17 40 180
C 7 251 188
89
C 20 21 280
C 9 130 276
C 18 189 142
C 12 181 70
S 3 12 296
C 19 25 63
S 13 19 313
C 20 343 337
C 18 133 105
S 8 13 35
C 9 166 131
S 16 20 243
S 18 20 247
S 12 14 340
S 5 17 222
C 5 235 340
S 6 17 343
C 3 285 96
C 11 43 80
C 2 202 319
C 9 53 341
S 2 8 240
C 9 301 109
C 16 84 11
S 2 14 305
C 10 335 332
S 8 15 316
C 16 122 17
C 3 264 89
S 11 13 185
C 3 255 56
C 10 223 44
C 9 274 231
C 11 8 315
S 3 13 126
C 7 342 42
S 1 10 79
S 6 20 5
S 16 18 38
C 14 177 359
C 2 101 146
S 7 13 124
S 2 4 99
S 1 14 86
S 1 12 150
S 3 10 353
S 2 6 168
C 3 310 7
C 17 166 264
C 12 141 140
S 1 10 77
S 17 19 282
C 4 143 272
C 5 114 219
C 14 226 241
S 13 20 163
S 4 15 353
C 19 182 284
S 8 10 3
S 6 16 49
S 1 15 78
S 5 9 348
C 12 276 340
C 20 187 159
C 5 180 138
C 8 154 151
C 14 219 231
S 9 13 314
S 8 9 210
C 9 125 181
C 14 271 162
S 14 20 219
C 8 264 40
C 4 283 139
C 3 356 176
S 5 10 9
S 12 16 211
S 10 14 290
C 9 275 65
S 1 10 346
S 13 17 45
C 1 191 17
S 3 17 81
S 11 12 296
C 14 112 75
59
S 11 15 109
S 17 20 11
C 6 278 212
C 8 67 227
S 11 14 166
C 11 202 101
S 8 9 165
C 4 283 238
C 12 346 113
S 14 19 130
C 13 351 187
C 20 183 9
S 11 14 218
C 6 86 114
C 1 2 351
C 8 221 40
S 4 7 322
C 7 326 136
S 6 9 26
C 8 9 216
S 10 12 267
C 6 98 223
S 6 11 211
C 8 349 139
C 5 195 160
C 14 97 66
C 10 3 297
S 8 13 216
C 18 231 189
C 18 209 252
C 7 137 326
C 15 318 306
C 11 44 143
C 14 184 346
S 1 20 94
S 1 6 208
C 15 231 324
S 8 15 329
S 7 11 166
C 4 226 60
S 5 9 128
S 5 16 67
C 18 256 99
S 4 6 187
S 9 15 79
S 1 7 31
C 3 274 88
S 2 11 189
C 5 184 12
C 16 359 318
C 15 171 62
S 4 14 12
S 3 8 139
S 6 19 161
C 1 171 159
C 16 245 52
C 15 92 182
38
C 9 345 125
S 8 12 122
C 15 337 298
C 14 236 223
C 8 252 295
S 6 11 123
S 13 18 211
S 19 20 21
S 1 10 108
S 4 19 351
C 19 89 182
C 8 165 35
S 14 18 205
S 15 20 325
S 12 14 243
S 13 14 299
C 12 67 98
S 6 11 54
S 3 9 120
C 12 44 266
S 3 6 331
C 15 291 264
S 16 17 327
C 8 243 133
C 2 268 152
S 15 18 283
C 2 202 338
S 3 20 14
S 4 18 282
C 15 330 288
S 3 11 140
C 1 78 267
S 4 17 355
C 9 71 33
S 12 16 297
C 14 247 51
75
C 3 22 129
C 12 32 353
S 16 18 220
S 1 17 231
C 10 301 286
C 1 226 34
S 6 7 175
S 4 15 184
C 20 143 40
C 3 215 163
S 10 14 226
C 6 316 74
C 3 81 143
C 12 325 131
S 7 17 5
S 3 16 155
C 16 193 232
C 16 207 202
C 5 299 113
C 10 222 121
C 5 316 286
C 15 339 306
C 19 96 290
S 11 13 142
C 2 75 158
C 17 166 240
S 3 11 61
C 5 312 154
S 10 16 93
C 15 253 78
S 11 15 263
C 5 218 131
S 1 13 126
C 9 55 153
S 11 18 70
C 20 248 312
C 20 325 138
S 7 11 113
C 16 292 210
S 4 6 196
C 4 79 205
S 5 14 166
S 1 10 199
S 3 13 191
C 5 250 263
S 1 12 19
C 16 228 30
S 2 4 197
S 3 20 314
S 10 18 231
C 15 101 96
S 2 11 49
C 12 326 24
S 11 19 90
S 4 20 180
S 10 17 131
C 4 229 285
S 15 17 128
C 6 197 176
S 5 10 326
C 2 132 333
S 3 19 276
S 3 18 34
S 7 12 206
C 16 33 312
S 8 19 160
S 3 8 182
C 19 231 2
C 12 144 288
S 10 12 246
C 2 333 311
C 18 130 169
S 3 7 150
98
S 2 7 144
C 18 333 195
C 17 6 69
C 14 320 34
C 19 179 248
C 10 335 281
S 8 11 147
S 3 20 49
S 1 15 205
S 10 14 283
C 18 216 254
S 1 20 187
S 10 16 14
S 15 16 165
C 2 49 54
C 6 214 19
S 3 6 256
C 4 252 281
S 6 17 306
S 7 11 130
C 9 33 38
C 8 336 359
S 9 17 331
S 8 18 174
S 6 11 325
C 13 333 225
S 2 10 2
S 13 15 218
S 12 19 309
S 2 4 148
S 5 13 104
S 12 19 244
C 6 240 277
C 20 295 277
C 7 32 249
C 5 106 179
S 7 19 51
S 7 10 259
S 14 20 65
C 15 352 341
C 17 271 197
C 4 306 293
S 15 20 178
C 5 246 125
C 14 245 19
C 6 45 64
S 5 15 165
S 15 17 102
S 11 17 222
C 13 14 197
C 13 325 153
C 20 342 83
C 2 231 23
S 15 19 244
C 15 254 138
C 18 115 251
S 2 9 3
S 8 10 114
S 6 19 218
C 6 353 102
S 1 10 319
S 8 18 271
S 3 17 234
S 3 9 11
C 5 303 6
C 10 200 354
S 2 10 105
C 14 90 194
S 2 5 274
S 2 18 204
C 15 286 322
S 16 19 286
S 3 6 233
C 10 94 317
C 1 257 97
S 6 9 209
C 11 341 252
C 5 155 12
S 10 19 233
C 13 142 132
S 6 17 86
C 15 353 96
S 6 16 277
S 10 20 172
C 2 235 77
C 14 161 143
S 9 19 19
C 2 336 22
S 8 11 134
C 17 145 176
S 14 16 96
S 2 8 149
C 7 25 70
C 4 275 50
S 7 14 140
91
S 5 14 245
C 6 311 101
C 2 236 247
C 4 227 259
S 1 20 321
S 15 16 252
C 19 14 193
C 7 1 118
S 1 15 352
C 12 59 68
C 17 89 150
C 19 237 231
S 6 10 255
S 1 20 125
C 10 352 274
C 19 278 320
S 2 10 342
C 7 163 305
S 5 9 157
C 7 335 7
C 5 0 67
S 5 18 97
C 16 107 197
C 8 232 57
C 15 49 242
S 3 6 29
S 1 20 267
C 17 256 23
C 17 87 180
S 2 9 211
S 3 12 104
C 18 256 137
C 17 188 78
C 18 237 84
C 7 324 157
S 5 17 60
S 1 12 133
S 15 20 299
S 1 17 270
S 6 10 155
S 1 19 100
S 1 8 181
C 4 75 47
S 10 20 20
S 2 12 229
C 16 211 350
S 9 10 125
C 12 218 81
S 3 18 27
C 9 310 285
C 8 85 263
S 8 16 233
S 6 8 41
S 17 19 204
S 1 16 48
C 7 218 236
S 4 8 115
C 11 96 232
C 1 260 286
C 9 56 318
C 15 144 11
S 10 19 231
S 5 17 301
S 8 16 131
S 18 19 118
C 12 49 341
S 4 20 189
C 19 30 39
C 12 103 209
S 6 15 271
C 5 238 244
S 4 16 338
S 2 10 200
S 1 12 139
C 20 337 278
S 11 19 109
S 9 11 170
S 11 20 288
C 9 257 15
S 1 15 129
S 1 6 218
C 20 101 170
C 15 28 36
C 12 270 242
C 3 104 223
C 18 325 240
S 12 20 241
S 11 14 82
C 20 8 281
83
C 15 313 37
S 13 15 177
C 2 338 268
C 5 126 230
S 18 19 304
S 1 7 110
S 10 12 270
C 12 315 181
C 12 312 155
S 5 13 333
C 9 72 293
C 5 242 305
C 11 353 156
S 5 16 301
C 8 93 172
C 6 234 357
C 16 104 32
C 7 207 342
C 19 31 292
C 1 2 109
C 16 33 276
C 1 21 27
C 8 336 231
C 9 173 24
C 10 168 18
C 5 60 146
C 16 313 182
C 3 234 281
S 11 19 98
S 6 16 263
S 5 9 157
C 12 157 338
C 5 141 295
S 16 17 86
S 11 18 289
S 5 9 110
C 11 22 172
S 5 6 318
C 5 191 107
C 4 287 252
S 6 9 268
C 12 335 356
S 9 17 320
C 7 125 62
C 10 6 233
S 5 18 199
S 17 19 320
C 18 335 249
S 4 6 300
S 15 17 69
C 12 39 13
S 11 14 90
S 2 7 7
S 4 12 112
C 4 92 318
S 8 10 293
S 3 11 166
C 18 69 292
S 10 20 238
C 16 155 226
C 15 206 355
S 9 18 15
C 13 239 55
C 13 49 43
S 4 6 105
S 6 12 116
C 3 324 205
S 6 14 164
C 11 139 22
C 19 279 305
S 3 8 320
S 4 15 131
S 6 15 230
S 13 16 261
S 6 17 1
C 5 82 194
S 10 19 16
S 5 8 107
C 18 127 38
C 12 115 212
S 1 16 51
C 10 122 24
S 11 13 51
79
C 10 199 151
S 1 16 186
S 9 16 167
S 13 14 333
C 9 331 0
S 3 10 91
C 10 324 44
C 17 68 245
S 17 18 291
S 3 10 40
C 4 60 268
C 7 232 1
C 7 186 124
S 15 16 270
C 6 315 29
C 8 314 53
S 1 20 126
C 17 294 9
S 3 7 99
S 17 20 194
C 17 32 115
C 2 348 253
C 7 180 335
C 3 211 273
C 14 137 332
C 20 241 83
C 10 257 9
C 2 222 276
S 1 11 269
S 13 16 296
C 7 160 80
S 2 15 280
C 15 139 307
C 7 113 277
S 4 13 192
C 3 119 257
C 1 173 130
C 1 117 212
S 10 18 9
C 12 318 336
S 8 19 246
C 2 215 341
C 12 55 38
C 2 350 248
S 8 18 326
S 2 10 171
C 16 225 107
S 1 3 164
S 1 5 215
S 6 17 113
C 12 126 66
C 4 230 242
C 3 1 311
S 3 17 118
S 1 6 201
C 1 7 150
S 6 11 70
C 4 171 359
S 9 14 105
C 12 253 231
S 19 20 4
C 18 151 248
C 8 120 330
C 4 266 306
C 3 10 316
C 6 50 61
S 12 13 357
C 8 295 279
C 12 164 331
S 8 15 67
C 2 123 252
C 9 217 154
S 7 16 304
S 3 13 346
S 1 7 275
S 3 5 275
S 2 14 126
C 15 30 239
11
S 2 7 142
S 15 16 56
C 10 41 290
S 11 15 157
C 20 162 336
C 10 171 139
C 7 232 298
C 20 132 171
C 8 334 195
C 3 14 134
C 1 344 262
27
C 12 30 146
S 8 18 189
C 2 241 128
S 6 16 263
S 2 8 264
C 6 123 189
S 6 12 282
C 16 336 136
S 12 19 316
C 8 40 83
S 2 18 353
S 12 20 115
S 2 10 294
C 14 3 183
C 20 26 169
C 11 62 145
C 2 121 136
S 6 13 8
C 9 47 301
S 4 5 204
S 2 17 357
C 2 64 102
C 8 190 355
C 20 323 184
C 17 93 35
S 4 5 278
S 5 6 219
11
S 5 13 292
S 16 20 232
C 11 35 90
C 10 343 36
C 20 61 278
C 11 9 112
C 14 49 29
C 12 286 178
C 16 345 148
C 13 4 314
S 11 16 124
63
C 17 345 200
S 9 12 198
C 1 85 349
C 11 24 347
S 8 15 341
S 3 8 326
C 15 268 173
C 17 266 330
C 7 63 331
C 2 296 142
S 2 19 128
C 4 91 116
S 5 15 225
S 8 20 252
S 4 9 352
C 2 114 333
S 15 19 263
S 5 8 81
S 2 15 58
S 1 17 83
C 10 76 97
C 3 295 327
S 1 8 127
S 8 15 233
S 8 14 109
S 1 14 282
C 8 48 235
S 1 7 210
C 4 52 143
C 2 260 140
C 7 54 300
S 13 17 8
S 9 12 300
S 9 14 123
C 12 211 136
S 4 19 201
S 2 20 28
C 2 91 215
C 6 34 55
C 16 216 86
S 15 17 60
C 12 334 338
S 9 14 171
S 9 16 61
S 3 9 357
C 14 277 310
C 15 69 315
C 16 121 147
S 1 11 51
C 17 159 155
C 16 126 163
S 7 18 29
S 16 18 304
S 7 12 165
S 4 11 83
C 18 96 60
C 19 168 329
C 14 339 180
C 5 357 13
35
S 5 10 226
C 3 57 234
S 16 18 72
C 7 67 241
C 19 18 150
C 6 27 273
S 9 15 73
S 2 12 212
C 6 34 178
C 2 252 187
S 10 11 276
S 9 16 187
S 1 10 310
C 17 278 323
C 17 72 126
S 6 8 255
S 3 13 241
S 10 11 3
S 9 19 232
C 20 39 52
S 7 16 351
S 6 12 90
S 14 19 219
S 12 18 146
C 8 157 282
C 8 231 200
S 6 8 331
S 8 12 288
C 20 140 161
S 2 6 86
S 15 16 85
S 12 13 305
23
S 1 2 105
S 5 19 319
C 12 322 315
C 20 261 316
C 16 255 255
C 12 18 87
C 18 117 185
C 7 4 151
S 5 9 266
C 9 50 100
C 6 184 87
C 20 353 70
S 13 19 71
S 12 16 145
C 20 218 3
S 2 15 220
C 15 123 312
C 3 203 141
C 12 136 24
S 14 18 23
S 4 19 174
S 2 5 15
C 18 140 340
99
C 3 14 252
C 4 176 131
S 1 8 120
C 4 116 216
S 4 15 168
S 3 9 120
S 5 6 271
C 13 0 317
S 3 14 313
C 20 194 200
C 1 122 68
S 7 14 216
S 1 14 151
S 2 10 112
S 2 12 230
S 14 17 254
S 15 17 129
C 15 94 182
C 13 324 159
C 3 53 257
S 6 12 131
S 9 18 122
S 8 15 73
C 6 113 191
S 13 15 86
C 1 236 335
S 8 16 155
C 17 31 164
S 6 14 40
S 8 10 267
S 3 14 133
C 11 156 225
S 2 5 187
S 3 6 80
C 5 165 345
C 12 25 268
S 3 16 335
C 12 339 315
S 5 6 344
C 9 39 51
C 1 88 83
S 1 12 335
C 5 273 165
S 8 18 182
C 12 63 250
S 7 19 137
C 2 241 100
C 15 32 264
S 15 19 114
C 11 43 358
S 6 14 186
S 2 10 226
C 1 337 69
S 8 14 46
S 5 13 272
S 1 8 341
C 11 340 76
S 12 13 182
S 7 14 304
S 7 8 207
C 1 10 219
C 19 274 145
C 19 8 118
S 10 17 173
S 15 17 129
C 3 340 336
C 2 300 101
C 7 342 341
S 8 19 105
C 5 149 143
C 4 21 41
C 16 177 5
S 12 16 216
S 10 17 253
S 18 19 43
S 7 14 93
C 8 285 129
S 8 16 198
C 9 353 184
S 7 17 284
C 16 317 236
S 9 20 44
C 2 306 223
C 13 317 72
S 4 9 116
C 5 44 3
S 3 18 193
C 3 138 117
C 20 40 45
S 6 19 341
C 11 268 197
C 16 181 348
C 20 281 108
S 8 11 241
S 3 18 256
C 1 193 315
53
C 12 307 254
S 2 12 286
S 6 10 26
C 14 143 317
C 20 211 184
S 9 15 218
C 4 279 166
S 17 20 48
C 13 323 308
C 12 46 103
S 7 12 21
C 15 195 283
S 12 19 337
S 9 15 223
S 10 15 38
C 12 136 208
C 7 97 2
C 14 163 90
C 5 69 19
S 8 13 223
C 14 27 42
S 14 19 70
C 12 47 108
C 2 296 12
C 13 242 37
S 7 19 208
S 3 8 294
S 6 20 199
C 7 42 182
S 7 19 277
S 3 18 302
C 9 294 95
S 16 20 314
C 13 289 114
C 18 258 296
C 9 82 134
C 17 279 326
S 7 12 255
S 5 20 21
S 8 12 215
C 15 2 102
C 11 3 88
S 7 18 96
C 7 281 96
C 2 201 334
S 2 18 252
C 11 158 294
C 7 309 196
C 17 234 292
S 1 13 240
C 1 55 170
C 3 257 338
C 15 241 5
40
S 10 20 289
C 8 315 54
C 2 154 52
S 11 18 116
S 5 12 120
C 2 136 309
S 10 15 112
S 2 4 141
S 5 14 7
C 7 313 14
C 11 310 88
C 17 308 329
C 9 1 165
C 20 62 265
S 3 20 0
S 13 15 119
S 7 11 354
S 5 10 98
S 3 20 62
S 7 20 94
C 12 153 305
S 3 9 149
C 20 305 186
S 2 7 39
S 12 14 312
C 9 127 79
S 3 13 197
C 17 150 304
S 14 17 78
S 14 17 210
C 11 71 334
S 15 19 218
C 13 242 329
C 10 167 271
C 18 146 278
C 10 23 159
S 16 19 276
C 18 26 142
S 4 16 269
60
C 10 196 144
C 19 279 190
S 6 20 27
S 9 17 225
C 13 292 242
S 8 9 301
S 4 15 204
S 8 15 270
C 3 205 149
C 19 295 280
C 19 282 103
S 7 10 346
C 13 357 359
C 1 27 252
S 2 6 255
C 18 267 346
S 7 14 284
S 10 11 283
S 15 17 258
C 6 239 19
C 4 248 166
C 16 186 273
C 11 87 135
S 5 16 258
C 10 149 139
C 12 203 189
C 5 273 261
C 20 288 59
S 1 11 309
S 1 14 25
C 14 114 291
S 2 6 340
S 1 9 148
S 6 15 78
C 5 43 8
C 8 234 329
C 11 282 118
C 17 179 278
S 5 13 234
S 17 19 354
C 14 203 274
S 5 20 286
S 6 18 32
C 20 73 349
C 3 188 89
S 6 8 232
S 13 14 151
C 12 279 294
C 5 295 57
S 15 16 243
C 13 269 177
C 1 125 151
S 5 9 26
C 4 116 282
S 11 15 303
S 6 19 174
C 8 20 292
S 16 19 49
C 10 259 76
3
C 5 228 266
S 4 19 15
C 12 264 40
24
C 20 306 353
C 5 338 93
C 2 62 32
S 8 16 136
S 5 11 356
S 15 18 337
S 5 7 64
S 2 11 24
S 5 10 172
C 5 297 51
C 14 109 341
S 12 16 184
C 8 228 46
S 12 18 329
C 16 157 14
C 10 281 139
S 9 10 52
C 17 316 117
C 2 338 55
S 6 9 6
C 2 17 202
C 9 202 171
S 7 19 244
6
C 1 205 103
C 1 306 77
S 7 19 24
C 5 288 318
C 16 264 208
S 3 13 6
82
S 2 17 303
C 11 355 45
C 5 175 193
S 4 6 10
C 5 288 52
S 2 9 109
C 18 117 255
C 5 66 94
S 8 14 294
C 19 54 116
S 12 18 334
S 1 16 115
C 6 346 84
S 4 14 224
S 6 7 107
S 8 19 253
C 8 174 82
S 9 12 48
C 4 82 319
C 7 231 183
C 8 137 344
S 1 10 168
C 1 15 331
C 17 223 83
S 14 18 48
C 2 51 32
C 9 233 161
S 6 8 298
S 5 17 245
C 3 8 272
S 5 13 79
S 12 16 232
C 17 59 206
C 10 189 95
S 9 11 145
S 10 17 159
C 13 60 67
S 1 15 272
C 4 351 322
C 16 44 308
S 3 7 358
S 6 9 47
C 5 218 94
S 11 17 349
C 7 247 38
S 1 14 309
C 15 163 245
S 7 10 17
C 20 91 15
C 5 70 164
S 14 16 68
S 6 20 211
C 16 74 253
C 10 290 355
C 11 200 87
S 6 15 93
C 10 20 260
C 2 285 117
C 2 24 112
S 5 8 307
S 16 19 207
C 8 171 235
C 20 212 136
S 12 19 255
C 5 252 142
S 5 19 207
C 18 275 15
C 8 91 205
C 1 106 177
S 5 16 13
C 20 286 262
C 8 32 73
S 7 10 349
S 3 13 307
C 1 357 141
C 8 44 234
S 16 19 268
S 1 15 230
S 6 10 348
68
S 10 16 185
S 8 20 171
S 11 18 0
C 12 230 133
S 1 18 19
C 3 145 315
C 18 242 31
S 12 18 271
C 19 252 215
S 11 13 123
C 5 219 129
S 14 20 292
C 6 358 235
C 19 228 342
C 7 318 229
C 5 145 105
S 1 17 217
S 12 16 246
S 11 16 118
S 15 17 322
C 7 159 155
S 11 18 18
C 5 113 48
S 1 11 329
C 19 136 96
S 13 17 99
C 5 92 220
S 5 13 29
S 6 19 166
S 10 14 255
C 4 74 37
C 9 247 34
C 19 131 75
S 1 10 88
S 11 17 217
S 6 7 213
C 3 40 53
C 4 180 310
C 7 38 103
S 6 15 243
S 6 12 132
C 19 246 36
C 2 37 57
C 15 163 205
C 15 334 150
C 11 281 115
S 1 19 338
S 1 16 104
S 1 18 137
S 16 18 309
C 12 123 128
C 12 309 23
C 19 276 257
S 7 20 61
C 6 161 46
C 4 293 45
C 11 161 35
C 13 96 311
C 6 309 297
C 18 310 28
C 1 349 228
S 16 19 47
S 15 18 45
S 7 18 260
S 13 20 20
S 8 16 20
S 5 10 277
S 1 18 340
40
S 8 13 81
C 10 191 78
C 7 266 270
S 6 7 339
C 9 100 90
S 6 9 166
C 12 205 62
C 13 229 113
C 19 174 143
S 8 10 91
C 5 86 68
S 2 20 252
S 15 16 346
S 4 19 154
C 14 80 295
C 10 254 162
S 18 20 158
S 11 14 341
C 4 131 48
C 17 338 300
C 20 2 259
S 6 10 170
S 5 9 346
S 1 20 30
C 20 305 330
S 6 11 15
C 11 211 30
C 3 25 250
C 5 65 318
S 2 19 279
C 1 135 236
S 7 17 69
C 6 108 114
C 13 136 205
C 17 8 141
C 16 244 116
C 1 226 68
C 14 352 147
S 9 17 118
75
C 3 84 50
C 2 261 289
S 4 19 339
S 7 20 161
C 16 225 246
C 2 16 21
C 1 330 257
S 6 9 264
C 9 95 145
C 13 284 348
S 7 11 9
C 17 214 125
C 12 74 58
C 1 343 186
S 4 8 21
C 5 327 182
S 5 15 228
C 2 117 175
S 5 18 70
S 2 18 216
C 17 102 50
C 11 248 184
S 18 20 48
S 1 6 75
C 1 144 345
S 7 14 57
C 5 184 80
C 16 46 127
C 19 31 314
C 1 279 169
S 5 13 175
C 18 38 55
S 1 16 215
C 6 28 178
S 12 19 97
C 8 106 298
C 5 177 138
C 19 232 323
C 7 25 4
C 3 343 86
C 7 209 358
C 15 334 38
C 15 142 221
C 5 303 265
C 3 117 218
C 13 258 222
S 16 19 92
C 2 161 304
C 1 72 86
C 15 118 222
S 1 17 138
S 7 15 292
S 13 16 204
C 4 120 65
C 6 358 154
S 11 12 63
S 16 19 347
S 16 19 289
S 10 13 268
C 8 231 137
C 7 156 306
C 19 38 138
S 8 15 8
S 15 17 275
C 16 283 255
C 14 235 243
C 8 322 52
S 11 20 84
C 5 78 214
C 9 155 357
C 7 85 321
C 18 264 169
S 4 19 222
C 13 309 259
S 5 9 339
93
S 7 9 239
S 8 18 317
C 11 204 300
S 10 20 73
S 19 20 296
C 3 353 215
S 2 4 93
C 18 357 259
C 14 93 238
S 9 20 17
S 14 20 112
S 17 20 14
S 1 20 213
C 6 313 339
S 1 5 246
C 10 245 100
S 5 19 205
C 4 247 80
C 8 173 169
C 2 271 220
S 7 9 302
S 13 18 99
C 10 92 28
C 10 135 4
S 12 14 173
C 7 115 332
S 13 19 7
C 14 338 8
S 4 15 204
C 20 107 63
S 1 16 345
S 6 7 14
S 9 19 59
S 4 5 181
C 7 29 17
C 16 114 106
C 19 249 294
C 5 162 158
S 1 12 184
C 8 333 339
S 3 15 178
S 10 11 352
C 11 297 59
C 15 359 158
C 7 338 182
S 11 20 166
C 14 325 242
S 6 18 33
S 7 8 82
S 5 7 225
S 5 19 268
S 3 14 328
S 14 17 27
C 18 196 264
S 5 8 344
C 8 149 162
C 15 12 168
S 10 11 303
S 2 18 83
S 10 19 94
S 19 20 151
C 9 257 136
S 8 11 88
S 12 19 4
C 3 346 329
C 12 60 270
C 6 250 349
S 2 10 145
S 10 20 256
S 11 13 231
S 13 16 259
S 9 16 130
S 1 6 179
S 7 14 327
C 7 230 159
S 5 8 56
C 13 228 151
C 11 123 50
C 8 262 73
C 11 48 263
S 4 11 199
S 8 9 102
C 14 100 2
S 4 20 0
C 19 223 209
C 19 35 332
C 2 129 7
S 2 11 262
C 10 41 96
51
C 17 253 359
S 1 3 46
C 6 339 302
C 15 216 62
S 1 4 174
C 12 228 314
S 16 19 180
S 3 12 322
S 5 16 109
S 3 20 41
C 6 144 140
S 2 8 266
C 2 65 104
C 17 320 224
S 3 17 257
C 2 107 94
S 9 19 290
C 10 14 77
C 18 17 229
S 3 13 168
C 16 132 97
C 9 258 61
S 2 17 136
S 4 11 197
S 14 17 276
S 7 12 107
S 5 15 178
C 6 219 47
C 1 85 154
S 12 13 35
C 2 257 202
C 18 75 92
C 1 258 197
C 8 325 51
C 13 74 150
S 14 18 11
C 14 359 27
S 7 14 241
C 9 259 50
S 2 7 149
S 8 9 225
S 6 16 341
S 18 20 244
C 12 149 80
S 8 11 156
S 3 19 255
C 15 104 61
C 6 167 260
40
S 7 17 161
C 12 286 338
S 2 16 307
C 16 213 156
S 10 15 255
C 20 225 278
S 1 3 91
S 13 16 343
C 11 318 253
C 6 120 291
S 12 17 290
S 1 3 84
S 10 15 145
S 5 16 184
C 4 12 220
S 9 15 240
S 8 15 253
C 7 221 348
S 11 12 287
C 10 122 154
S 11 12 324
C 12 240 67
S 2 9 244
S 12 17 271
S 15 20 357
C 20 94 356
C 5 273 197
C 18 138 120
C 4 135 329
S 7 18 81
C 17 105 106
S 3 6 77
C 9 346 82
C 19 241 208
S 8 16 147
S 6 8 232
S 3 7 25
C 8 207 335
S 8 12 93
S 8 20 142
11
S 8 19 223
C 8 219 337
S 9 10 216
C 14 318 345
C 17 126 149
C 19 237 219
S 10 17 348
S 2 16 82
S 4 19 50
S 3 14 280
S 1 4 356
20
S 6 7 206
S 4 17 230
S 9 15 195
S 9 15 355
S 10 17 270
C 14 290 95
S 10 15 217
C 4 254 215
C 1 5 104
S 17 18 219
S 3 8 212
S 2 17 48
S 13 20 221
S 4 10 93
C 20 265 145
S 8 19 79
S 4 12 287
C 8 310 26
S 9 19 17
96
S 2 13 61
C 1 148 93
C 16 44 20
C 8 344 180
S 1 5 104
C 17 333 39
C 12 243 227
C 5 122 353
S 12 15 138
S 1 10 26
C 14 318 94
S 2 9 241
S 3 5 140
C 10 16 52
S 5 8 346
S 1 15 335
S 5 7 71
C 11 106 6
S 3 12 84
S 2 7 4
C 10 25 5
C 2 66 236
C 12 133 237
C 16 198 210
S 3 13 236
S 5 16 16
S 10 12 205
C 18 353 275
S 9 17 113
S 15 20 98
C 1 119 46
C 9 189 211
S 1 12 65
C 18 101 114
S 2 3 81
C 3 325 164
C 18 296 61
C 8 291 214
S 4 11 31
C 11 308 334
C 14 344 89
C 2 357 169
S 12 15 161
S 2 10 82
S 2 8 322
C 14 276 1
S 1 16 9
C 18 120 240
S 8 12 100
C 7 9 299
C 3 30 359
C 3 315 112
C 19 204 143
S 8 19 250
C 12 109 192
C 7 264 213
C 7 228 78
C 8 253 290
C 8 65 314
S 4 5 100
S 3 13 47
C 6 169 305
S 10 15 299
S 4 20 262
C 18 22 94
C 17 121 12
C 10 23 147
S 11 19 142
S 2 10 252
S 5 9 323
C 17 228 328
C 11 262 194
S 5 9 56
C 14 122 188
S 9 20 322
C 18 103 352
S 10 18 104
C 17 131 81
C 15 320 325
S 15 20 177
C 2 271 223
S 1 8 58
C 11 99 127
C 18 127 221
S 4 14 231
C 13 113 98
S 4 5 249
S 1 5 70
C 19 31 115
C 2 288 289
C 14 336 154
S 10 11 55
C 12 328 252
22
C 5 311 38
S 13 19 311
S 11 16 13
C 20 226 151
C 1 39 164
C 16 150 99
C 19 49 227
C 19 21 99
S 9 11 349
C 3 166 200
S 5 11 57
C 14 243 77
C 17 237 35
C 16 221 109
S 5 14 243
S 8 19 104
C 3 211 148
C 8 233 275
C 19 285 139
S 6 17 117
S 16 17 204
S 13 16 335
40
S 6 11 49
C 7 194 293
S 4 12 117
S 4 8 59
S 5 16 160
C 5 103 26
C 5 68 228
C 18 237 209
C 9 255 250
C 4 358 322
C 8 347 161
S 3 14 23
S 3 11 31
S 13 14 145
S 4 20 33
C 17 250 213
C 3 74 86
S 3 4 116
C 6 244 185
C 15 150 91
C 8 23 65
C 13 90 100
S 15 19 273
S 2 13 280
C 14 9 330
S 5 8 112
S 6 9 35
S 1 19 135
S 12 17 179
C 4 83 353
S 2 9 48
C 3 249 6
S 1 9 174
C 17 66 188
C 18 337 16
C 4 135 299
S 3 18 35
S 8 14 36
55
C 13 157 100
C 8 100 94
S 5 12 62
S 1 15 310
C 3 1 336
C 8 141 27
C 19 343 297
S 10 12 150
C 9 0 94
C 4 148 131
C 1 228 239
C 10 99 351
S 14 15 79
C 4 152 42
S 13 20 141
S 6 7 317
C 6 190 166
C 15 33 231
C 11 344 265
S 5 9 303
C 8 110 313
C 8 146 284
S 5 15 22
C 8 232 195
S 5 8 349
C 4 213 325
S 2 10 79
S 6 12 327
S 8 18 119
S 9 17 233
S 10 17 98
S 8 12 110
C 2 80 268
S 2 10 58
C 11 227 253
S 13 18 267
C 13 235 129
S 3 17 209
C 20 126 107
C 13 258 61
S 1 12 24
C 16 129 40
S 2 18 42
S 13 14 66
S 4 15 108
S 4 10 73
S 9 13 271
S 2 12 44
C 17 133 297
C 18 212 7
S 6 17 207
C 17 295 297
S 8 9 5
S 8 12 318
S 8 15 106
48
C 8 347 288
C 13 50 13
C 10 150 143
S 10 17 340
S 1 14 81
C 17 317 187
C 20 42 238
C 9 123 111
S 2 10 33
S 8 9 167
C 13 117 333
S 4 15 290
S 3 5 220
S 13 20 96
C 4 306 45
C 15 59 225
C 13 17 147
S 9 13 327
C 16 1 66
C 6 163 173
C 6 144 306
C 16 222 199
S 11 17 217
S 1 9 355
C 4 29 169
C 14 254 27
S 12 13 15
S 4 10 250
C 7 257 241
C 13 223 2
C 17 358 98
S 4 7 298
S 3 15 353
C 6 118 229
S 8 11 105
C 3 296 162
C 14 345 274
S 5 12 211
C 3 46 257
C 14 260 92
C 3 285 98
C 6 69 2
S 1 19 0
C 4 84 185
S 9 20 342
S 6 10 222
S 2 4 332
11
S 6 15 305
C 11 137 3
S 11 12 313
C 10 73 291
C 13 325 117
S 6 10 278
S 3 6 87
S 6 12 112
C 19 224 76
S 9 15 288
C 4 32 19
40
C 3 156 343
S 8 14 172
C 15 36 312
C 16 253 349
C 14 88 280
C 20 166 299
S 7 18 238
S 16 19 69
C 20 308 230
C 11 158 313
C 10 99 27
S 13 15 187
S 13 16 285
S 4 5 359
C 16 292 117
S 5 12 312
S 1 11 310
S 12 18 314
S 7 14 174
C 20 42 136
C 5 325 208
S 10 20 0
C 11 57 220
C 11 265 129
C 18 355 320
S 1 10 253
S 13 19 282
S 14 16 182
C 10 263 57
S 11 18 231
C 15 48 214
S 8 12 22
S 10 11 287
S 3 16 7
C 15 342 226
S 2 19 154
C 11 221 151
S 3 7 14
C 11 34 193
59
C 12 334 171
C 1 176 144
S 18 19 130
C 20 152 64
S 4 16 149
S 4 19 351
S 4 19 194
C 8 253 46
C 8 331 187
S 10 18 9
C 15 65 45
S 7 12 299
C 13 217 68
S 9 14 23
S 7 15 325
S 6 13 223
C 16 310 286
C 14 138 31
C 6 257 314
S 6 17 89
C 13 132 64
S 1 2 322
S 5 16 28
S 8 17 229
C 9 59 148
S 1 10 202
C 19 63 73
C 8 58 169
C 2 315 260
C 6 114 171
C 9 252 334
C 9 147 225
C 19 23 295
C 20 212 13
S 7 13 197
C 19 253 259
S 7 11 197
S 3 17 286
S 14 15 319
C 12 36 187
S 9 13 83
C 15 107 87
S 10 17 203
S 10 11 193
S 6 7 251
S 8 17 134
C 2 98 293
S 7 9 348
S 4 7 165
C 17 30 111
C 19 296 70
S 10 12 358
C 3 289 134
C 20 121 236
S 4 11 252
S 5 16 152
C 7 322 81
C 10 66 136
29
C 7 35 118
C 6 305 94
S 1 6 243
S 10 19 31
S 16 18 341
S 6 18 197
C 18 81 237
C 18 147 11
C 11 57 205
C 20 242 156
S 11 14 163
S 16 20 246
C 16 150 205
C 10 327 310
S 16 18 229
C 6 165 256
S 4 11 229
S 12 16 199
S 5 10 201
C 11 355 217
C 18 47 259
C 5 199 128
S 10 15 47
S 10 20 315
S 2 19 21
S 8 19 252
C 17 253 104
C 15 92 98
S 5 7 169
57
C 9 334 303
C 2 323 278
S 6 9 274
C 2 111 211
S 14 18 17
S 1 13 321
C 2 239 280
S 1 16 141
C 9 115 199
C 19 28 73
S 10 20 216
S 5 15 215
S 15 20 346
S 2 7 12
S 16 19 255
C 1 269 144
C 6 216 71
S 15 19 60
C 3 110 331
C 3 111 178
S 10 11 52
C 16 298 158
S 6 11 197
S 5 18 169
C 18 149 91
S 13 20 211
C 13 37 17
C 19 42 204
C 14 89 221
S 7 9 212
C 14 123 350
C 12 336 121
S 1 3 318
S 1 20 356
S 4 12 332
S 5 13 285
S 17 20 1
C 4 262 177
S 4 5 273
C 3 119 141
C 13 114 196
S 12 15 200
S 4 18 33
S 3 18 215
C 5 92 179
C 3 272 354
S 3 10 311
C 8 11 156
S 5 14 289
C 17 198 118
S 6 9 340
S 3 12 174
C 9 137 253
C 16 358 324
C 1 83 140
47
S 10 13 137
S 1 3 109
C 3 97 279
C 3 72 30
C 13 345 75
C 20 334 241
C 4 189 289
S 10 20 124
C 11 308 340
C 12 8 166
S 8 9 12
S 7 8 227
C 2 59 217
S 6 16 346
S 9 20 270
C 14 275 67
S 4 7 85
S 2 5 159
S 7 8 70
S 1 5 51
C 8 179 335
S 9 16 308
S 3 20 181
S 10 16 253
C 4 124 24
S 13 14 2
C 18 285 21
S 10 12 207
C 7 218 232
S 8 17 255
C 10 222 222
S 4 20 72
C 4 159 239
S 1 3 137
C 11 24 144
C 15 176 198
S 3 14 228
C 3 179 87
C 2 40 316
S 3 9 284
S 12 16 166
C 8 272 155
S 4 8 303
C 10 179 275
C 5 191 24
S 4 5 340
73
C 1 7 59
S 16 19 134
C 5 78 211
C 20 33 117
S 4 5 320
S 8 11 100
C 15 303 23
S 8 11 226
C 5 323 177
C 13 180 258
S 5 11 132
S 6 18 18
C 18 29 232
S 3 13 53
C 16 247 101
C 4 88 260
C 7 49 57
S 4 9 142
S 3 9 128
C 10 350 11
S 13 20 141
S 2 8 218
C 17 320 343
C 15 320 142
S 3 15 229
C 16 316 96
S 1 4 170
C 19 12 267
C 20 326 292
S 4 14 71
S 11 19 326
S 9 13 176
C 10 289 146
S 3 18 297
S 4 11 197
S 12 19 266
S 4 8 257
C 3 270 125
C 2 86 207
S 7 10 359
C 5 79 254
S 6 7 88
S 8 13 147
S 7 14 131
C 13 242 199
S 6 9 269
S 15 20 319
C 4 167 16
S 10 12 287
S 9 12 139
S 4 15 42
S 3 12 223
S 7 12 249
C 19 112 352
S 3 13 213
S 10 20 5
C 1 324 277
C 5 40 295
C 19 109 247
S 5 6 301
S 2 10 125
C 7 120 105
C 6 240 10
S 7 16 235
S 5 20 277
S 6 17 106
C 17 103 321
C 15 346 252
C 6 298 239
C 4 104 23
C 12 215 29
C 6 4 53
S 2 7 324
59
C 11 341 104
C 18 315 3
C 10 337 21
C 3 289 338
C 12 163 298
C 17 318 126
S 18 20 229
S 9 11 202
S 10 20 97
S 9 16 312
C 4 338 174
C 19 112 200
C 2 192 9
S 4 12 51
S 17 19 44
S 8 16 15
C 9 238 210
C 20 24 286
S 7 19 252
S 7 10 104
S 8 14 317
S 4 6 112
C 4 214 204
S 3 18 54
C 15 247 133
S 6 16 351
C 17 321 96
S 10 19 201
C 11 173 147
S 13 20 184
S 9 10 303
S 7 12 15
C 20 147 107
S 11 14 312
C 14 312 151
S 1 4 91
C 2 271 349
C 20 294 112
S 15 17 199
C 1 335 103
C 5 248 243
S 2 14 13
C 17 241 130
S 16 17 19
C 2 140 94
C 2 219 283
S 4 13 36
C 9 104 345
S 8 18 229
C 6 68 162
C 19 252 135
S 4 13 200
S 13 16 69
C 16 25 26
S 3 5 118
S 1 9 309
52
C 10 176 162
C 3 267 118
C 11 216 358
S 15 20 205
S 15 19 130
S 4 19 1
C 13 321 355
S 15 16 259
C 16 104 160
S 9 15 47
C 12 272 344
S 6 20 169
S 1 14 201
C 12 210 305
C 1 354 131
C 13 143 1
C 1 213 280
S 5 9 334
C 11 77 205
S 2 18 306
S 3 10 28
C 19 106 298
C 5 299 79
S 2 17 194
C 1 225 223
C 11 223 337
S 5 7 215
C 10 210 54
C 7 290 143
C 12 312 178
S 1 11 319
C 12 194 350
S 4 7 212
C 3 231 18
C 16 32 351
S 3 6 194
S 2 12 227
S 4 6 304
S 8 13 294
C 14 273 99
C 19 345 82
S 17 20 190
S 2 5 240
S 15 17 228
C 4 229 197
S 10 14 139
C 4 356 336
S 11 17 333
C 18 315 258
21
S 7 18 117
S 1 11 187
S 5 18 287
C 3 298 178
C 6 204 225
C 1 260 289
C 12 17 84
S 4 18 65
S 8 20 33
C 1 303 45
C 17 333 283
S 5 14 211
C 10 0 49
C 16 320 333
C 7 343 120
S 2 5 324
S 6 9 35
S 16 17 150
S 5 16 167
S 1 20 252
S 3 17 138
3
S 7 20 344
S 18 19 267
C 16 339 215
31
S 11 17 227
S 14 18 219
C 11 44 140
C 4 162 326
C 9 2 36
C 4 302 15
C 7 172 155
S 4 9 2
C 11 226 16
C 5 152 241
S 5 13 70
C 2 146 18
C 9 309 202
S 4 9 89
S 15 16 44
C 5 301 317
S 12 17 305
C 10 194 305
S 10 15 327
S 10 11 35
S 3 18 165
C 17 167 357
C 8 181 287
S 9 15 343
S 10 16 243
S 16 18 36
C 15 7 145
S 7 11 353
C 13 335 255
S 5 14 161
C 11 344 340
42
C 8 22 211
C 19 212 95
C 15 83 289
C 6 236 131
S 3 13 306
S 3 17 15
S 8 10 277
S 4 17 158
S 3 18 155
C 1 257 75
C 19 195 246
C 11 252 313
C 9 122 144
S 12 18 249
S 4 18 262
S 3 15 278
C 16 291 257
C 13 345 92
C 17 207 335
C 7 289 307
C 16 62 103
S 7 19 209
C 20 84 87
C 16 143 149
S 8 12 248
C 10 191 23
S 5 12 298
C 20 14 54
C 8 324 266
S 7 16 214
C 19 68 97
C 6 160 181
S 8 19 76
C 10 138 93
S 10 17 349
C 8 59 326
S 8 9 170
C 14 70 91
C 3 232 129
S 15 19 220
C 2 295 358
C 13 109 180
99
S 6 12 1
S 5 12 6
C 3 274 298
S 6 15 99
S 4 15 15
C 8 293 26
S 3 20 193
C 7 91 118
S 9 12 233
S 7 19 213
S 6 13 91
C 2 111 231
S 4 9 40
C 19 251 67
C 14 230 229
S 3 4 112
S 6 12 202
C 9 180 105
S 7 15 22
S 2 9 147
S 4 18 100
S 1 11 109
C 7 251 58
C 12 347 136
C 4 212 65
C 4 337 76
C 2 148 216
C 4 294 57
S 5 20 246
S 9 19 217
C 7 264 57
C 6 250 193
C 5 349 305
C 17 252 283
S 7 18 146
C 10 334 42
S 4 11 278
C 13 85 222
S 11 18 280
S 15 18 276
C 8 310 272
S 3 5 245
C 8 29 310
C 17 220 348
C 11 287 13
S 16 20 138
S 2 19 248
C 20 357 265
S 1 3 257
C 8 191 319
C 6 231 324
S 4 10 32
C 13 163 300
C 6 185 116
C 7 69 65
C 6 121 341
S 10 18 123
C 9 89 302
C 10 254 129
C 4 221 258
C 2 245 345
S 12 18 278
C 8 246 119
S 8 16 108
C 20 246 342
S 2 16 336
C 7 30 73
C 1 39 61
C 12 62 105
C 8 86 118
C 19 313 316
S 1 4 56
S 8 15 194
C 17 126 304
C 2 53 253
S 11 20 339
S 7 20 205
C 13 166 320
S 15 20 340
S 4 16 249
S 8 16 78
C 13 249 295
C 17 333 299
S 4 14 128
C 12 225 47
C 15 44 160
S 14 15 149
S 7 20 47
S 1 20 172
C 12 349 40
S 7 10 188
C 13 213 168
S 10 20 67
C 13 238 279
S 8 11 325
C 2 250 340
66
C 2 118 61
C 20 115 117
C 17 353 43
C 6 255 267
S 8 16 76
C 7 12 125
C 8 292 317
S 1 15 336
C 4 231 191
C 20 52 56
S 2 13 296
C 8 101 94
C 18 248 52
C 14 322 113
C 10 76 119
C 20 39 115
S 3 17 48
C 18 203 108
S 12 15 281
C 14 132 188
S 13 19 126
S 6 11 103
C 5 164 120
S 4 8 326
S 2 12 289
C 12 37 94
S 1 13 64
S 9 16 143
C 6 54 96
S 12 17 288
S 7 8 324
S 3 10 146
C 9 34 211
S 18 19 203
S 2 6 80
S 5 17 301
C 4 331 67
C 8 170 183
S 1 14 111
C 7 150 272
C 10 310 218
C 4 145 237
S 12 18 220
C 13 130 299
C 8 74 281
S 8 10 166
S 2 6 127
C 9 161 327
C 9 103 315
S 1 14 274
C 1 253 105
S 2 14 200
S 5 6 1
C 5 146 269
C 20 62 289
C 15 353 185
S 14 16 293
S 12 13 100
C 14 121 105
S 10 12 163
C 11 333 153
C 2 320 279
C 4 302 171
S 3 4 188
6
S 1 2 298
S 2 10 196
S 10 16 125
C 7 353 23
S 14 15 206
C 17 83 115
45
S 15 16 123
C 14 344 245
C 13 240 131
C 12 211 222
C 9 1 318
S 2 9 29
C 5 296 220
C 6 181 288
C 19 330 60
S 11 16 270
S 3 17 77
S 8 12 228
S 11 14 128
S 11 19 96
C 8 89 164
S 2 13 335
C 4 90 227
C 5 11 65
S 13 15 336
C 14 20 269
S 17 19 199
S 3 11 71
S 9 13 124
C 9 218 11
C 8 233 238
C 5 71 235
C 7 82 356
S 12 15 224
S 7 19 221
C 9 23 64
C 13 321 131
C 5 145 154
S 13 17 204
C 19 42 314
S 12 15 73
S 2 5 193
C 12 95 230
S 10 15 261
S 14 15 45
S 1 13 352
S 3 6 331
C 8 326 38
S 6 10 242
S 9 20 271
46
C 5 354 107
C 4 305 11
C 18 274 148
C 8 25 135
C 5 85 337
C 11 18 56
C 4 232 297
C 4 39 110
C 3 285 143
S 8 9 78
C 16 270 158
S 16 19 52
S 3 8 208
C 19 220 10
S 7 17 249
C 6 74 35
S 3 5 154
C 9 346 155
S 2 19 223
C 13 296 291
S 3 12 121
C 3 322 10
S 9 20 153
S 3 14 237
S 3 9 34
C 20 267 79
S 8 10 336
C 10 29 329
S 7 12 142
S 11 15 161
S 2 5 44
C 4 329 189
S 3 17 166
S 11 18 332
S 1 13 91
C 5 285 183
C 18 193 57
C 2 26 48
S 11 16 157
S 6 7 66
S 14 16 222
S 8 14 100
C 5 273 178
S 2 12 355
10
S 14 20 231
C 5 292 28
S 1 2 143
C 20 158 178
S 10 11 345
C 16 298 134
S 4 10 303
C 18 136 40
S 10 16 241
65
C 1 110 88
S 3 10 222
S 5 12 320
C 12 229 337
C 16 203 281
S 11 18 245
S 5 10 237
C 19 107 280
S 8 11 113
S 10 13 272
C 14 307 104
C 8 114 50
C 5 292 305
C 9 251 93
C 3 186 317
S 11 15 220
C 1 120 213
C 14 293 198
S 4 7 31
C 11 44 110
C 16 223 58
C 1 155 247
S 5 6 142
S 4 16 43
C 5 205 24
S 5 12 131
C 6 157 195
C 13 177 258
C 20 150 46
C 10 141 97
C 18 115 20
S 5 8 107
S 10 13 286
S 7 17 113
C 9 212 246
S 6 7 5
C 12 89 144
S 5 15 86
S 9 18 89
S 2 16 45
S 7 16 325
C 2 30 180
C 2 333 253
C 11 277 168
S 1 7 105
C 3 351 260
C 1 219 114
S 4 17 77
S 11 19 263
C 13 227 256
C 18 109 269
S 5 17 337
S 1 5 135
S 8 18 115
S 16 17 220
C 15 132 251
S 2 12 26
C 6 40 17
C 8 55 320
C 18 138 328
S 2 19 33
S 2 13 338
C 4 73 37
C 8 39 282
15
S 2 14 320
S 2 8 267
S 5 10 120
C 6 144 206
C 15 127 307
S 14 18 316
S 3 19 166
S 1 9 306
S 12 15 289
S 4 6 311
C 12 223 48
S 8 15 99
C 16 325 190
C 7 265 239
S 2 10 125
75
C 10 168 19
S 6 9 352
S 8 10 96
C 6 88 182
S 18 20 73
C 3 164 131
C 20 37 277
C 12 203 179
S 16 20 270
C 4 274 277
C 8 263 77
S 10 20 22
C 19 28 40
C 19 188 294
C 15 301 293
C 16 30 340
C 15 50 103
C 8 140 126
C 17 23 146
C 17 188 98
S 6 13 179
S 7 14 282
C 15 40 236
C 7 267 51
S 7 13 158
C 1 26 140
C 1 188 301
C 10 273 307
S 10 11 324
C 3 67 3
C 10 355 54
C 15 252 284
C 19 131 153
S 7 17 280
S 2 19 253
S 4 16 58
S 18 20 90
S 10 14 149
C 9 344 271
S 2 3 7
S 5 8 227
S 13 17 174
S 11 14 62
C 7 183 130
S 4 19 257
S 4 11 37
C 13 128 238
S 10 18 5
C 13 143 292
C 6 346 33
S 3 7 201
C 17 163 87
S 6 14 271
C 4 15 35
C 5 146 221
S 5 11 228
C 14 278 331
S 5 19 209
C 17 38 37
S 2 13 141
C 1 337 285
S 1 15 123
C 3 176 111
C 20 294 203
S 2 12 28
C 16 125 76
C 3 211 335
S 3 10 215
S 9 19 9
C 16 258 192
C 10 78 142
46
C 19 71 124
S 2 17 41
C 12 347 184
S 10 15 116
S 4 6 96
C 7 295 173
S 4 14 9
S 1 6 97
S 1 16 126
S 16 19 172
C 4 47 249
C 3 159 96
C 3 179 277
S 1 8 202
C 4 301 282
S 19 20 307
S 6 15 304
C 10 78 234
C 14 284 254
S 11 20 155
C 8 116 57
S 8 15 275
S 1 15 206
S 3 6 34
S 11 12 179
C 18 326 296
S 14 20 17
C 4 218 213
S 1 16 51
S 6 17 305
C 2 274 122
S 9 10 27
C 14 139 322
S 8 18 224
S 13 18 140
C 19 208 308
S 3 6 350
S 4 15 352
C 15 332 15
C 4 295 252
C 18 354 237
C 18 329 124
S 3 14 311
S 10 19 255
S 10 13 119
9
S 13 16 224
S 16 19 179
S 16 20 299
C 11 102 52
C 11 270 325
C 17 74 275
C 20 212 78
S 9 16 46
C 1 196 305
7
C 15 92 19
S 6 7 219
C 10 7 105
C 5 127 235
S 1 19 43
C 9 76 24
S 6 18 30
31
C 16 17 106
C 15 229 99
C 5 150 1
C 17 240 231
C 4 159 226
S 4 18 101
S 3 20 39
S 7 16 186
C 1 74 114
C 15 228 155
C 16 83 321
S 15 19 312
C 19 320 304
C 14 342 229
C 19 281 165
C 4 57 39
S 1 9 34
C 8 27 67
S 14 18 69
C 20 198 359
S 6 13 40
C 12 161 42
S 11 12 313
S 10 16 214
S 10 20 8
C 19 284 354
C 8 165 197
C 1 34 16
C 16 19 326
C 9 9 50
S 4 17 231
36
S 7 20 183
C 2 349 243
S 3 14 208
C 16 131 309
S 1 6 154
C 1 167 309
C 6 341 357
C 20 92 55
S 2 6 15
S 2 15 254
S 3 12 194
S 2 19 236
C 19 151 35
S 4 11 331
C 14 195 55
S 16 17 35
C 15 22 298
S 8 14 344
C 15 187 209
S 11 20 116
S 7 10 145
C 5 109 294
C 14 8 271
C 8 221 102
S 7 10 1
C 5 32 42
S 3 7 330
C 1 26 167
S 5 14 349
C 18 153 247
S 11 15 277
C 4 321 149
C 15 33 296
C 8 308 130
C 18 154 202
S 7 18 45
80
S 3 8 249
C 19 64 347
S 5 6 117
C 8 27 166
C 20 136 278
C 10 101 313
C 20 354 12
C 17 152 196
S 1 11 332
S 10 18 93
C 1 248 310
C 1 285 42
C 2 129 156
S 9 12 109
S 5 11 89
S 2 11 64
S 13 18 74
S 5 9 143
C 10 353 18
S 4 10 318
C 1 323 260
C 14 323 22
S 2 19 19
C 5 100 95
S 5 15 125
C 2 291 294
C 13 94 64
S 16 20 257
S 8 12 259
S 9 11 340
C 5 127 255
C 5 176 65
C 8 266 29
S 4 18 111
C 17 305 107
S 5 7 45
C 13 191 141
C 5 336 239
S 8 12 321
C 16 278 220
C 19 117 258
C 16 164 307
S 16 19 66
S 8 11 106
C 4 147 313
C 2 83 186
S 11 17 14
S 1 15 179
C 7 158 313
C 12 151 71
C 20 167 8
C 1 170 244
C 18 304 306
S 1 2 336
S 6 15 130
C 7 94 300
S 4 15 141
S 11 16 32
C 17 23 10
C 2 268 181
C 18 158 8
S 9 12 121
C 5 310 21
S 5 8 229
C 7 269 15
S 12 18 227
S 4 20 251
C 6 254 130
S 2 9 207
C 5 6 242
S 2 3 107
S 3 20 312
C 11 73 123
C 9 206 234
C 15 189 358
C 10 160 319
C 18 122 256
S 4 18 318
19
S 11 13 69
S 10 17 257
S 3 18 62
S 5 9 197
S 15 17 94
C 12 122 74
C 2 29 57
C 12 236 35
S 10 19 37
C 5 89 221
C 8 121 99
S 2 11 308
C 9 299 111
C 19 308 338
C 1 293 28
C 1 280 61
C 18 40 258
S 8 9 330
2
C 19 146 165
S 3 7 317
30
C 4 82 166
S 7 14 255
C 8 16 235
S 13 15 274
C 2 303 5
C 17 18 192
S 14 17 43
C 14 301 230
S 4 18 176
S 13 15 343
C 15 271 316
S 3 6 339
S 16 20 28
C 18 104 333
C 18 124 286
C 5 99 10
C 7 41 31
S 4 9 68
C 3 226 176
C 1 194 201
C 13 238 177
C 9 115 153
C 3 325 202
S 4 11 5
C 18 157 107
C 1 47 230
S 5 10 130
C 17 28 219
S 4 12 341
S 8 16 179
21
S 2 3 40
C 13 224 253
S 9 11 48
S 4 5 160
S 5 17 9
S 8 15 337
C 9 269 253
C 20 315 156
S 10 14 254
S 12 17 20
C 8 324 126
S 9 15 296
C 2 134 250
S 2 10 179
S 10 15 341
C 2 38 343
C 15 49 202
C 7 10 218
C 11 117 192
S 2 16 235
C 14 65 121
94
S 6 15 256
S 13 19 121
C 19 270 208
C 8 11 150
S 5 9 86
C 11 20 100
S 3 4 154
S 6 15 316
S 12 14 227
C 18 219 68
S 6 14 340
S 1 16 359
S 15 18 48
C 11 123 65
S 2 3 244
C 5 307 225
S 9 16 63
S 10 16 90
C 8 330 137
C 12 271 177
C 14 215 70
S 11 14 84
S 15 16 166
S 5 18 143
C 19 90 313
S 1 14 357
S 9 19 62
S 2 6 208
C 13 228 127
S 9 11 275
C 6 217 170
C 13 348 66
C 7 332 137
S 6 9 249
S 13 18 126
S 5 20 147
C 15 157 232
S 4 7 130
S 5 13 166
S 8 11 261
S 19 20 310
S 1 10 204
C 5 224 314
S 7 20 12
S 5 15 285
S 11 14 32
C 5 81 288
C 3 180 240
S 2 12 119
C 9 2 166
S 3 5 169
C 15 97 170
C 20 98 264
S 3 17 27
S 3 12 339
C 2 235 33
S 10 11 262
C 11 94 123
C 19 105 77
S 7 10 24
C 15 36 286
C 9 338 2
S 13 15 249
S 4 17 242
C 8 267 316
C 15 96 95
C 8 180 84
S 1 12 209
S 5 14 217
C 14 241 318
C 4 123 65
C 1 173 65
C 19 261 348
S 4 11 114
S 7 8 224
C 5 104 170
C 14 215 258
S 6 19 300
S 12 13 201
S 5 7 32
C 3 137 209
S 10 20 355
C 20 130 226
C 8 1 154
C 17 262 231
C 8 222 95
S 3 7 98
C 1 286 299
S 4 10 288
S 12 13 130
C 10 84 273
C 1 301 5
37
C 10 88 118
C 9 233 298
S 7 15 17
S 9 10 305
S 3 20 349
S 4 6 214
C 3 204 223
C 12 14 304
S 6 16 14
C 5 181 233
C 13 35 353
C 9 300 54
S 2 14 284
C 7 352 15
C 19 162 67
S 6 10 310
S 5 13 304
S 12 13 117
S 2 18 37
C 12 328 36
S 3 17 304
S 14 19 20
C 1 12 301
S 12 13 314
C 17 257 265
C 18 123 226
C 16 60 160
C 13 157 281
S 4 11 106
S 5 15 87
C 2 53 12
C 1 38 144
C 1 321 318
S 11 18 217
C 13 88 351
C 13 86 185
S 7 16 51
98
C 10 265 206
C 10 338 346
S 4 8 134
C 15 78 225
C 18 152 180
C 20 256 102
S 8 12 64
S 9 20 349
S 11 20 304
S 2 14 121
S 16 18 305
C 2 27 283
C 2 153 320
S 17 20 196
S 6 19 278
S 15 16 140
C 11 347 80
S 6 10 43
C 10 22 343
S 14 19 75
C 14 116 177
S 18 19 246
S 11 12 280
S 7 12 216
S 2 9 18
C 13 291 118
C 2 338 305
C 14 29 22
C 5 169 268
S 1 5 215
C 14 286 220
C 2 155 337
C 6 60 51
C 15 42 169
S 5 10 6
C 5 116 303
S 2 13 312
C 8 266 207
S 1 12 304
S 2 15 233
S 13 20 15
C 16 203 67
S 3 6 44
S 16 18 338
C 5 9 209
C 18 289 130
S 2 18 128
C 3 313 204
C 18 161 178
C 10 115 351
S 12 20 208
C 12 83 315
C 2 257 128
C 7 132 27
C 1 87 177
C 17 329 334
C 5 295 299
C 2 284 43
S 2 20 167
C 15 278 241
S 11 15 240
C 8 38 10
C 13 292 136
S 5 11 277
C 13 44 316
S 7 11 284
C 10 286 38
C 11 50 276
C 16 254 352
C 15 299 17
S 7 9 294
C 3 35 209
C 17 44 102
S 4 17 344
S 1 13 238
C 2 223 226
S 3 4 142
S 14 16 349
S 6 10 279
S 14 18 159
C 12 279 242
S 13 20 89
C 12 208 76
C 7 198 88
S 14 15 171
C 15 204 304
C 6 228 39
S 2 17 347
S 9 11 99
C 11 136 321
S 6 17 344
C 5 221 343
S 2 15 241
S 3 5 185
C 9 213 321
S 5 11 14
33
C 18 328 354
C 12 134 280
C 8 204 100
C 15 40 351
C 19 213 176
S 7 17 11
S 4 11 150
C 13 290 27
S 3 17 256
C 7 85 172
C 17 330 231
C 18 76 173
C 1 70 319
S 13 16 127
S 5 14 274
C 10 19 98
S 3 20 281
S 15 16 119
S 16 17 72
C 20 128 123
C 16 77 321
C 7 247 270
C 9 207 98
C 17 221 237
C 11 77 206
C 1 84 82
C 2 214 297
S 7 10 351
S 3 12 337
S 2 12 198
62
C 15 138 179
S 3 14 308
C 15 318 129
S 14 18 128
C 3 336 9
S 10 12 291
S 5 17 50
C 7 245 347
S 5 11 199
S 6 16 253
S 2 15 175
S 18 19 332
S 6 14 316
S 5 19 153
C 12 80 311
C 16 196 197
C 5 286 237
C 5 188 96
C 6 288 277
C 3 130 154
C 7 297 157
C 20 49 129
C 10 330 349
C 18 116 243
S 2 15 135
S 11 14 3
C 1 237 83
C 7 291 91
S 1 19 353
C 20 292 56
S 7 20 5
C 18 188 74
C 12 293 42
C 11 209 255
C 12 241 193
S 2 7 1
S 5 18 178
C 7 316 296
S 7 14 167
C 20 157 111
S 8 10 168
S 1 13 137
C 16 292 180
S 4 13 290
S 8 20 338
S 1 14 336
C 20 113 314
S 5 9 229
C 16 163 358
C 10 10 336
C 11 137 208
C 14 100 104
S 3 20 320
C 6 114 110
S 8 16 71
S 12 14 159
C 17 72 20
C 16 279 179
C 14 318 287
C 9 256 145
99
C 16 85 96
S 8 15 337
S 11 13 44
C 4 320 60
S 5 15 352
C 1 209 152
S 8 18 138
S 4 20 234
C 1 17 184
C 15 177 233
S 3 8 300
C 15 65 169
C 5 23 329
S 12 17 157
C 3 346 113
S 9 14 219
S 13 19 62
C 17 130 125
S 11 14 241
S 8 13 111
C 11 115 61
S 17 18 273
S 3 17 178
C 17 306 174
C 16 127 136
S 3 16 16
S 2 9 265
S 7 11 183
S 11 19 271
C 18 21 282
S 12 17 265
S 12 18 155
S 14 18 96
C 10 319 43
C 2 292 248
S 17 18 4
S 4 14 188
C 18 60 323
C 3 192 9
S 12 20 188
S 13 14 88
C 5 6 29
C 18 150 301
S 2 3 304
C 3 133 279
C 7 53 17
S 1 8 197
C 12 95 298
S 10 18 14
C 4 150 98
S 15 20 44
C 8 250 282
S 1 12 84
S 8 12 118
S 2 4 236
C 20 222 121
C 19 215 352
S 8 20 277
S 11 13 275
C 12 53 87
S 9 13 223
C 20 104 83
C 17 75 279
S 9 12 112
C 1 359 346
C 3 146 302
S 7 18 11
S 9 13 261
S 1 2 84
C 5 159 292
C 8 174 66
S 2 18 156
C 15 129 314
C 18 27 189
C 5 83 107
C 8 259 110
C 13 242 183
C 18 55 246
S 7 8 342
C 17 231 173
S 1 5 147
S 2 19 205
C 15 132 200
S 5 13 262
S 2 15 331
C 16 123 38
S 3 8 7
S 15 18 289
C 11 288 39
S 10 18 303
C 18 201 7
S 6 19 144
C 3 234 53
C 13 58 351
C 11 232 258
26
S 1 12 183
S 2 17 330
C 8 111 298
S 1 20 1
S 6 15 43
C 10 110 23
C 20 315 53
C 9 62 276
S 2 13 133
C 18 331 284
C 13 120 296
S 13 18 137
S 10 14 167
S 11 15 33
C 6 128 262
C 5 185 301
C 12 269 100
S 9 14 356
S 4 12 234
C 3 22 302
S 5 18 342
C 6 297 208
C 16 277 196
C 14 242 204
C 10 22 214
C 12 208 42
56
S 2 20 239
S 15 16 287
C 10 268 343
C 13 349 305
S 14 17 280
C 11 335 148
C 1 119 127
C 18 106 43
S 12 18 6
C 16 268 160
S 12 15 71
S 1 19 214
S 9 15 348
S 12 17 131
C 9 201 222
S 1 15 256
S 14 15 14
S 13 18 255
C 17 342 179
S 5 19 235
S 7 8 169
C 10 9 47
C 9 312 285
S 9 15 214
C 3 274 115
S 2 3 60
C 3 169 334
C 18 78 153
S 3 20 39
C 12 42 216
S 5 13 45
C 7 9 305
S 3 6 84
C 12 195 88
C 17 210 297
C 5 288 243
C 1 110 290
C 11 204 242
S 7 15 320
C 15 12 213
S 12 14 64
C 13 9 276
S 12 18 147
C 7 155 48
C 12 94 60
C 11 236 107
C 18 271 196
S 2 12 223
C 19 164 185
C 13 9 245
S 11 15 99
C 15 213 41
C 9 44 165
C 10 95 89
S 6 19 5
23
C 20 331 63
C 8 124 34
S 1 2 13
C 18 156 350
C 5 317 79
C 19 61 173
S 10 16 203
S 6 12 344
C 7 25 58
S 12 16 171
C 4 112 155
C 9 99 177
C 4 316 192
S 4 19 88
S 3 15 24
S 13 17 353
C 14 308 235
S 1 9 42
S 16 17 317
S 4 17 202
C 14 144 58
S 15 18 228
C 5 6 165
80
S 1 2 180
C 11 265 231
C 16 70 330
S 1 10 229
C 13 114 4
C 9 150 158
S 7 12 117
S 6 12 192
C 13 12 16
C 9 18 288
C 3 243 98
C 14 335 253
C 15 60 156
S 12 17 272
S 5 11 326
C 5 356 259
C 10 126 63
C 4 319 142
C 16 12 182
C 20 300 353
C 16 273 279
C 13 40 204
C 6 170 166
S 15 19 195
C 3 229 246
S 8 15 347
C 4 306 170
S 2 5 164
C 14 66 306
C 17 133 142
S 10 18 45
S 4 15 67
S 2 10 169
S 3 15 182
S 11 19 11
S 16 18 237
C 13 260 2
S 3 12 350
C 18 109 56
S 8 16 308
C 6 19 21
C 14 239 225
C 18 30 40
C 7 100 169
C 16 86 208
C 3 342 22
S 14 18 144
C 7 352 313
S 3 15 94
C 19 227 67
S 2 4 59
S 3 4 242
C 17 90 357
C 6 212 31
S 1 7 170
S 5 12 321
C 12 124 156
C 20 220 306
S 1 6 282
S 7 16 104
S 7 19 168
C 13 189 106
C 15 220 107
C 20 123 180
S 13 16 55
C 4 294 245
S 1 3 171
S 2 15 222
C 10 128 318
S 3 18 202
S 6 11 132
S 5 14 25
C 4 123 230
C 4 176 198
S 1 17 33
S 5 6 216
S 1 2 289
C 15 330 24
S 1 12 47
35
S 7 18 66
C 3 26 267
C 20 165 214
S 1 6 164
C 6 180 28
S 18 19 86
C 4 112 61
C 1 105 111
C 8 173 260
S 4 13 299
S 8 12 196
C 6 62 87
C 16 216 233
C 20 66 244
S 9 11 241
S 3 15 183
S 8 10 273
S 6 14 59
C 12 331 69
S 14 15 82
S 1 14 304
S 6 15 88
C 7 84 271
C 5 147 268
S 10 19 5
S 8 15 62
C 18 222 134
C 8 141 306
S 3 14 153
S 16 17 166
C 5 125 52
S 3 17 78
S 1 12 71
S 10 15 160
S 2 14 43
90
S 5 14 10
S 9 16 260
S 11 18 57
C 17 356 92
S 15 18 175
S 16 17 181
C 10 80 50
C 14 307 193
S 1 11 294
S 5 18 249
S 1 13 120
S 11 16 358
C 13 108 227
C 6 249 60
S 6 9 221
S 11 16 345
S 16 17 151
C 6 0 88
C 12 55 314
S 17 20 291
S 5 14 136
C 15 291 151
C 18 33 20
C 5 155 2
S 3 15 71
C 12 353 216
C 7 16 185
C 11 345 16
S 3 19 54
C 10 29 75
S 5 8 332
C 6 186 184
S 6 10 312
C 19 213 341
S 9 12 300
C 11 170 241
C 11 225 14
S 18 20 186
C 2 148 269
C 5 259 254
S 2 8 235
C 14 145 78
C 5 114 251
C 8 118 69
C 6 330 300
C 20 67 60
C 5 210 330
C 14 147 269
C 1 198 356
S 6 9 175
S 4 6 318
S 8 9 222
S 2 9 56
C 1 162 134
S 3 8 84
C 5 356 292
S 11 15 358
C 9 152 228
C 11 82 207
S 9 19 326
S 1 7 190
C 20 36 164
S 1 16 77
C 17 130 240
S 8 20 296
S 2 15 278
S 2 8 357
S 3 6 75
S 10 17 315
C 17 5 168
C 11 236 296
C 13 56 51
C 10 242 152
C 17 6 322
C 16 170 65
S 13 17 102
C 10 181 136
S 8 20 59
S 5 15 132
S 2 14 62
S 15 17 331
S 1 8 163
S 11 14 24
S 9 18 157
C 13 184 289
C 14 169 321
C 12 261 289
67
C 2 213 136
S 7 19 9
S 11 14 95
S 11 18 308
S 6 12 103
S 3 18 3
C 16 13 60
S 2 4 174
S 4 17 173
C 5 119 100
C 14 74 321
C 11 347 149
C 12 317 359
S 6 16 26
S 2 12 257
C 3 19 239
S 4 15 358
S 14 16 256
S 13 18 95
C 3 65 190
C 3 304 348
S 13 16 333
S 2 6 169
S 5 12 291
C 18 214 177
C 3 140 293
S 7 19 87
C 2 201 319
C 8 78 226
C 1 321 260
S 10 20 164
S 3 7 327
S 13 14 257
S 1 10 322
S 1 12 120
C 18 85 174
S 2 14 280
S 2 10 35
C 12 140 158
C 20 228 136
S 11 20 252
S 12 15 312
S 2 3 238
S 3 9 95
S 14 18 254
S 13 15 293
C 6 299 102
C 20 129 42
S 6 19 153
S 7 18 279
S 7 8 28
C 4 218 337
C 4 289 137
S 12 19 233
C 17 156 287
C 19 199 10
C 12 22 154
S 6 16 98
S 13 16 243
C 7 345 25
S 2 4 124
C 11 155 49
C 20 83 290
C 3 178 85
C 13 4 179
S 3 13 33
26
C 4 357 268
C 6 250 357
C 15 53 323
C 16 165 96
S 4 15 211
S 11 18 120
S 4 15 310
S 4 14 263
S 8 17 28
S 15 16 122
S 17 20 250
C 7 52 298
S 1 18 217
S 12 17 334
C 20 197 29
S 2 18 244
S 5 9 169
S 11 13 99
C 1 280 92
S 8 11 237
S 4 20 351
C 8 94 299
C 12 93 300
C 15 17 275
C 9 264 214
S 5 12 290
36
C 20 7 245
C 3 254 272
S 4 9 340
C 8 173 315
S 15 19 117
C 3 172 12
C 14 307 269
S 1 4 355
C 2 64 289
S 13 15 52
C 17 228 275
C 3 345 69
C 14 204 128
C 15 160 82
S 16 17 109
C 3 287 249
C 14 62 163
C 6 62 8
S 11 12 256
S 4 7 103
S 7 17 338
C 4 245 346
C 8 126 259
S 10 14 188
S 14 20 209
S 3 15 338
C 12 208 113
C 7 211 313
S 3 20 237
C 17 313 91
C 5 17 237
S 7 16 306
C 12 255 108
S 2 6 274
C 20 292 197
C 11 195 95
39
S 4 8 256
C 1 255 33
S 9 10 132
C 2 214 181
C 20 249 262
S 7 12 188
C 13 171 138
C 13 186 159
C 3 330 354
S 9 20 100
C 20 275 265
C 8 114 35
S 12 19 346
S 11 15 14
C 5 34 256
S 6 10 114
C 4 147 354
S 6 19 149
C 8 104 10
S 17 20 43
S 16 20 202
S 5 13 277
S 8 13 329
C 18 75 137
S 9 13 224
S 4 8 25
C 13 58 91
S 7 9 223
C 16 159 200
S 13 17 36
C 10 143 79
S 8 20 185
C 17 309 41
C 8 99 90
C 2 176 239
C 11 268 234
C 5 233 334
40
S 10 19 221
S 10 17 124
C 14 26 61
S 9 18 350
C 16 39 193
C 3 140 194
S 2 5 227
S 9 17 224
S 4 19 19
C 1 353 216
C 19 136 63
S 5 12 257
S 3 4 107
S 7 14 321
C 15 172 117
S 4 19 198
C 2 15 272
C 20 317 168
C 2 291 263
S 10 18 208
S 2 15 174
S 7 9 273
C 13 97 145
C 7 275 90
S 8 9 185
C 18 140 165
C 20 339 18
C 10 312 135
S 1 13 152
S 11 19 310
C 3 224 162
S 7 15 11
S 7 17 280
C 18 32 105
S 15 16 11
C 16 0 298
C 7 267 322
S 2 19 164
3
S 10 12 61
S 7 19 38
4
C 3 261 185
C 16 75 62
C 15 122 86
C 8 304 238
48
S 18 20 160
C 18 239 164
S 2 6 220
C 18 27 189
C 11 70 49
S 7 12 209
C 19 273 22
C 20 101 194
C 1 96 346
C 19 99 167
C 17 262 266
S 1 15 26
C 10 30 323
S 2 10 355
C 11 28 101
S 3 8 101
S 6 8 13
C 8 192 278
S 17 20 77
C 9 174 207
C 20 20 113
S 1 3 301
C 4 248 200
S 9 12 66
S 5 14 62
C 13 267 165
C 13 339 6
C 9 317 321
C 11 48 157
S 1 8 19
S 1 18 137
C 15 220 244
S 9 19 229
S 1 4 162
S 1 5 120
S 7 13 295
C 15 161 191
C 15 50 257
C 2 155 124
C 15 269 316
C 7 223 353
S 2 5 215
C 7 358 236
C 13 270 210
S 1 12 233
82
C 17 316 356
C 8 100 273
S 11 12 96
S 1 15 12
S 5 17 133
S 1 13 103
S 4 17 251
C 1 196 124
S 4 19 337
S 14 17 216
S 1 9 30
C 15 152 241
S 6 17 234
S 4 11 326
C 14 91 182
S 5 12 42
C 10 185 47
C 18 19 247
S 10 13 75
S 1 6 152
S 11 13 323
S 2 3 345
S 17 18 162
C 1 60 178
S 3 9 296
C 11 31 310
C 12 137 258
C 4 162 211
C 12 53 178
S 6 13 349
C 16 74 346
C 6 255 225
C 4 223 39
C 6 76 152
C 8 269 278
C 5 71 340
S 2 19 91
S 2 6 323
S 7 9 359
S 12 16 119
S 8 14 269
C 7 39 349
S 12 14 4
C 20 207 96
C 15 66 4
S 11 15 77
C 9 242 199
C 1 303 82
C 8 237 75
S 3 20 31
C 15 121 201
C 16 34 146
C 17 15 149
S 18 20 257
C 5 83 349
C 17 80 51
S 13 15 136
S 12 20 153
C 8 228 339
S 4 15 245
S 1 7 67
S 2 7 227
C 3 22 145
S 9 15 72
S 12 18 324
S 8 14 223
S 5 15 203
C 17 187 71
C 2 79 129
C 8 114 56
S 3 6 6
S 1 18 126
C 9 242 240
S 10 18 163
C 19 115 241
S 3 4 139
C 14 40 278
S 3 20 308
11
C 17 231 21
C 13 158 249
C 2 181 108
S 4 15 351
C 11 267 234
C 18 18 166
C 6 296 320
S 1 10 227
C 18 131 239
S 4 11 130
S 12 14 265
86
S 12 16 124
C 10 129 310
C 12 203 258
C 16 309 228
S 11 13 76
S 17 18 103
S 7 9 275
C 2 200 15
S 5 10 228
C 7 221 335
C 15 160 41
S 9 11 209
S 15 16 218
S 5 8 346
S 3 5 177
C 12 130 43
C 12 250 210
C 8 78 226
S 4 19 296
C 1 311 147
C 6 70 43
S 7 10 210
S 1 2 145
C 14 106 252
S 18 19 288
C 1 345 40
C 14 121 79
S 6 19 200
S 4 19 59
C 18 324 71
C 4 36 214
S 13 14 273
C 5 24 146
S 10 14 353
S 9 14 37
S 11 19 170
C 19 358 121
S 15 20 60
S 1 19 121
C 8 326 344
S 13 19 90
C 3 193 167
S 18 20 289
C 2 43 104
S 3 18 259
C 12 99 250
C 3 292 186
S 3 9 72
C 17 266 91
C 16 189 48
C 8 49 256
S 1 20 357
C 10 81 336
C 20 38 252
C 17 164 67
S 13 14 20
S 18 19 269
S 3 13 42
C 6 336 4
S 4 14 199
S 16 18 233
S 10 14 163
C 16 16 52
S 14 20 250
C 18 351 272
C 15 304 259
S 12 18 92
S 7 20 232
S 10 16 29
C 9 323 101
S 2 5 41
S 2 5 18
C 18 196 342
C 10 344 123
C 13 252 192
S 14 15 166
C 10 265 44
C 19 29 270
C 9 179 223
C 20 109 119
C 5 80 335
C 6 131 81
S 9 16 42
S 1 9 244
C 9 276 202
34
C 7 74 53
C 9 204 82
C 14 63 211
C 12 340 94
C 11 234 316
S 5 6 104
S 9 10 337
C 13 156 193
C 4 37 178
S 1 3 41
S 11 15 236
S 1 8 86
C 5 68 243
S 6 19 171
S 8 14 58
C 3 18 124
S 6 19 256
S 8 14 83
S 6 7 164
S 10 18 232
S 11 20 71
S 3 20 299
S 8 16 84
C 12 320 3
C 17 314 275
C 15 112 55
S 1 19 221
C 5 125 9
C 8 218 21
S 11 16 120
C 12 202 17
C 7 37 15
C 2 86 165
15
S 12 13 84
S 12 16 266
C 3 347 189
S 11 15 310
S 6 12 347
C 3 350 252
S 12 15 358
C 5 211 91
S 3 19 276
S 9 20 45
C 16 359 234
C 1 115 205
C 10 150 21
C 10 235 283
C 4 12 209
19
S 2 17 71
S 1 15 146
C 3 278 86
S 10 19 252
C 2 293 316
C 1 126 246
C 3 117 60
C 7 2 117
C 20 269 250
S 3 15 242
C 8 230 351
S 6 14 262
S 2 11 328
C 20 152 345
S 12 16 181
C 2 49 63
C 14 73 318
S 11 16 339
85
S 7 15 36
S 4 18 347
C 7 289 17
S 3 15 90
S 10 13 188
S 4 7 181
C 3 16 276
C 16 1 306
S 6 11 333
S 11 20 175
S 1 5 202
S 5 20 313
S 12 18 309
S 16 17 317
S 14 15 67
C 14 79 9
S 2 7 303
C 1 351 229
S 2 12 116
C 3 55 264
C 20 45 126
S 17 18 79
C 20 90 14
S 1 12 117
C 4 152 22
S 8 16 349
S 2 3 144
C 17 83 185
S 2 6 224
S 9 16 275
S 4 15 21
S 2 4 53
C 6 182 329
S 12 14 239
S 10 14 272
C 1 191 217
C 8 130 160
C 18 76 49
S 15 16 207
C 4 119 67
S 5 15 25
C 9 109 102
S 7 20 228
C 12 13 142
C 5 210 223
C 2 325 70
S 9 12 72
S 6 19 328
C 1 197 348
S 12 20 159
S 16 17 210
S 4 9 46
S 15 17 186
C 17 153 353
S 4 6 281
S 1 4 136
C 11 240 281
C 9 68 291
C 1 249 214
C 16 45 320
S 1 2 167
C 19 75 136
C 13 91 190
S 2 5 237
C 2 340 298
C 10 5 312
C 7 172 214
C 17 210 70
S 5 12 200
S 1 9 111
S 3 13 91
S 15 20 198
C 13 339 48
S 4 16 301
S 5 13 120
S 10 18 144
S 9 11 231
S 17 18 269
S 3 9 331
C 9 1 184
S 1 9 33
S 3 17 263
C 7 359 123
76
S 12 16 94
C 9 26 130
S 3 17 180
S 16 17 213
C 2 198 100
C 10 13 78
C 20 109 197
C 5 331 330
S 1 5 89
C 17 141 217
S 3 6 240
C 12 11 79
C 8 98 14
S 13 19 30
C 12 121 291
C 14 262 130
C 10 58 319
C 20 284 74
C 16 98 3
S 14 19 114
C 19 238 293
C 10 268 329
C 15 25 143
C 2 179 227
S 1 7 337
S 14 20 248
C 10 272 66
C 11 307 328
S 10 19 201
S 12 20 320
S 8 19 133
S 9 18 125
C 20 61 149
C 19 303 178
C 20 90 116
S 15 17 339
C 15 154 354
C 19 105 40
S 7 18 288
C 9 233 70
C 7 64 128
S 17 19 93
C 13 170 13
C 9 318 23
C 8 146 306
S 6 8 195
S 8 20 261
C 8 40 20
S 2 3 32
S 15 18 327
S 3 7 27
S 8 14 264
S 4 5 273
C 7 253 185
C 4 7 338
S 9 15 222
S 5 6 46
S 5 6 320
C 14 163 15
C 11 74 331
C 11 52 4
S 11 12 243
S 15 16 297
C 15 263 16
C 8 121 153
S 5 10 32
S 1 18 355
S 7 17 244
C 3 148 203
C 2 225 206
C 17 107 253
C 17 210 260
C 8 17 7
S 4 20 108
44
S 7 17 46
S 3 4 331
C 8 105 240
S 12 14 323
S 3 20 45
C 13 347 125
S 3 13 224
S 12 13 106
S 7 12 345
C 7 92 266
C 5 61 267
C 1 292 279
S 11 17 80
C 4 256 177
C 14 71 58
S 13 18 346
C 17 109 218
S 6 16 49
S 5 9 69
C 18 61 326
C 20 241 303
S 12 19 91
S 5 12 244
C 1 150 18
S 2 20 151
S 15 20 122
C 1 199 25
C 4 101 99
C 19 246 69
S 2 7 201
S 1 12 5
S 5 14 257
S 11 15 48
S 3 12 31
C 16 233 128
C 14 150 172
C 18 328 54
C 3 18 85
C 5 291 146
S 8 14 0
S 18 20 176
C 7 8 279
S 12 18 180
27
C 13 278 135
S 6 19 0
S 4 5 153
C 17 305 237
S 3 7 181
S 8 12 234
S 17 19 342
C 4 145 45
S 3 14 220
C 3 266 144
C 20 140 126
C 9 194 313
S 4 18 87
S 1 12 170
S 12 20 90
C 7 349 106
C 13 222 199
S 4 6 307
C 16 246 84
S 3 19 205
S 4 12 323
S 4 6 115
S 2 19 351
S 13 18 37
S 1 16 177
C 13 193 25
S 5 7 248
50
C 15 186 29
S 4 15 154
C 12 287 328
S 4 11 98
S 4 5 266
S 15 17 270
C 4 187 84
C 5 130 175
C 15 62 66
S 1 7 94
C 2 319 48
C 16 31 255
S 6 10 138
S 9 16 171
S 11 16 106
C 19 338 248
S 9 17 223
C 12 116 21
S 7 12 246
C 14 353 166
C 13 217 52
C 2 12 303
S 1 5 128
C 17 123 273
C 10 286 1
S 8 10 99
C 15 204 50
S 4 19 136
C 14 95 112
C 20 329 123
S 15 17 125
C 19 317 129
C 11 188 195
C 14 171 296
C 4 322 58
C 5 277 104
C 4 14 70
C 3 49 316
C 17 106 208
S 1 16 183
S 14 20 88
S 7 12 215
C 2 333 186
S 8 12 21
C 9 311 292
S 2 7 197
C 6 329 209
C 10 21 282
C 9 255 173
11
S 10 20 62
C 9 166 245
S 9 13 212
C 13 52 302
C 1 333 214
C 3 9 337
C 15 26 296
C 11 116 85
C 9 109 173
S 4 14 40
S 6 13 286
90
S 11 12 49
C 15 54 309
S 8 17 19
C 15 359 304
S 7 12 76
S 6 13 153
C 11 227 132
S 8 12 238
C 12 272 197
C 16 210 299
C 3 189 322
S 9 10 344
C 16 234 242
C 5 300 57
C 1 310 263
S 6 16 114
S 3 12 297
S 3 6 15
S 3 17 86
C 3 330 243
C 1 295 34
C 20 152 326
S 8 10 271
C 11 297 294
C 3 220 239
S 6 13 128
S 2 11 290
S 11 17 305
C 1 236 332
S 1 7 124
S 3 10 342
C 20 18 296
S 6 17 102
S 11 12 212
C 16 202 290
S 14 15 299
S 6 12 35
S 1 4 123
S 19 20 275
S 15 17 7
S 6 20 60
S 4 10 143
C 7 29 313
S 2 14 325
S 14 16 198
S 6 14 5
C 13 345 154
S 4 14 6
S 7 19 187
C 2 236 224
S 4 12 168
S 17 20 264
C 11 304 242
C 4 205 247
S 5 17 12
C 10 15 22
S 1 11 24
C 10 78 49
S 4 11 265
C 7 220 23
C 17 212 321
C 10 182 319
S 15 17 115
C 4 146 337
C 2 90 125
S 5 7 146
C 1 182 311
C 1 57 193
C 12 64 287
S 1 9 247
C 2 352 93
S 3 14 77
S 4 7 272
C 14 140 44
C 13 248 228
S 10 17 119
S 4 13 267
C 4 139 286
C 11 339 287
C 8 3 25
S 17 19 139
S 16 18 206
S 7 9 313
S 12 15 37
S 6 14 241
S 1 9 82
C 10 66 225
38
S 7 16 81
C 9 255 91
S 8 15 176
C 3 31 210
C 3 260 26
S 4 15 61
C 5 246 252
C 9 172 222
S 2 9 174
S 5 16 111
S 10 18 93
C 19 139 164
S 6 12 10
S 4 15 173
S 5 16 40
S 5 14 319
S 7 15 358
C 17 307 78
C 3 343 5
C 18 255 107
S 3 9 175
C 7 9 139
S 4 14 290
C 5 113 22
C 11 321 50
S 3 7 266
S 11 15 39
S 1 13 276
C 3 197 101
C 15 25 240
C 18 75 335
C 11 93 39
S 6 10 210
S 17 19 20
C 15 219 105
S 19 20 310
C 20 231 355
S 4 20 170
90
S 7 16 161
S 7 19 358
S 11 15 53
S 8 16 89
S 6 18 17
C 7 295 206
S 11 12 331
C 3 82 317
S 7 14 220
S 12 18 276
S 15 18 309
C 19 34 89
S 4 10 126
S 8 9 27
S 3 6 63
C 4 118 184
C 6 243 207
S 5 6 7
C 2 113 24
C 13 308 88
S 4 15 137
S 18 19 106
S 18 19 40
C 18 33 270
C 9 266 94
S 4 13 58
S 16 18 6
S 14 17 18
S 3 16 199
C 20 2 298
C 10 50 223
S 11 14 228
C 10 123 62
C 3 139 121
C 10 329 211
S 11 18 265
C 14 213 241
S 7 11 261
S 3 14 323
S 9 20 350
S 17 18 259
S 4 12 246
C 20 111 305
C 17 215 83
C 16 36 342
C 17 87 92
C 4 297 199
S 15 18 342
S 4 9 148
S 14 16 119
S 4 7 210
S 14 16 170
C 4 88 8
C 11 146 297
S 5 7 81
S 6 15 91
S 14 16 88
S 8 14 235
C 18 244 51
S 8 20 239
S 7 15 214
C 5 277 260
C 20 323 217
C 10 75 37
S 2 19 200
C 12 97 313
C 9 78 138
C 4 190 310
C 16 301 305
C 19 27 145
S 12 20 305
C 13 206 275
S 16 19 152
S 13 19 46
S 9 17 66
S 9 10 10
S 6 8 83
S 6 15 101
S 10 19 186
C 3 268 279
C 20 323 261
C 7 286 222
C 6 28 356
S 17 20 3
S 9 18 141
S 1 9 141
C 6 226 127
C 5 73 39
S 8 12 166
S 10 17 330
57
S 13 14 134
C 15 85 219
S 10 11 161
C 9 221 55
C 8 246 292
C 10 183 95
S 6 10 41
S 6 7 336
C 6 313 305
S 6 20 337
C 1 260 314
C 1 179 104
C 11 330 34
C 3 69 55
S 1 3 317
S 17 18 321
S 8 14 149
S 11 20 166
C 13 226 188
C 20 41 305
S 16 18 165
C 8 43 107
C 14 347 227
S 5 10 171
S 1 7 234
C 18 103 170
S 7 13 110
S 2 7 300
S 2 19 139
C 11 242 316
C 13 0 290
S 12 20 87
C 13 256 341
C 4 233 247
S 7 10 287
C 18 269 205
S 17 20 43
S 3 13 78
S 11 15 273
C 18 174 238
C 16 328 126
C 15 24 17
C 12 136 57
C 8 243 258
S 10 12 328
C 13 47 177
C 18 163 98
C 2 19 191
S 12 13 237
S 6 15 76
S 4 15 133
C 6 170 280
C 16 101 266
C 10 127 104
C 19 15 100
C 16 112 311
35
S 4 10 201
S 12 14 122
S 5 15 179
S 16 20 325
C 9 258 333
C 18 9 241
S 4 14 0
C 18 150 242
C 9 63 175
S 3 12 153
C 6 291 155
C 14 162 118
S 7 11 328
S 11 16 292
S 1 11 294
C 19 356 295
S 8 10 296
C 12 118 105
C 14 93 68
C 4 215 334
C 6 167 286
C 1 211 176
C 5 201 325
C 11 303 247
C 14 1 182
C 1 106 244
C 3 103 62
S 2 14 138
C 8 331 276
C 11 148 198
S 2 16 282
S 11 16 80
S 11 12 153
C 16 288 164
S 8 13 141
58
S 8 18 81
S 1 15 263
C 16 256 103
S 19 20 106
C 18 316 300
S 5 13 46
S 1 13 133
C 6 80 56
S 5 15 188
C 12 242 166
C 15 116 352
S 5 20 352
C 3 139 93
S 6 14 29
C 2 2 270
S 13 18 214
S 4 20 159
C 3 39 88
C 8 273 40
C 10 5 348
S 10 19 126
S 5 18 185
S 2 18 121
S 3 17 190
S 3 7 93
C 3 81 344
S 14 20 265
C 11 40 105
C 1 114 280
S 1 12 281
S 9 19 231
C 14 214 51
S 12 18 16
S 8 20 53
S 13 18 122
S 1 14 169
S 11 17 307
C 15 256 238
C 8 114 326
C 15 305 257
C 8 162 102
C 13 28 118
C 5 339 176
C 1 152 47
S 1 19 71
C 3 38 160
C 3 299 36
S 4 20 352
C 11 266 192
C 9 91 332
S 7 16 21
S 1 9 220
S 5 9 122
S 12 16 144
C 6 53 10
S 12 16 156
C 7 334 215
70
S 4 17 104
C 20 23 124
S 11 13 274
S 5 15 17
C 6 237 149
C 16 68 218
C 3 110 42
S 5 16 350
S 15 16 309
S 10 16 109
C 15 315 38
C 1 66 149
C 3 288 179
S 4 8 148
C 14 345 277
S 15 20 121
S 8 14 325
S 7 15 48
S 10 17 95
C 9 146 301
S 9 17 42
S 2 10 156
S 3 15 91
C 4 25 357
C 15 233 123
S 10 12 23
C 10 145 153
C 20 122 4
S 4 5 74
S 1 5 246
C 12 255 15
S 13 15 305
C 11 73 22
C 15 183 144
S 2 6 15
C 13 93 127
S 3 9 255
S 9 11 283
S 5 14 46
S 14 15 209
C 14 303 169
C 8 29 49
C 12 317 159
C 11 278 282
C 9 358 47
C 1 313 318
S 14 15 17
C 6 54 19
C 18 319 226
S 4 14 321
C 14 158 287
S 4 14 21
S 18 19 268
C 2 216 222
S 7 9 347
S 2 6 80
S 4 13 305
C 7 75 197
C 5 148 211
S 5 20 264
C 2 7 102
S 3 12 265
S 3 20 233
S 4 5 151
C 19 22 194
S 4 8 322
C 4 199 105
C 15 227 214
C 15 323 193
25
C 8 93 49
C 18 266 176
C 9 121 306
S 2 13 233
S 6 19 231
C 14 101 2
C 8 231 254
S 1 18 332
C 6 64 236
C 19 20 251
S 9 15 6
S 15 17 74
C 18 227 27
S 1 3 15
C 13 202 315
S 1 12 135
C 2 259 143
S 1 6 195
S 8 9 212
C 3 5 90
S 13 19 10
C 14 180 120
S 2 13 191
C 5 311 84
S 3 20 35
84
C 2 269 15
S 3 19 20
S 3 15 194
C 6 265 154
C 2 201 202
S 2 11 102
C 10 96 227
C 8 34 317
S 16 18 317
C 9 237 137
S 4 16 222
C 3 351 56
S 4 19 196
S 2 6 129
S 3 6 294
S 10 17 208
C 1 79 253
S 12 17 66
C 9 355 338
C 6 30 344
C 20 257 18
S 2 13 197
S 7 8 155
S 5 14 209
C 18 234 174
C 7 244 340
C 13 203 63
S 7 12 130
C 5 297 356
C 7 242 5
C 17 219 158
C 20 327 117
C 9 344 149
C 16 72 323
C 5 103 21
S 12 20 44
S 15 18 325
C 11 346 169
C 8 85 292
S 13 14 265
S 1 5 259
S 10 17 64
C 12 322 351
C 8 27 225
S 13 18 65
S 11 20 252
C 5 63 194
C 15 120 26
S 9 19 186
S 8 20 284
S 15 18 52
S 5 9 270
C 17 142 223
S 1 14 287
C 18 246 214
S 10 12 282
S 1 3 279
S 6 11 136
C 19 265 40
C 19 253 164
C 19 107 254
S 1 8 227
S 11 15 276
S 2 15 324
C 14 196 5
S 14 17 274
S 7 15 300
C 1 167 63
C 1 103 216
S 12 18 52
C 6 307 18
S 16 19 118
S 5 17 1
S 12 18 98
C 20 73 294
S 7 8 284
S 5 15 93
S 9 15 348
S 11 20 236
C 10 189 27
S 12 18 34
S 13 18 256
S 13 16 32
C 15 342 135
88
S 10 11 233
S 10 15 163
S 5 18 305
S 7 19 72
S 17 20 258
C 16 275 241
C 7 51 172
S 7 8 146
C 1 201 123
S 11 13 151
S 19 20 37
C 16 334 181
S 5 9 32
S 10 16 223
S 3 18 143
C 2 49 119
S 5 19 340
C 10 50 336
S 10 12 306
C 5 22 90
C 1 359 287
C 19 96 162
C 14 196 120
C 10 298 254
S 8 18 326
C 18 274 337
S 14 19 73
C 8 193 78
S 4 12 249
C 18 354 120
C 12 228 189
C 17 250 134
C 18 280 163
C 4 12 345
C 2 137 40
S 16 20 102
S 7 10 302
C 12 143 241
C 16 328 234
C 2 162 283
C 14 150 128
S 5 8 79
C 20 20 353
S 14 15 213
S 13 15 234
S 10 13 348
S 5 15 58
C 12 253 6
S 6 19 127
S 3 9 325
S 10 19 146
C 16 259 65
C 19 346 211
C 12 169 246
C 5 100 51
C 6 317 52
S 10 15 34
C 12 119 225
S 1 7 37
C 16 44 66
C 18 165 151
S 3 13 312
S 2 13 331
S 4 8 33
S 5 12 260
S 2 14 301
C 7 208 306
C 1 143 252
S 6 12 220
C 16 134 354
S 12 19 4
S 2 14 70
S 3 12 276
C 9 210 100
S 19 20 119
S 5 20 84
S 15 18 19
C 11 280 214
S 8 20 325
S 8 20 296
S 10 11 20
S 10 11 280
S 12 16 299
13
C 12 109 19
C 2 129 52
S 14 15 347
S 6 20 92
S 17 19 21
S 16 18 309
S 5 17 23
C 10 310 317
S 17 19 237
S 4 6 355
S 2 6 137
S 12 14 177
64
C 14 139 7
S 2 5 200
C 18 115 307
C 5 217 13
C 4 159 251
S 4 20 168
S 3 13 33
C 5 120 298
C 20 356 240
C 4 35 181
C 3 260 355
S 5 16 70
C 15 92 104
S 14 19 142
C 20 42 200
S 10 12 184
S 8 15 181
C 2 87 69
C 5 18 138
S 1 10 62
S 6 13 206
S 1 5 13
S 8 19 134
C 7 44 80
C 13 221 51
C 9 197 286
S 8 9 92
C 14 80 182
C 17 324 134
S 2 14 24
S 3 18 180
S 11 20 138
S 2 10 312
S 5 7 150
C 16 116 338
C 19 352 79
C 11 202 233
C 6 159 61
C 3 64 291
C 8 151 89
C 11 260 216
C 11 120 8
S 6 8 141
C 11 25 34
S 15 20 158
C 2 184 204
S 12 13 154
S 11 19 308
S 16 18 30
C 5 355 123
C 8 342 349
C 11 243 110
S 1 15 33
C 16 120 48
C 9 269 75
S 17 19 197
C 6 334 46
S 9 16 60
C 12 76 333
C 5 48 56
C 4 301 68
S 6 14 65
22
C 20 319 14
S 10 14 196
C 20 143 76
S 6 11 43
S 8 11 93
S 5 20 166
C 20 307 188
S 2 18 317
S 7 11 278
S 16 19 46
C 3 263 216
C 9 20 336
S 3 13 240
C 18 351 333
C 15 59 287
S 10 11 74
C 2 234 92
S 2 13 236
S 5 8 323
S 10 11 46
C 20 175 166
S 5 9 48
60
S 17 19 61
S 2 11 219
S 7 19 82
S 10 11 268
S 16 20 141
C 1 104 114
C 11 320 167
C 15 253 153
S 14 15 214
C 20 69 147
S 4 15 133
S 2 11 86
C 15 73 312
S 8 13 174
S 2 4 293
C 11 247 170
S 4 11 298
C 15 100 11
C 12 331 348
S 16 17 288
C 9 226 313
S 1 20 11
C 15 172 225
S 3 5 305
C 1 204 231
C 11 343 137
S 3 19 78
C 2 35 85
S 6 7 234
C 12 78 261
C 17 180 28
S 11 15 36
C 8 215 266
S 14 20 74
C 10 65 136
S 6 20 149
C 12 283 113
S 3 12 198
S 6 8 109
C 3 303 62
S 11 12 317
C 18 350 9
S 15 16 232
S 9 11 182
C 5 132 174
S 3 8 241
S 7 11 75
S 12 16 59
S 2 14 138
S 6 9 250
S 3 16 25
C 18 62 141
S 4 14 158
C 1 131 293
C 13 311 302
S 3 4 281
S 1 3 56
37
S 12 20 303
S 9 18 324
S 2 16 302
C 8 174 152
C 16 104 286
C 16 269 244
S 10 15 259
S 7 15 307
S 3 14 290
C 9 212 297
S 5 7 197
S 11 12 322
C 20 172 10
S 1 9 266
C 15 233 43
C 11 10 258
C 2 151 201
C 18 288 134
C 17 64 44
S 14 20 310
S 7 10 227
C 6 48 208
C 5 211 225
C 19 111 70
S 1 5 310
C 5 221 101
S 3 14 205
S 12 17 8
C 13 218 180
C 1 76 145
C 15 139 35
S 2 11 13
C 7 56 291
S 3 20 273
C 13 98 286
C 2 267 169
C 3 131 116
71
S 2 4 304
S 2 6 58
C 10 4 306
S 8 14 359
S 9 17 345
S 6 17 49
C 20 265 80
C 20 87 359
C 20 178 229
C 9 108 208
C 20 277 278
S 3 9 261
C 13 17 252
S 11 14 78
C 16 248 204
C 9 354 140
C 18 275 245
C 12 223 148
C 3 189 77
S 7 10 5
C 6 139 338
C 10 136 220
S 4 7 312
S 14 16 35
S 8 17 127
C 16 30 158
C 11 86 93
S 1 19 101
S 12 13 247
C 13 133 65
C 10 153 237
S 10 17 308
C 19 282 91
S 5 18 103
S 6 19 306
C 16 181 25
S 15 18 201
S 3 16 308
C 20 326 276
C 16 75 232
S 10 12 159
C 5 284 73
C 15 260 142
S 1 3 263
S 10 18 129
S 2 12 318
C 19 255 141
C 20 208 277
S 12 20 41
C 13 188 219
C 10 338 200
C 1 199 265
S 6 17 80
C 3 245 200
C 19 229 262
C 19 27 220
C 4 252 287
S 3 7 25
C 5 308 220
C 17 298 137
C 17 327 303
C 11 342 65
S 4 9 325
C 9 278 266
C 2 174 322
C 8 272 347
S 14 18 144
C 11 218 318
C 14 200 327
C 18 29 342
33
S 14 19 39
C 11 13 43
C 1 317 330
C 1 81 159
S 1 5 26
S 4 8 99
S 6 13 340
C 13 332 196
C 14 200 234
C 2 350 170
S 13 17 179
C 6 18 85
S 6 7 352
C 2 94 141
C 8 334 149
S 8 20 178
C 8 168 21
C 20 49 211
S 10 16 139
C 5 211 16
S 7 12 167
C 17 278 281
C 7 243 30
S 8 13 225
C 3 52 222
S 6 18 245
S 1 3 224
C 4 300 302
C 17 209 82
S 18 20 186
S 8 19 152
50
C 7 125 324
C 5 76 295
C 13 242 91
C 15 149 60
S 5 9 338
C 17 240 114
S 1 11 42
S 13 14 255
S 7 12 51
C 9 359 332
S 13 16 95
S 2 14 326
C 7 16 307
S 3 5 20
C 10 68 73
S 2 11 212
S 8 15 314
S 12 14 307
C 2 305 271
C 16 166 304
C 1 241 4
S 18 19 132
S 12 16 141
C 13 103 195
S 4 5 222
S 5 12 196
C 15 267 341
C 1 225 217
S 4 14 225
C 2 184 208
S 1 9 3
C 14 336 247
C 17 23 137
C 14 202 4
C 19 306 151
C 15 34 70
C 6 88 266
C 13 13 286
C 16 34 21
C 12 128 330
C 16 193 266
C 9 286 104
C 6 174 316
C 12 257 115
C 15 107 265
S 12 13 67
S 17 18 67
S 1 18 35
C 11 113 358
54
S 3 17 236
C 2 295 201
C 16 106 11
C 4 52 313
C 15 182 104
C 12 307 61
C 4 272 28
C 10 290 59
C 17 71 196
S 9 17 301
S 4 7 224
S 3 14 334
C 9 233 27
S 8 10 310
S 2 17 147
C 1 313 37
C 15 197 198
S 4 8 91
C 18 153 43
C 4 307 100
S 5 9 83
C 20 230 176
S 6 14 69
S 4 7 257
S 3 6 181
S 4 19 159
S 6 17 184
S 4 15 153
C 18 318 38
C 14 20 8
C 6 308 329
S 3 16 137
S 8 13 244
S 12 19 206
C 10 246 80
S 6 14 254
C 1 345 294
S 5 13 261
S 14 20 283
C 10 33 163
C 8 50 66
S 10 12 97
C 2 163 186
S 5 16 9
S 9 18 126
S 14 20 187
S 1 17 253
S 12 19 352
C 1 48 318
C 11 138 23
C 16 305 76
S 9 12 192
C 1 22 48
83
S 13 17 176
C 3 12 342
C 2 106 134
S 4 16 220
S 9 20 345
C 1 166 72
S 8 10 115
S 5 14 88
C 19 288 135
S 18 20 273
S 11 17 191
S 10 16 116
S 13 20 236
C 14 181 132
S 6 8 292
S 9 12 335
C 5 349 31
C 2 341 359
C 12 278 22
S 14 15 114
C 6 343 164
S 18 19 330
S 4 5 167
S 12 18 205
S 12 17 121
S 2 5 284
C 10 264 207
S 6 12 270
S 2 6 288
S 16 18 7
S 4 19 0
S 12 19 336
C 20 266 200
C 13 102 78
C 17 120 280
C 10 301 41
S 6 10 35
C 15 188 302
C 18 81 25
C 13 18 137
C 14 33 150
C 14 349 296
C 17 349 85
S 8 14 184
C 4 45 14
C 16 208 206
S 13 16 180
C 7 221 89
S 1 6 4
S 5 15 134
S 1 15 54
C 4 261 162
S 5 18 32
S 8 17 296
S 1 17 94
S 16 20 190
C 18 143 220
C 5 249 325
S 8 12 250
C 2 84 86
S 2 12 156
S 4 5 215
S 10 18 227
S 8 10 200
S 1 7 130
C 15 303 45
S 1 12 169
S 6 15 157
S 10 18 316
C 7 355 349
C 3 164 313
S 6 15 223
S 13 19 99
C 8 294 294
C 15 302 339
S 7 20 36
C 11 348 233
C 2 196 289
C 15 15 357
S 4 10 110
C 7 290 269
C 13 65 43
16
S 5 19 138
S 1 11 287
S 8 9 288
C 7 341 188
S 4 16 30
C 1 193 150
C 2 149 341
S 1 13 164
C 4 216 121
C 5 80 110
C 12 224 196
C 8 0 219
C 1 125 25
C 20 38 62
S 18 19 10
42
S 6 7 36
S 8 18 295
C 10 356 72
S 6 15 351
C 10 155 239
S 7 8 349
C 18 197 203
C 14 244 170
C 6 187 116
S 6 14 161
C 6 187 294
C 19 67 64
C 11 58 306
C 16 307 356
S 5 16 156
S 9 17 227
S 2 11 229
S 11 20 252
S 5 10 54
S 2 7 179
C 14 181 239
S 8 19 310
S 8 19 130
C 6 165 165
S 7 17 110
C 6 96 126
C 6 51 138
C 17 50 13
C 13 219 346
C 20 145 117
C 20 199 223
S 2 16 152
C 18 40 292
S 10 15 162
C 15 179 7
C 4 36 203
C 18 323 160
C 9 48 67
S 6 8 72
S 6 9 314
S 5 14 70
97
S 11 17 12
C 16 229 102
S 4 12 132
C 19 295 65
S 5 18 111
S 4 14 337
S 15 17 354
S 5 13 197
S 8 12 146
C 7 82 327
C 11 141 168
C 3 311 7
S 17 20 185
S 8 18 31
S 1 2 28
S 5 18 212
C 12 126 239
C 7 350 235
C 4 213 71
S 8 19 277
C 3 102 79
C 7 123 240
S 6 7 227
S 11 17 263
S 13 15 316
S 12 13 328
S 4 13 220
S 14 19 51
C 19 66 258
S 9 15 50
S 13 19 216
C 13 48 207
C 20 230 260
C 5 283 245
C 3 250 82
C 12 330 163
C 6 267 43
C 12 96 97
S 16 19 29
C 6 243 129
S 14 20 252
S 12 15 327
C 4 317 229
C 9 330 234
C 9 149 316
C 5 65 24
S 17 20 62
C 6 219 99
S 8 10 304
C 17 191 239
S 7 15 269
C 6 99 113
C 8 71 68
C 9 351 14
C 15 295 48
C 6 349 36
C 9 321 93
S 11 13 261
S 2 5 52
S 6 17 312
C 20 220 69
C 14 27 222
C 1 357 171
C 2 71 176
C 11 299 47
S 5 10 297
C 2 177 34
C 15 277 49
C 19 296 287
S 5 18 284
S 11 13 319
C 17 201 184
S 7 11 191
C 8 16 74
S 2 17 314
S 3 6 29
S 12 13 160
C 4 275 192
S 19 20 137
S 1 16 51
S 10 14 285
C 9 306 41
S 2 3 320
C 19 242 316
S 10 20 316
S 5 11 271
S 7 13 288
C 5 33 327
C 10 136 86
S 17 18 231
C 13 174 201
S 4 9 308
C 7 33 9
S 5 14 235
67
S 11 17 238
S 9 15 7
S 4 20 123
S 6 15 229
S 14 15 225
S 1 11 51
S 7 18 301
C 8 323 296
S 8 19 167
C 7 232 37
S 4 11 173
S 15 18 129
C 5 156 93
C 13 100 5
S 6 19 59
S 3 15 359
C 2 288 13
C 5 122 348
S 1 16 227
S 10 19 284
S 16 18 14
C 2 14 349
S 5 9 143
S 5 15 201
C 7 166 14
S 11 17 166
C 14 257 328
S 7 12 90
C 9 61 354
S 1 9 22
C 19 292 15
S 5 17 22
C 5 83 288
S 4 6 327
S 14 16 166
C 9 253 101
C 19 140 70
C 14 185 10
C 11 192 339
S 14 18 334
C 17 238 152
S 1 20 80
C 10 184 78
C 14 280 273
C 3 62 76
C 10 89 178
S 7 10 216
C 20 177 123
C 6 62 165
S 4 6 204
C 3 66 38
C 9 203 105
S 2 19 352
S 8 12 172
S 10 15 157
C 6 246 152
S 4 13 211
C 19 232 296
C 11 305 339
S 14 20 356
S 1 6 10
C 1 162 124
S 17 19 157
C 12 37 23
C 1 203 166
87
S 5 6 143
C 3 26 329
S 12 19 77
C 17 241 168
S 9 19 73
C 3 275 298
C 13 278 184
C 15 14 172
S 1 3 66
S 6 9 128
S 7 15 301
C 13 261 90
C 15 55 169
S 11 18 34
S 3 5 57
S 10 11 132
C 8 336 209
C 7 19 294
C 10 300 63
S 4 19 231
C 6 283 161
C 7 158 359
S 1 16 119
S 15 19 76
C 15 31 43
C 16 313 304
C 14 288 34
C 1 127 33
S 2 17 0
S 13 19 18
S 4 18 90
S 3 14 8
S 1 4 109
C 19 58 238
S 8 10 28
S 4 7 220
S 7 11 201
S 14 16 24
S 6 12 322
C 1 66 116
C 14 6 342
C 1 200 238
S 9 13 203
C 3 198 358
C 3 218 351
S 12 19 119
C 16 318 149
S 3 5 109
S 6 11 228
S 9 11 95
S 14 15 186
S 2 19 13
S 19 20 44
S 10 16 130
S 1 15 261
S 5 6 104
S 9 14 205
C 8 149 105
S 1 2 202
S 10 20 268
C 16 141 324
S 12 17 139
C 2 265 40
C 14 110 255
S 4 14 86
S 5 8 40
C 18 275 209
C 15 85 10
C 17 135 263
S 2 19 4
C 18 258 4
S 12 16 67
S 1 11 138
C 2 257 251
C 3 304 125
C 4 308 208
S 2 15 261
S 6 11 59
S 16 17 103
S 5 11 182
C 20 94 128
S 1 3 322
S 14 18 99
C 14 252 36
C 2 230 205
S 8 17 280
32
C 7 164 304
S 17 18 58
C 13 179 23
C 17 251 339
S 8 18 144
C 1 131 271
S 7 11 300
S 7 14 11
C 6 174 277
S 2 14 40
S 4 20 31
C 5 197 56
C 13 88 150
S 12 17 332
C 6 106 46
C 14 356 75
C 9 215 278
S 6 18 156
C 3 335 204
C 10 21 138
S 5 8 269
S 9 17 63
C 17 145 199
S 8 20 74
C 2 289 164
C 19 321 250
C 11 285 239
C 19 357 249
C 15 235 71
S 7 9 24
S 5 13 287
S 12 17 209
58
S 3 7 121
C 19 230 321
C 11 10 86
C 8 266 120
S 6 20 264
C 5 53 146
C 3 39 316
C 16 54 103
S 15 20 328
C 9 270 142
S 6 11 169
C 16 297 338
S 8 18 30
C 5 356 153
C 4 62 57
S 1 15 297
S 7 16 59
C 17 156 326
S 12 15 210
S 6 18 5
C 9 45 325
C 12 164 346
C 20 161 155
S 1 7 119
C 4 102 172
S 5 18 262
C 17 111 38
C 2 159 353
S 8 18 71
S 18 19 60
S 7 12 276
S 13 17 64
C 9 228 57
S 10 17 255
S 7 8 305
C 7 159 132
C 15 11 3
C 19 84 159
S 19 20 259
C 4 312 26
S 5 11 350
S 2 4 281
C 13 69 133
C 18 87 234
C 13 96 173
C 20 200 58
S 3 13 357
S 9 17 145
C 9 6 335
C 13 306 76
C 19 297 314
C 3 125 150
S 10 11 79
C 16 286 200
S 2 10 56
87
S 3 19 12
C 13 191 122
C 3 157 158
S 2 13 161
C 12 75 120
C 14 52 267
C 13 146 229
C 2 308 18
S 8 16 201
C 3 297 229
S 5 15 260
C 9 255 327
C 11 81 225
C 19 223 291
S 2 7 293
C 6 166 58
C 1 68 345
C 6 117 170
C 20 36 109
C 14 208 288
C 13 105 135
C 7 324 8
S 6 7 264
C 1 179 128
C 15 252 61
S 3 4 265
C 12 43 271
C 6 205 109
S 12 15 304
S 6 8 16
S 2 7 311
S 11 16 293
C 2 79 100
C 6 350 154
S 4 6 181
C 19 347 248
S 1 13 225
C 18 334 183
S 8 11 286
C 11 84 311
C 5 326 65
C 15 16 357
C 19 230 354
S 3 20 303
C 17 171 359
C 5 78 173
S 3 13 221
C 1 33 351
S 5 20 152
C 11 249 46
S 1 13 3
S 9 15 11
C 12 30 280
S 6 10 254
S 6 18 8
S 15 18 81
C 5 111 132
C 5 21 284
S 1 7 87
C 12 239 100
S 8 20 134
S 6 10 293
C 8 39 307
C 4 146 230
S 8 9 194
S 1 8 153
C 10 88 20
S 6 9 275
C 13 205 271
C 1 35 249
C 2 95 75
S 7 11 155
S 11 12 70
S 9 15 265
S 4 17 284
S 4 10 149
C 18 171 39
S 4 20 170
C 19 103 20
S 10 12 242
S 5 10 249
S 8 20 302
S 13 15 175
S 12 13 134
C 14 183 58
14
S 9 14 38
S 6 18 247
S 1 11 206
C 4 64 331
C 18 263 224
S 4 14 140
S 11 18 171
C 10 151 277
S 16 17 42
C 12 102 209
S 7 12 323
S 13 20 194
C 16 139 76
C 13 19 2
69
C 14 90 162
S 1 7 181
C 6 207 307
C 1 279 67
C 10 154 343
C 9 172 300
C 5 132 95
C 1 110 229
C 20 97 235
C 6 184 350
S 6 19 69
S 1 20 38
S 2 12 161
C 11 268 135
S 8 18 207
S 10 19 260
C 14 109 175
S 1 8 99
S 2 14 77
S 15 18 33
S 4 7 179
C 10 263 149
C 7 105 81
S 9 11 48
S 19 20 215
C 3 8 98
C 11 319 224
C 4 130 90
C 9 340 181
S 3 9 102
C 14 1 162
S 3 7 342
S 9 15 201
C 17 82 175
C 11 286 233
S 3 19 143
S 3 14 336
C 6 5 193
C 3 245 324
S 16 18 95
S 2 5 193
S 14 16 259
S 9 10 264
S 14 18 192
C 14 44 227
C 9 134 352
S 1 18 338
C 11 236 315
S 4 20 204
C 8 4 146
S 1 10 326
S 2 16 122
C 2 313 100
S 11 14 133
S 3 11 183
S 8 9 62
C 17 45 170
C 6 214 29
S 10 11 338
S 3 17 103
S 1 18 215
C 11 264 269
S 3 5 189
S 13 17 65
S 2 8 54
C 15 165 85
25
S 2 3 141
C 4 247 196
S 7 11 56
C 10 314 198
S 9 20 253
C 14 95 70
C 20 221 151
C 5 278 195
C 5 270 114
S 14 18 44
C 15 14 80
C 12 233 124
S 8 9 137
S 3 20 354
C 18 25 288
C 6 231 150
S 15 17 359
S 17 19 58
S 7 14 271
S 5 12 145
C 13 159 43
S 1 11 263
C 5 94 126
S 11 12 198
C 16 210 106
55
C 18 110 99
S 17 19 106
S 4 6 107
S 6 18 76
C 6 78 83
C 4 268 336
S 16 17 160
C 19 152 234
C 3 306 288
C 9 155 61
C 5 55 120
C 19 88 172
C 1 121 281
C 14 5 41
S 3 18 352
C 14 85 94
S 1 20 355
S 12 19 213
C 14 117 51
S 5 11 310
S 2 19 254
C 12 130 246
C 17 156 35
C 6 267 294
S 6 9 149
S 5 11 149
S 2 6 41
S 6 13 118
S 4 8 106
C 12 120 169
S 1 12 78
C 10 198 177
S 5 19 260
S 5 6 107
S 13 15 228
S 4 12 8
S 17 20 221
C 4 97 248
S 16 17 306
C 15 18 27
C 8 47 270
C 11 140 327
S 5 6 89
C 8 178 227
C 2 315 292
S 5 9 8
S 12 15 326
C 14 19 115
S 8 17 204
S 10 12 180
7
S 11 20 13
S 12 19 60
S 8 17 199
C 13 224 133
C 9 164 309
S 2 14 127
C 1 351 268
94
S 3 20 135
C 5 123 335
S 4 10 94
C 10 102 251
C 4 12 204
C 16 163 96
S 4 7 114
C 14 72 177
S 1 8 165
S 7 16 188
C 7 242 357
C 17 171 135
S 9 12 92
S 5 19 191
S 11 14 107
S 4 20 339
C 16 179 351
C 4 60 316
C 12 232 175
S 15 17 20
S 14 17 311
C 15 45 10
C 5 276 286
C 9 44 168
S 7 10 64
C 20 154 83
S 14 19 97
S 9 20 316
C 5 353 75
C 9 327 55
S 7 10 213
S 11 18 331
S 17 18 60
S 4 17 126
S 15 20 141
S 8 9 350
C 16 314 226
S 1 8 130
C 15 313 311
C 14 181 349
S 13 20 227
S 2 4 239
S 11 14 158
S 6 12 115
C 16 27 5
S 15 16 63
S 9 20 20
S 3 14 68
C 19 146 166
S 5 17 165
C 4 141 33
S 2 5 6
C 12 325 278
S 3 13 321
C 6 170 73
C 18 314 276
C 17 334 128
C 1 3 288
S 12 13 81
C 11 243 83
S 9 19 50
C 2 343 156
C 14 223 106
S 1 11 265
S 4 15 15
C 14 19 259
S 3 17 78
S 3 13 116
S 14 17 344
S 6 15 350
S 7 16 170
C 15 322 135
C 15 165 265
S 16 19 61
C 19 238 165
S 1 20 219
C 15 300 241
C 17 142 288
C 17 9 313
C 18 97 271
C 12 249 192
C 14 94 27
S 2 17 155
S 12 16 69
C 13 234 277
S 8 13 186
C 20 266 131
C 1 358 115
C 11 346 212
S 3 19 343
25
S 6 10 73
S 1 3 125
S 3 6 297
C 18 317 67
S 3 13 320
C 4 221 169
S 11 14 57
S 1 17 221
C 9 198 349
S 1 10 261
C 4 295 9
S 3 12 343
S 13 17 75
C 13 232 72
S 9 13 339
S 6 18 276
S 4 5 156
S 1 6 138
S 1 11 290
C 17 141 173
C 17 13 26
S 6 9 20
S 5 16 256
S 2 12 111
S 7 18 160
70
C 7 79 257
S 13 17 330
C 10 284 125
C 15 253 243
C 15 96 198
S 7 11 11
C 10 157 11
S 4 5 307
S 6 20 21
S 3 9 239
S 7 15 82
S 8 14 171
S 10 20 7
C 19 265 212
S 1 11 333
S 1 5 100
S 10 17 149
C 13 339 40
S 11 17 218
S 2 6 55
C 16 205 342
S 14 18 221
C 11 39 156
C 20 344 170
S 9 19 20
S 7 11 143
C 9 357 202
C 20 228 283
C 1 166 129
S 3 14 181
C 18 321 322
C 15 141 58
S 7 20 67
C 18 43 109
C 13 101 230
S 13 20 35
S 2 19 108
C 15 260 338
C 8 9 42
S 15 16 179
S 3 6 169
C 15 77 285
S 5 8 131
S 9 19 323
C 9 149 130
S 18 20 67
C 1 192 39
C 8 103 41
S 4 5 298
S 3 10 303
S 7 8 99
S 10 14 28
C 10 224 249
S 5 9 121
C 20 114 80
C 19 87 11
C 17 190 243
C 6 86 109
C 20 119 76
S 2 15 117
S 1 19 204
S 9 16 55
C 16 85 334
S 2 12 225
C 1 287 103
C 20 79 241
S 15 20 0
16
S 5 6 212
S 8 18 301
S 9 10 303
S 10 16 305
C 12 46 148
S 5 17 215
S 9 11 257
S 7 15 206
S 6 9 150
C 16 191 212
S 1 19 182
C 6 251 241
S 1 7 357
C 6 286 95
C 18 88 345
S 1 5 218
43
C 19 124 343
C 10 166 130
C 19 238 268
S 1 18 319
S 9 13 23
C 5 103 56
C 6 143 303
C 16 266 78
S 15 19 279
C 19 88 26
C 19 269 319
S 7 11 288
S 2 18 318
C 9 22 293
C 3 249 209
C 11 248 258
S 11 14 340
S 4 14 101
S 5 10 292
C 15 65 350
C 3 325 36
S 13 18 144
C 9 92 300
C 5 187 152
S 5 12 9
C 3 66 197
C 4 136 288
C 4 203 231
C 8 277 28
C 6 358 267
C 12 264 254
S 6 9 343
S 1 10 326
S 1 19 227
C 17 260 2
S 2 8 79
C 13 87 22
C 3 244 49
S 12 19 92
C 12 78 44
C 10 80 46
S 3 9 43
S 3 18 11
41
C 12 251 120
C 2 225 31
C 17 117 356
S 7 13 206
C 9 289 30
S 4 20 122
S 7 13 345
C 3 54 98
C 12 280 46
S 6 13 329
S 1 12 340
C 1 43 84
C 10 305 104
C 4 305 198
C 5 238 65
C 18 216 266
C 5 222 21
S 1 17 196
C 15 25 334
S 14 19 10
C 10 7 71
C 2 286 118
S 3 5 202
C 1 203 5
C 17 332 111
S 10 19 95
S 3 14 188
S 4 19 218
C 3 301 75
C 4 139 126
C 4 229 130
S 2 10 199
C 18 234 304
C 8 283 261
C 15 332 86
C 4 250 19
C 18 296 298
C 7 30 332
S 2 12 196
S 1 15 331
61
C 1 49 90
C 15 71 219
C 15 151 123
S 2 3 80
S 2 8 156
C 3 336 130
S 3 11 335
S 13 15 175
S 7 12 151
C 1 9 122
C 14 92 35
C 4 99 116
C 12 262 327
C 6 40 272
C 14 42 53
C 14 153 152
C 2 335 157
S 7 11 185
C 18 65 189
C 13 329 168
C 14 131 356
C 17 324 74
S 13 17 157
C 18 277 179
C 11 90 349
C 20 245 236
C 10 327 155
S 9 12 203
C 7 94 91
S 2 7 51
S 8 20 343
C 16 107 210
S 9 19 1
C 17 222 88
C 13 290 169
C 12 127 167
S 7 14 86
S 8 20 54
S 9 20 239
C 8 99 180
S 8 17 42
C 16 296 179
S 1 9 236
C 15 273 189
S 8 15 10
C 13 284 179
S 4 18 164
C 13 64 27
S 1 20 245
C 20 57 37
C 1 237 176
S 5 7 176
S 14 15 19
C 2 315 156
S 2 18 80
C 10 45 252
C 5 21 33
C 13 359 138
62
S 14 15 301
C 7 337 152
C 17 12 21
C 14 286 210
S 1 17 302
S 6 8 5
S 3 6 276
S 9 12 350
C 8 275 298
S 1 2 310
S 13 17 171
S 12 13 325
S 3 14 329
C 1 76 297
S 3 6 317
C 19 274 268
S 4 18 226
C 7 229 219
S 5 10 348
C 9 38 280
C 2 101 28
C 14 177 286
C 16 276 23
C 17 287 157
C 7 20 314
S 5 8 230
S 15 17 5
C 15 110 151
S 9 19 41
C 7 52 349
S 3 13 159
S 13 14 64
C 7 227 33
C 1 282 96
S 5 18 13
S 10 18 229
C 10 81 67
C 3 197 134
S 6 9 70
C 2 329 205
C 9 158 110
C 10 316 250
C 12 194 27
C 4 61 53
C 4 352 30
C 19 143 230
S 4 9 193
C 18 23 298
C 10 183 180
C 16 341 267
C 18 136 219
C 12 40 192
C 3 71 86
C 18 173 166
C 3 323 86
S 2 13 50
S 7 18 96
C 3 124 84
C 19 62 246
C 14 268 225
29
S 11 12 21
C 6 107 106
C 14 59 102
S 1 6 333
C 2 40 284
C 16 89 170
C 13 187 49
S 2 6 251
C 12 160 247
C 4 60 104
C 3 216 334
S 1 20 121
S 8 20 349
S 2 6 112
C 6 359 290
C 14 138 262
S 3 16 309
C 1 29 346
S 14 17 14
S 10 16 38
C 18 0 3
S 10 14 232
S 3 9 339
S 4 17 267
C 14 48 291
S 6 14 55
S 16 19 302
S 1 20 95
42
S 15 18 352
C 5 132 265
S 6 12 280
S 4 18 159
C 2 285 267
C 11 208 26
C 7 146 116
C 17 292 137
C 17 96 170
C 6 217 0
C 3 103 265
C 8 114 53
S 1 20 110
C 20 66 288
C 17 167 170
C 6 113 205
C 14 168 184
C 5 313 20
C 19 339 7
S 12 20 31
C 4 283 228
S 12 15 178
C 5 14 98
S 5 12 209
S 11 19 64
C 14 94 239
S 5 10 99
C 16 54 137
S 3 6 332
S 10 11 188
C 15 27 132
S 5 11 129
C 3 92 119
C 13 84 345
S 12 18 342
S 5 20 312
C 7 273 129
S 1 11 240
C 8 316 202
C 2 333 326
35
S 12 19 17
C 4 81 80
C 1 243 156
C 8 238 49
S 4 6 138
C 6 206 299
S 10 13 71
S 2 7 317
C 5 233 183
S 15 16 161
C 10 187 100
S 4 16 122
C 1 190 116
S 4 17 153
C 15 282 109
C 11 245 92
C 14 7 49
C 11 307 316
S 1 7 252
S 9 20 73
C 9 99 281
C 15 311 8
C 9 33 191
C 16 34 310
C 3 30 84
C 12 47 72
C 7 328 231
C 4 24 171
C 15 229 74
S 18 19 49
S 15 20 221
S 17 20 97
S 9 18 77
C 3 351 148
S 6 13 196
91
C 10 86 188
C 8 86 88
C 11 232 47
S 4 9 257
S 9 19 319
S 5 7 20
S 2 20 263
S 4 12 301
C 20 11 159
S 8 9 19
S 1 19 314
C 11 359 239
S 9 14 263
S 10 17 150
C 2 334 267
C 19 285 181
C 14 203 53
C 8 262 151
C 8 274 147
C 11 301 83
C 15 252 354
C 13 204 74
C 11 8 59
C 9 254 213
C 3 9 37
S 5 16 69
S 13 18 11
S 9 13 52
S 1 17 95
C 3 241 230
S 8 18 201
C 15 229 194
C 19 92 113
C 10 350 298
S 7 14 273
S 14 17 290
S 14 15 65
C 7 142 358
S 5 12 34
S 15 18 248
C 14 341 156
C 2 146 62
S 10 11 123
C 4 48 285
C 3 207 206
C 18 180 166
C 17 69 238
C 8 121 102
S 5 19 290
C 12 209 13
C 8 260 198
S 4 16 324
S 3 19 218
S 1 9 231
S 7 8 284
S 3 14 142
S 4 10 10
C 16 286 176
C 4 252 247
C 2 172 248
S 2 13 282
C 12 90 114
C 13 107 45
S 9 20 79
C 14 54 14
S 3 12 72
S 13 16 84
S 8 10 274
S 10 18 138
C 20 252 170
S 12 17 96
C 20 112 272
C 7 309 113
S 3 7 275
S 4 7 189
C 18 238 206
S 4 14 253
C 12 43 248
C 13 133 145
C 14 111 134
S 1 17 269
C 14 157 262
S 14 19 180
C 16 207 238
S 3 17 134
C 3 25 185
C 17 225 279
S 15 19 194
S 9 15 284
S 7 8 347
S 2 15 339
13
C 20 126 349
S 2 6 108
C 14 46 309
S 7 15 293
S 7 16 220
C 1 75 279
S 10 17 315
C 20 211 108
C 1 257 48
C 15 353 52
C 13 150 231
C 3 33 57
15
C 1 53 195
S 9 13 214
C 15 113 64
S 5 20 46
S 5 6 286
C 17 221 337
C 8 34 115
C 3 278 265
S 10 20 145
C 2 172 355
S 3 19 81
S 4 13 98
C 18 160 35
S 2 15 183
22
C 13 34 306
C 12 109 358
S 6 10 98
C 10 22 186
C 6 136 110
C 16 195 348
S 9 18 153
S 11 15 145
S 10 17 335
S 2 10 243
S 13 15 282
C 19 198 187
C 10 248 222
S 8 12 306
C 3 102 295
S 3 15 3
S 3 11 128
C 12 212 335
S 4 20 84
S 15 20 226
C 5 264 206
49
C 11 143 142
C 10 178 227
S 6 19 178
S 1 11 161
C 16 342 236
C 8 94 175
S 11 15 35
S 2 12 355
C 17 102 241
S 6 20 128
C 4 201 205
C 7 164 49
S 6 12 22
S 10 14 11
C 16 258 15
S 4 18 359
S 3 17 310
C 3 207 46
C 5 301 187
S 2 12 25
C 11 70 156
C 15 355 341
S 7 14 38
C 15 13 318
C 9 114 43
C 15 124 189
C 3 31 124
C 3 341 294
S 7 10 127
S 5 11 306
S 2 3 163
C 16 269 193
C 19 277 7
S 11 17 259
S 6 20 157
S 11 14 26
S 9 18 246
S 8 18 187
S 2 8 112
S 8 16 87
S 4 15 101
S 4 20 51
S 3 4 317
C 15 82 284
C 1 255 10
S 5 10 1
C 17 270 73
S 11 16 358
10
S 1 14 43
S 10 15 193
C 20 340 272
S 5 16 349
S 14 18 46
C 17 180 190
S 16 19 202
S 2 4 26
S 8 17 121
C 10 302 26
90
S 2 4 146
S 13 14 25
S 13 20 262
S 8 14 274
C 13 308 33
C 1 58 50
S 14 17 316
S 3 18 119
C 14 102 285
S 2 12 125
C 6 145 260
C 6 79 1
S 14 20 128
C 2 149 35
C 20 28 223
S 10 17 185
C 14 235 165
C 9 10 234
C 4 329 293
S 1 7 90
C 6 120 116
C 10 326 253
C 5 66 203
C 17 100 269
S 2 14 343
S 1 9 209
S 13 17 241
C 20 116 239
C 9 216 18
S 2 16 125
C 4 316 195
S 9 12 104
S 13 19 38
C 4 140 38
S 2 13 31
C 3 98 301
C 18 179 247
S 6 10 83
C 6 251 2
C 17 286 273
C 11 22 243
C 17 57 5
C 10 320 259
S 2 12 288
C 2 278 55
C 19 272 175
S 8 20 283
C 17 245 31
C 18 8 305
S 6 7 121
C 14 237 100
C 5 277 253
C 10 297 73
C 13 111 211
S 3 10 340
C 8 105 176
S 1 19 53
S 8 14 257
C 7 106 76
S 5 11 285
C 13 238 265
C 20 118 20
S 12 16 51
S 8 10 230
S 11 13 160
C 4 154 201
S 4 18 173
S 4 11 146
S 3 9 288
C 4 143 94
S 13 16 66
C 20 31 55
C 5 325 50
C 7 246 166
S 11 17 162
S 2 12 49
S 1 18 123
S 2 9 53
S 3 9 105
C 16 59 97
C 5 259 133
C 6 63 111
C 14 156 277
S 1 10 208
S 10 11 1
C 13 131 81
S 3 9 323
74
S 3 11 292
C 10 183 13
C 19 231 232
S 9 17 238
C 19 195 58
C 1 158 321
S 10 17 32
C 12 167 8
S 3 19 24
S 14 16 161
C 10 118 327
C 7 175 37
S 2 14 27
C 18 355 203
S 7 20 0
C 9 33 212
C 11 210 55
S 10 17 217
C 5 49 23
S 5 11 87
C 11 160 48
S 14 17 33
C 2 319 157
S 9 12 289
C 18 15 118
C 3 224 21
S 7 16 326
C 20 155 56
C 19 134 280
S 1 13 254
C 8 30 29
C 8 72 43
C 7 111 289
C 15 337 256
C 12 254 236
C 18 73 300
C 2 334 77
C 1 97 314
C 17 305 130
C 8 171 203
S 2 8 17
C 13 107 296
S 9 20 129
C 7 219 174
S 6 10 115
C 14 15 153
C 8 259 114
S 2 10 301
C 5 310 145
S 9 10 285
S 6 17 261
C 17 218 78
S 7 12 336
C 9 31 204
S 4 14 272
S 2 10 0
C 9 200 10
S 1 4 280
C 7 250 254
C 20 71 310
C 2 42 74
S 7 14 233
C 6 60 279
C 11 265 122
S 2 14 259
S 3 14 59
C 16 15 154
S 8 10 138
S 8 18 39
C 11 303 183
S 7 14 344
S 2 10 305
3
C 3 184 204
C 20 42 62
C 12 242 330
33
S 12 14 151
C 5 31 290
C 17 118 22
C 3 334 248
C 18 230 117
S 8 11 306
C 18 144 212
C 5 192 191
C 6 121 239
S 2 9 97
S 5 13 129
S 2 11 173
S 1 18 290
C 17 170 261
C 5 226 127
C 15 89 60
C 6 219 343
C 17 87 354
C 11 160 357
S 6 8 5
S 8 20 1
C 5 227 6
C 3 98 174
C 3 302 338
S 11 20 236
C 8 349 330
C 18 276 208
S 10 12 297
C 2 32 86
S 12 13 143
S 15 18 21
C 14 5 43
44
S 3 9 236
C 14 182 236
C 9 72 64
S 3 7 155
C 13 167 307
C 4 346 19
S 6 11 257
S 3 13 185
S 4 9 227
S 1 8 36
C 5 18 319
S 2 18 146
S 5 13 192
S 8 12 57
S 16 19 341
C 20 213 151
C 7 238 38
S 13 15 171
C 11 254 352
C 9 98 151
S 7 12 68
C 8 210 47
S 9 19 190
C 10 107 103
S 8 10 352
S 3 4 279
C 20 349 100
C 10 257 48
S 3 7 109
C 5 19 208
C 12 29 59
S 1 7 242
C 4 266 189
C 19 120 121
S 1 11 235
S 19 20 67
S 1 4 110
C 18 354 351
C 16 220 213
C 20 194 94
S 13 15 307
S 7 11 156
C 10 132 174
92
S 3 13 11
C 18 340 60
C 8 328 120
C 9 75 247
S 14 15 36
C 17 227 173
C 4 30 126
S 8 9 278
S 10 11 202
S 7 20 293
C 12 267 327
S 8 10 192
C 15 124 126
S 1 19 67
C 8 341 354
S 1 10 63
C 12 312 225
C 12 349 49
C 15 251 114
S 11 18 112
C 3 291 88
S 5 15 141
C 9 14 249
C 1 316 210
C 20 202 259
C 16 130 99
C 14 43 358
C 6 132 241
S 6 14 75
S 7 9 166
C 18 301 26
C 5 124 135
S 2 14 107
C 3 312 52
C 4 104 126
S 5 18 264
C 13 122 214
C 7 80 135
S 11 18 73
C 2 336 306
C 15 31 165
C 20 227 166
C 1 1 45
C 5 123 35
S 1 3 180
C 10 41 174
C 12 18 274
C 1 257 154
S 6 9 36
S 11 16 51
C 13 261 274
S 9 19 82
C 13 267 152
S 19 20 16
C 19 91 14
C 17 55 324
C 19 249 219
C 7 153 71
S 9 15 74
S 15 16 295
S 8 16 75
C 18 259 329
C 13 120 19
S 1 3 255
S 4 15 154
C 10 77 244
C 9 146 314
S 9 15 14
C 14 128 151
C 20 244 84
C 14 240 167
S 2 5 135
C 17 353 162
S 1 9 237
S 2 4 215
C 14 316 109
C 2 5 265
C 13 278 89
C 5 95 334
S 11 19 141
S 18 20 269
C 18 324 43
C 7 253 0
S 7 9 166
C 18 323 140
S 5 7 168
S 18 20 236
C 14 212 17
S 6 20 168
91
S 3 17 264
C 18 118 195
S 17 19 89
S 7 12 288
S 10 14 120
S 4 18 186
S 1 18 324
C 2 321 195
S 16 18 214
C 5 358 115
S 16 18 123
S 3 5 102
C 9 80 275
S 2 16 158
C 8 22 77
S 1 14 241
S 3 15 317
S 3 14 287
S 12 17 287
S 5 10 298
C 4 218 46
S 1 13 11
C 1 15 323
C 7 157 295
S 10 13 81
C 5 271 142
S 13 15 333
C 3 79 246
C 4 281 311
C 9 235 192
S 1 9 40
S 11 18 189
C 19 335 128
C 13 15 28
S 1 16 234
C 1 278 10
S 4 18 275
S 12 17 128
C 3 38 184
C 6 335 309
S 4 16 178
C 12 311 30
S 4 20 226
S 4 5 268
S 14 17 114
C 5 231 86
C 1 326 285
S 1 3 16
S 4 16 299
C 12 324 282
S 12 15 125
C 19 38 158
S 13 18 68
C 8 102 164
C 18 250 355
C 8 149 26
C 3 324 113
S 12 14 322
S 12 15 142
C 6 103 169
S 3 10 139
S 11 14 6
C 5 288 37
S 3 20 116
C 16 288 152
S 12 15 5
C 11 180 11
C 19 153 4
S 6 12 347
S 6 20 315
S 2 20 94
C 1 287 16
C 16 240 209
S 2 6 76
C 17 350 144
C 2 235 11
S 3 10 121
S 7 15 328
C 12 207 115
C 19 228 3
S 17 19 44
S 15 19 18
S 8 10 61
C 6 287 84
S 8 14 357
C 4 314 219
S 5 10 38
C 16 291 52
S 9 20 334
C 18 277 229
52
S 10 19 3
S 11 15 17
C 9 328 89
C 2 9 359
S 4 17 349
S 12 14 12
C 12 179 245
C 20 242 58
S 5 19 51
C 8 282 35
C 12 337 168
C 4 287 316
S 2 5 193
S 6 8 330
C 5 39 274
S 10 19 118
S 6 19 228
C 14 66 197
S 5 18 289
S 7 16 285
S 19 20 256
S 14 15 248
S 8 19 282
C 8 197 19
C 14 64 126
S 11 17 199
S 6 11 166
C 8 246 326
C 5 275 352
C 1 162 299
C 2 283 299
C 15 290 29
S 2 19 249
S 7 19 255
C 19 44 195
S 1 13 57
C 4 339 226
C 3 40 128
C 16 252 211
S 10 20 330
S 8 9 327
C 18 51 334
S 15 16 246
S 2 13 68
C 3 302 131
C 10 217 310
S 13 17 35
C 8 139 49
S 9 17 311
S 7 9 287
19
S 14 16 76
C 4 290 77
C 7 19 8
S 11 14 138
C 5 241 12
S 14 16 43
C 18 303 35
S 3 19 240
C 17 50 144
C 9 238 281
C 13 25 33
C 15 285 97
S 9 19 214
C 5 197 234
C 15 2 99
S 2 8 198
S 5 11 22
C 16 160 275
C 17 47 230
77
C 17 116 343
C 6 156 153
S 2 11 209
C 6 95 331
C 13 252 11
C 10 256 73
C 15 64 100
C 3 37 119
C 12 59 133
C 15 290 154
S 4 5 325
C 8 268 150
S 5 6 108
S 13 14 346
C 5 359 278
S 12 16 74
S 6 12 103
C 20 168 53
C 8 198 96
S 2 3 298
C 7 9 77
C 1 89 243
S 13 14 152
S 7 16 167
S 13 16 9
S 2 11 242
C 14 100 76
C 14 291 178
C 14 185 180
S 2 14 5
C 10 141 78
S 1 14 91
S 13 15 260
S 5 10 255
C 20 219 286
C 10 350 229
S 16 19 0
S 17 19 25
C 8 187 322
C 6 113 15
S 13 19 332
C 17 68 101
S 9 20 171
S 8 19 90
S 5 13 191
S 13 19 66
S 9 17 180
S 12 17 333
S 16 20 33
C 13 205 288
S 3 8 197
S 9 11 23
C 3 127 31
C 12 177 264
C 7 282 1
S 7 18 93
C 9 292 49
C 14 182 35
S 3 4 113
C 11 216 356
C 16 267 347
C 6 224 114
C 4 330 207
C 12 131 286
S 3 4 63
S 9 10 59
S 14 18 64
C 1 29 78
C 11 257 61
S 3 10 339
C 9 345 104
C 5 21 328
C 17 118 37
C 9 315 95
S 15 17 278
S 6 20 351
92
C 11 74 44
C 10 318 222
S 1 19 306
C 8 267 110
S 5 16 65
C 14 10 187
C 10 27 190
S 7 15 105
C 11 47 203
S 5 6 61
C 2 298 285
C 6 332 265
S 3 7 72
C 11 285 288
S 10 18 217
C 15 268 197
S 5 20 295
S 15 19 97
S 3 4 66
S 5 12 343
S 4 11 5
C 1 230 151
C 8 183 312
C 12 173 343
S 2 13 187
C 1 92 321
C 3 253 348
C 2 349 342
C 10 272 117
C 14 31 186
S 13 15 81
S 2 9 320
S 8 19 170
C 2 127 192
C 1 235 294
C 11 35 200
C 1 172 93
C 5 352 59
C 18 218 109
C 17 144 258
S 3 13 178
C 20 183 62
S 9 16 14
S 6 11 144
S 9 18 249
C 4 217 106
S 2 18 190
C 9 141 81
C 3 307 172
C 15 148 42
S 6 14 275
S 5 7 33
C 19 225 61
S 8 11 265
C 1 256 209
S 4 15 94
C 11 42 134
S 2 11 143
S 3 15 315
C 7 84 240
S 3 9 80
C 6 29 77
C 14 356 20
C 18 85 236
C 19 229 80
C 3 289 185
S 5 14 35
S 12 14 227
C 19 33 221
S 5 14 234
C 17 81 82
C 10 221 47
C 8 271 303
C 2 194 325
C 3 167 95
C 15 191 155
S 13 16 152
S 4 8 144
S 16 20 352
C 3 14 23
S 11 18 52
C 15 265 174
C 1 72 122
C 16 299 206
C 3 183 104
S 2 20 12
43
C 10 68 134
C 9 318 93
C 11 50 352
S 1 10 272
C 15 18 234
C 14 135 101
C 7 147 160
S 8 20 18
C 1 151 279
C 12 59 193
S 2 10 264
S 5 10 304
C 18 199 151
C 5 286 269
S 1 17 329
S 3 16 352
S 4 7 77
C 18 105 53
C 11 204 359
C 11 37 95
S 12 14 50
S 13 20 190
C 18 302 340
S 15 20 339
S 6 17 123
S 3 7 177
S 1 3 347
C 8 141 153
C 20 226 79
S 6 10 267
S 3 16 181
S 6 10 148
C 19 31 254
S 8 15 284
S 2 3 92
S 11 18 244
C 20 142 191
S 1 20 343
C 3 193 136
C 9 310 193
C 4 182 158
C 9 334 278
S 2 12 42
47
S 8 13 36
S 10 14 63
C 5 112 234
C 15 226 306
S 3 13 74
C 2 264 224
C 2 107 189
C 4 88 299
S 8 15 208
C 13 87 56
S 14 17 147
C 12 342 224
C 12 108 19
C 8 224 264
S 16 20 107
S 12 16 293
S 12 18 321
S 2 5 185
C 9 34 291
C 19 187 51
C 15 320 201
S 3 18 38
S 1 5 154
C 7 20 331
S 2 19 96
S 3 13 140
S 4 19 153
S 10 12 357
S 6 12 83
C 8 344 302
S 7 10 279
S 10 13 330
C 20 110 70
S 12 15 337
S 7 11 180
S 4 10 237
S 3 20 74
C 5 14 116
C 14 114 167
C 20 259 283
S 8 12 252
S 13 16 225
S 13 16 111
C 4 306 116
S 1 19 154
C 19 316 160
C 15 14 202
52
S 13 16 2
S 17 19 4
S 12 19 267
S 2 9 227
S 1 18 289
S 6 19 136
S 7 18 23
C 6 55 130
S 7 8 256
S 5 15 163
S 1 2 290
C 15 319 279
C 1 31 308
S 6 9 257
C 5 257 6
C 10 145 301
S 1 5 47
C 20 303 46
C 9 252 143
S 6 16 118
C 8 45 182
C 8 106 90
S 7 9 119
S 3 10 259
S 6 20 211
C 18 147 225
C 1 232 259
C 9 175 182
C 3 177 241
C 12 10 309
C 9 343 69
C 16 160 299
C 18 256 186
C 4 259 292
C 11 337 215
C 10 66 230
C 12 316 98
S 2 15 52
C 6 329 25
S 13 19 301
C 8 23 138
S 12 16 319
S 7 14 275
S 7 11 194
S 5 13 38
C 8 284 150
C 14 238 286
S 4 19 114
S 8 11 329
63
C 8 232 200
S 9 11 31
C 5 231 337
S 8 17 190
S 7 19 8
C 6 297 286
S 13 17 344
S 6 14 328
S 5 11 295
C 17 211 19
C 13 242 303
C 13 269 348
S 15 19 170
C 1 93 219
S 3 5 328
S 3 6 81
S 4 13 21
S 12 18 24
S 7 15 251
S 15 19 122
S 12 16 274
C 6 157 310
C 14 160 348
C 1 117 167
C 8 48 189
C 17 343 213
S 8 9 112
C 7 70 110
C 12 136 290
C 6 122 281
C 1 161 156
S 15 20 338
C 16 32 77
C 15 62 258
S 18 19 192
S 15 17 67
C 18 243 181
S 1 4 248
C 6 32 71
C 15 40 293
S 5 17 4
S 6 15 151
C 11 297 39
C 14 31 76
S 10 18 149
S 2 11 311
S 1 11 323
C 20 57 45
C 11 242 331
C 20 221 100
S 1 10 152
C 1 53 173
C 9 340 280
S 10 13 255
C 13 346 53
C 15 146 285
C 14 296 63
C 10 190 31
S 2 18 307
S 2 17 98
S 1 13 213
S 12 17 181
C 12 185 349
77
C 1 206 335
C 2 75 13
S 7 20 332
S 1 17 36
C 9 183 254
C 11 251 278
S 7 10 290
C 14 136 143
C 11 357 143
C 11 24 173
S 7 12 161
C 5 4 219
S 5 10 91
S 9 15 131
S 1 8 245
C 9 243 104
C 15 17 213
S 1 15 286
C 13 27 113
C 7 164 37
C 2 64 203
C 20 156 199
S 8 11 176
C 20 86 259
S 5 18 358
C 12 104 50
C 4 301 285
C 6 348 61
S 3 19 278
S 8 13 125
S 4 9 212
C 14 5 288
S 7 11 226
C 1 205 31
S 10 19 19
S 3 14 109
S 10 19 175
C 10 129 346
C 20 263 203
C 12 167 124
S 6 17 129
C 12 27 60
S 6 17 111
C 20 3 262
C 18 239 206
S 17 19 14
S 8 10 233
S 4 9 326
C 9 126 323
C 19 55 107
C 5 31 201
S 10 12 58
C 17 199 267
C 14 350 271
C 14 89 192
C 19 117 202
C 2 85 348
S 5 11 263
S 8 20 358
C 20 53 131
S 1 20 338
S 2 12 51
S 7 15 187
C 7 146 244
C 8 66 63
S 9 10 87
C 6 50 252
C 2 239 106
S 6 16 80
C 16 122 338
S 6 16 269
S 8 11 147
C 19 100 355
S 6 9 62
37
C 17 288 102
S 5 19 351
C 14 179 314
C 10 56 224
C 10 232 143
S 4 9 318
S 1 10 281
S 9 20 249
C 11 183 182
C 6 260 211
S 16 20 204
C 19 62 69
C 16 110 328
S 5 16 110
C 13 182 52
C 6 92 332
S 9 10 18
C 10 183 24
S 17 18 192
C 3 198 230
S 4 15 44
C 11 332 323
C 17 33 330
C 6 64 66
C 19 303 147
S 17 18 102
C 12 320 140
S 6 16 22
C 19 311 278
S 9 13 54
C 11 103 197
C 3 227 116
C 12 137 66
S 6 14 98
C 9 291 109
34
C 19 116 191
C 10 151 57
C 8 66 169
S 10 13 212
S 3 8 246
C 10 203 286
C 5 148 54
S 2 10 173
C 6 266 172
C 4 220 48
S 3 8 209
C 3 84 292
S 4 17 129
C 16 75 28
C 2 175 5
S 12 15 34
C 3 282 139
S 4 17 289
S 15 18 201
C 11 32 294
C 16 306 358
C 5 136 227
S 9 16 174
S 6 9 37
C 2 180 358
C 4 14 266
C 3 141 270
C 15 41 30
C 1 261 218
S 9 19 237
C 13 312 234
S 6 9 76
C 13 247 226
S 11 20 88
66
C 11 49 88
S 1 3 322
S 18 19 230
S 15 20 108
S 11 16 203
C 17 279 25
S 2 4 192
S 8 10 112
C 4 134 25
S 1 10 209
C 11 200 2
C 20 301 292
C 5 343 74
C 11 121 161
S 4 9 271
S 9 11 174
C 14 12 232
C 14 42 65
C 19 125 25
C 15 44 129
C 14 168 58
S 8 15 0
C 8 275 136
S 11 14 253
S 13 18 111
C 7 9 318
C 3 129 95
S 2 6 152
C 18 25 25
C 9 102 92
C 8 184 16
S 6 20 293
C 13 8 153
C 14 125 110
C 15 102 196
C 5 310 163
S 7 9 72
S 1 13 202
S 6 12 167
C 7 111 306
S 4 19 269
C 9 17 157
C 10 327 39
C 12 258 286
S 15 20 134
C 15 262 243
S 2 7 130
C 9 287 30
C 9 238 203
C 13 239 232
S 5 9 186
C 2 339 205
C 8 19 214
C 19 135 101
S 9 13 62
C 18 38 247
C 18 185 140
C 5 148 217
S 16 17 345
C 12 98 248
S 5 15 278
C 8 21 207
C 3 15 177
S 9 11 103
S 1 3 145
1
C 2 223 172
69
S 4 13 141
C 3 191 302
S 2 8 357
S 3 18 96
C 19 170 276
S 2 14 13
S 5 15 126
C 17 139 229
S 5 8 10
C 13 254 112
C 11 149 60
S 3 10 90
C 12 274 271
S 16 20 43
S 1 18 296
S 7 20 248
C 11 22 73
C 5 148 211
C 14 132 317
C 12 140 212
S 5 6 232
S 4 5 63
C 13 320 199
S 8 12 99
C 2 48 0
S 8 18 192
S 6 20 198
C 1 61 131
C 19 18 255
S 8 11 135
S 10 17 94
C 19 256 359
C 4 105 354
S 9 11 220
S 6 16 274
C 2 5 301
S 14 15 139
C 15 185 297
S 13 17 201
S 10 13 209
S 7 20 53
C 2 271 266
S 2 20 148
C 2 45 20
S 3 15 180
S 8 11 62
C 20 176 175
C 9 73 286
S 8 10 98
S 4 11 324
S 1 6 87
S 2 6 83
C 18 23 1
S 4 16 277
C 8 165 276
C 1 359 140
C 13 45 45
S 7 10 59
C 6 23 100
S 5 13 212
C 14 155 201
C 14 113 270
S 4 11 256
C 17 254 110
C 17 185 45
S 4 5 59
S 4 14 51
C 19 20 207
67
C 12 78 207
S 1 5 62
C 17 207 283
C 2 13 243
C 20 322 278
S 9 19 300
C 5 2 2
C 11 8 174
S 12 19 152
C 13 36 58
S 13 18 158
S 13 16 89
C 6 305 236
C 14 259 9
S 11 17 256
S 6 18 63
S 6 19 70
C 13 212 31
C 8 140 144
C 17 161 123
S 1 6 253
C 19 354 145
C 10 61 27
C 4 274 9
C 20 37 139
C 19 12 220
C 7 250 120
S 12 17 262
C 2 238 140
C 10 240 337
S 12 20 88
C 19 157 261
C 1 7 279
S 6 19 167
C 2 268 114
S 12 14 266
C 18 196 271
S 3 15 188
S 4 14 47
C 18 221 124
C 11 309 295
S 9 20 73
C 10 13 331
S 15 20 243
C 8 30 175
C 4 96 356
S 1 15 129
C 4 258 247
C 14 168 20
C 8 110 110
C 11 287 67
C 20 49 171
S 17 19 205
C 14 284 42
S 12 13 55
C 12 172 320
C 3 204 357
C 1 291 185
S 4 12 341
S 10 19 139
S 12 18 31
S 7 9 4
S 2 5 313
C 12 114 75
S 5 12 14
39
S 16 17 96
S 15 18 231
S 16 20 27
C 4 278 206
C 15 262 319
C 17 337 105
C 20 7 300
C 4 189 120
S 9 19 356
C 9 11 46
S 7 8 355
C 11 122 16
S 3 19 335
C 6 202 131
C 13 294 272
C 16 143 319
S 14 18 90
C 20 306 103
C 9 102 114
S 11 19 200
C 12 262 109
S 12 18 134
S 8 11 205
S 12 14 180
S 4 17 77
S 5 19 208
C 6 165 345
C 14 44 177
S 14 16 1
C 19 233 143
C 1 96 106
C 20 228 65
C 2 299 26
S 7 13 272
S 4 16 20
C 5 71 321
10
C 15 97 323
S 9 19 221
C 8 335 309
C 6 321 118
C 15 152 322
C 20 200 206
C 19 290 258
C 16 339 307
S 4 14 149
C 19 36 78
90
S 4 14 295
C 13 262 53
S 13 14 141
C 19 46 240
C 18 341 113
S 3 7 192
C 11 138 65
S 12 17 231
S 1 11 121
C 16 167 350
C 15 247 313
C 15 184 221
S 2 8 334
S 15 18 334
C 15 97 294
C 7 95 294
S 3 10 155
C 5 211 39
S 1 18 244
S 6 20 125
S 6 16 49
S 6 13 139
S 9 11 295
S 3 7 325
S 9 10 190
S 11 17 161
C 5 308 277
C 11 11 180
S 9 10 261
C 5 333 199
C 9 337 18
S 9 14 211
S 3 20 166
S 3 19 143
S 2 9 172
S 4 13 211
S 11 18 313
S 6 18 236
S 1 5 274
S 17 18 127
S 15 17 355
S 15 18 185
C 19 75 287
C 12 194 88
S 17 18 31
C 3 45 345
S 9 18 345
S 10 15 147
C 5 191 219
C 12 162 97
S 12 18 61
C 7 197 358
S 12 18 133
C 4 200 28
S 3 8 95
C 1 216 202
C 7 204 306
S 2 5 201
S 2 7 354
S 2 17 290
C 20 351 9
C 12 38 247
S 4 8 196
C 6 62 331
S 5 10 323
C 12 102 333
C 18 152 188
S 6 20 207
C 18 320 177
C 15 259 122
C 12 343 116
C 5 296 274
C 14 33 251
C 1 78 226
C 10 111 281
S 9 14 26
S 8 17 216
S 3 19 10
C 15 200 86
C 7 129 240
S 16 18 286
C 3 204 341
C 7 302 251
S 5 16 311
C 2 87 188
C 8 129 178
C 9 166 358
C 13 137 232
46
C 16 275 338
C 6 79 262
C 12 203 287
C 18 148 43
S 1 8 337
C 1 277 106
S 3 12 50
S 3 9 233
C 15 84 146
C 14 160 166
S 2 6 316
C 6 45 163
C 10 222 253
C 10 151 52
S 5 16 278
C 1 17 104
S 17 19 359
C 2 84 280
C 1 117 145
S 4 15 119
S 8 17 3
C 18 301 300
C 16 269 189
C 8 7 137
S 13 18 322
S 9 18 168
S 9 18 38
C 3 188 195
C 3 59 38
C 17 12 279
C 11 73 24
S 4 18 206
S 3 19 82
C 10 96 186
C 17 208 136
C 5 6 337
C 9 53 1
C 6 37 189
S 3 19 20
S 16 20 37
S 2 8 205
S 3 14 87
S 2 13 36
S 5 10 356
C 1 88 344
C 19 266 88
72
C 11 49 306
S 4 7 336
C 14 292 73
C 9 325 272
S 2 15 316
S 16 18 171
C 2 28 353
C 13 16 119
C 18 192 222
S 1 3 134
S 12 19 229
C 2 193 285
C 20 286 306
C 3 19 321
S 4 13 348
S 10 12 112
S 17 18 76
C 14 133 71
S 7 14 218
S 6 15 292
S 7 18 263
S 3 19 68
C 7 243 197
C 13 215 237
S 17 19 41
S 12 16 257
S 7 20 176
S 1 4 138
C 12 153 297
C 2 220 58
S 6 12 167
C 13 219 180
S 8 10 185
C 12 62 234
C 15 49 238
S 17 19 4
S 5 19 319
C 17 48 112
S 9 14 334
S 12 19 52
C 10 329 251
C 9 164 15
C 9 316 252
C 8 285 25
C 12 336 75
C 20 261 167
C 4 187 15
S 2 4 193
C 6 130 183
C 15 264 225
S 1 8 21
S 2 3 8
C 15 210 105
C 16 73 2
C 2 142 66
S 3 4 217
S 5 18 294
S 4 6 65
C 6 45 237
C 6 326 86
C 4 357 280
C 16 314 348
C 1 273 105
S 17 18 146
C 7 177 241
S 5 9 117
C 8 126 235
C 6 197 263
S 10 11 15
S 2 12 168
C 20 270 310
C 9 159 6
27
S 4 13 271
C 5 53 337
S 2 13 175
S 1 5 260
S 18 19 319
C 12 46 214
S 4 11 142
S 7 19 40
S 16 20 40
C 1 167 263
C 13 37 295
S 3 19 165
S 7 11 150
C 16 277 158
C 4 318 50
S 2 12 282
C 9 345 95
S 7 15 296
C 20 54 114
S 8 12 58
C 14 144 25
S 15 17 9
C 17 1 224
S 4 20 64
C 15 359 59
S 13 20 78
C 13 201 309
28
C 8 20 274
C 8 257 72
C 15 139 289
S 18 19 307
C 18 70 179
S 8 13 354
S 3 19 112
S 2 11 235
S 6 8 289
C 6 277 305
C 18 72 183
C 3 86 262
C 4 2 62
C 7 312 161
S 11 20 18
C 5 29 203
C 5 204 137
S 7 13 244
S 2 16 249
C 7 217 245
C 12 159 313
C 13 82 355
C 18 168 138
S 1 11 335
S 15 16 265
C 15 152 35
C 12 180 290
C 16 73 156
21
S 9 18 101
C 15 199 254
C 4 149 275
C 7 173 184
S 5 13 78
C 18 164 318
S 5 14 24
S 17 19 30
S 2 3 41
S 7 18 198
C 1 246 297
S 5 19 60
C 14 198 25
S 4 6 62
C 12 145 47
S 5 14 340
C 5 89 299
C 15 235 284
S 2 9 298
S 4 10 95
S 10 18 138
30
S 4 14 337
S 2 16 57
C 14 119 177
C 5 208 230
S 2 14 298
C 8 68 217
S 5 13 265
C 10 43 227
S 2 12 225
C 13 280 221
C 17 109 142
S 3 20 117
C 12 45 274
S 14 18 247
S 8 12 21
C 9 296 341
S 6 11 165
S 9 10 88
C 12 244 187
C 5 339 130
S 2 15 74
C 19 205 297
C 11 335 149
C 14 318 247
C 8 280 323
C 10 325 118
S 9 13 336
S 16 19 336
C 14 210 125
C 11 253 247
13
S 2 5 342
S 1 11 308
S 10 19 203
S 2 20 172
C 6 57 35
S 2 12 11
C 9 86 261
C 15 177 326
S 7 20 283
S 8 18 294
C 11 96 114
C 13 210 204
S 4 9 358
2
C 14 51 76
C 14 287 36
5
C 16 84 26
C 18 188 356
S 1 11 64
S 12 14 294
C 15 169 326
66
C 5 342 138
S 6 12 235
C 18 217 151
C 9 218 92
C 10 25 165
C 5 25 286
C 17 30 153
C 2 91 80
C 18 168 164
C 4 321 123
C 5 91 91
C 6 259 315
C 8 307 279
S 1 16 134
C 18 295 359
C 15 264 165
C 13 255 73
C 2 17 96
S 2 16 193
S 1 5 52
C 4 154 27
S 14 15 41
S 19 20 84
S 6 16 221
C 9 224 179
C 5 330 296
S 4 14 18
C 7 301 179
C 5 114 334
C 11 87 337
S 3 19 305
C 10 343 51
S 7 8 240
S 2 10 255
S 11 20 288
C 14 164 5
S 10 19 298
S 13 15 137
S 6 18 325
C 2 98 84
S 4 19 146
S 5 8 305
C 8 292 137
S 15 19 149
S 1 16 101
S 4 15 302
S 11 13 350
C 15 29 86
C 7 96 3
S 18 19 37
S 12 15 200
S 12 17 122
S 11 17 122
S 3 13 240
C 6 110 329
S 3 4 76
C 1 3 203
C 12 113 40
C 9 251 82
S 19 20 46
S 1 2 243
C 13 1 307
C 19 65 246
S 12 16 270
11
S 1 7 143
C 9 356 302
C 5 237 19
S 2 15 287
S 12 14 86
S 9 10 124
S 12 13 178
S 10 11 343
S 3 6 326
C 15 252 101
54
C 2 358 4
S 19 20 44
S 2 17 189
C 2 105 327
S 11 12 65
S 2 18 270
C 2 77 106
C 7 60 264
S 8 11 230
C 15 124 92
S 8 19 106
C 15 63 102
C 2 159 208
C 8 236 203
S 17 20 206
C 11 231 104
C 15 23 211
S 8 16 55
S 13 20 355
C 8 209 50
C 13 302 275
C 11 69 289
C 14 195 311
S 17 20 97
C 15 188 315
C 15 180 258
C 2 159 303
S 1 4 304
C 13 94 21
S 3 7 6
C 14 268 1
S 2 6 202
C 20 287 55
S 3 5 101
S 11 14 212
C 2 223 267
C 11 222 54
C 11 309 11
C 16 105 46
S 10 16 307
C 20 311 91
C 17 48 27
S 5 10 352
S 11 17 291
C 3 27 19
S 8 14 231
C 20 113 115
S 13 15 120
C 3 100 68
C 9 208 122
S 6 7 240
S 8 13 117
C 8 75 347
46
S 2 18 250
S 4 16 354
S 1 3 216
S 3 19 323
C 7 213 273
C 11 129 204
S 2 11 292
S 12 16 31
C 13 244 164
S 3 16 227
C 12 144 13
S 11 15 206
C 17 156 47
S 4 6 8
S 8 20 169
S 6 11 246
S 6 18 302
S 15 20 234
S 17 18 51
S 12 18 289
C 8 3 264
C 4 283 155
S 7 10 19
C 8 106 230
S 1 7 356
C 8 100 86
C 1 353 194
C 7 167 43
S 3 12 185
C 1 351 75
C 2 218 66
C 2 266 110
S 3 14 276
S 1 19 220
S 14 15 344
C 18 130 259
C 10 104 103
C 6 228 298
C 15 330 223
S 10 11 197
S 6 11 169
C 5 348 65
C 3 108 321
C 17 161 311
S 3 15 307
S 8 12 220
82
S 3 9 347
S 14 17 60
S 4 20 105
S 2 13 336
S 1 18 126
C 1 150 27
S 8 19 262
S 4 9 78
S 2 9 117
C 20 298 35
S 3 10 252
C 3 356 311
C 11 6 249
S 12 15 318
C 16 68 39
S 1 5 38
S 1 17 136
C 11 331 175
S 17 19 265
S 9 10 12
C 12 122 353
C 10 231 107
S 13 15 140
S 5 7 116
C 6 32 316
C 4 128 300
S 1 20 143
C 9 128 187
C 18 161 118
C 12 86 4
S 3 10 111
S 12 18 256
S 6 18 150
C 16 106 350
C 18 271 242
S 2 14 162
S 8 19 273
C 7 216 47
S 4 6 193
S 2 10 217
S 10 18 189
C 2 34 258
S 18 19 0
C 11 222 233
S 2 5 8
S 1 4 325
C 15 62 88
S 1 15 53
C 10 312 289
S 4 12 155
C 8 260 187
S 9 20 136
S 1 16 329
C 5 195 5
C 16 266 203
C 5 177 102
S 6 10 54
S 10 17 97
C 7 196 258
C 18 159 79
S 3 6 62
S 12 16 86
S 1 6 176
C 6 283 279
C 5 249 204
S 6 18 153
C 13 47 180
C 3 123 296
C 7 143 309
S 3 13 115
S 17 18 88
C 8 249 236
C 3 352 189
C 3 131 296
C 13 128 62
S 9 13 19
S 15 17 307
S 14 17 36
S 12 13 93
S 4 12 7
2
S 8 10 194
C 2 225 218
66
S 8 12 320
C 14 329 219
S 19 20 330
C 1 160 241
S 4 11 126
C 20 3 217
C 1 60 345
S 13 20 303
C 2 50 9
S 8 15 188
S 4 9 44
S 1 8 76
S 4 16 197
S 5 14 127
C 4 146 52
S 4 17 314
C 2 29 43
C 6 235 32
S 5 19 335
S 13 20 27
S 10 12 25
S 11 19 152
S 5 13 135
S 7 8 318
S 1 14 334
S 9 10 85
C 5 112 176
S 1 13 336
S 6 18 42
C 4 296 261
S 5 17 193
C 18 21 221
C 9 33 176
S 1 2 212
C 15 165 14
S 4 18 294
C 17 62 295
S 1 18 316
S 1 2 213
C 13 181 224
C 1 146 32
C 15 305 357
C 20 260 308
C 13 98 190
S 12 17 155
S 11 19 327
S 3 20 317
C 13 62 15
C 14 10 184
S 1 3 237
C 2 59 58
C 12 178 259
C 20 40 312
C 8 214 8
C 12 211 297
C 12 187 324
C 19 66 209
C 3 252 159
C 8 74 69
S 15 19 49
S 1 15 351
S 9 16 77
S 12 15 110
C 2 179 71
44
C 7 2 186
S 3 15 144
C 14 202 205
C 20 298 119
C 16 224 253
C 19 212 236
S 1 4 131
S 13 18 332
S 14 16 99
C 11 231 308
S 15 19 154
C 2 41 236
S 5 17 90
S 2 8 129
S 1 20 251
C 8 326 118
S 6 19 231
S 7 16 118
S 10 19 24
S 4 5 167
C 10 122 177
C 1 285 330
S 3 5 237
C 1 322 8
S 10 16 50
C 1 56 223
S 3 12 103
C 8 260 299
C 10 146 47
S 1 20 305
S 7 9 132
C 19 128 175
C 8 287 113
S 1 4 332
S 5 11 123
C 19 5 189
C 18 80 75
C 15 350 185
C 10 288 71
C 17 106 184
C 14 91 73
60
S 8 19 197
S 2 12 314
C 14 39 46
C 2 307 108
C 14 50 276
C 11 24 320
C 17 321 172
C 2 305 270
S 16 20 13
C 4 105 294
C 1 333 41
S 13 20 286
C 15 345 212
S 5 10 35
C 20 135 268
S 7 16 101
C 16 232 15
S 7 19 123
C 7 230 21
S 9 11 334
S 12 15 193
S 13 14 72
C 14 56 59
S 6 9 190
C 19 316 13
S 2 5 332
S 3 4 351
S 7 20 344
C 18 230 50
C 12 75 160
S 6 19 74
C 3 123 324
S 7 15 214
C 5 180 310
S 8 20 336
C 20 357 305
S 8 19 326
S 7 18 119
C 15 39 254
C 5 276 47
S 6 14 42
C 20 109 193
S 11 15 168
S 1 11 247
S 2 13 225
S 7 9 357
S 1 18 208
C 8 63 338
S 6 8 45
S 5 10 282
S 6 15 355
S 2 16 81
S 2 9 193
S 7 14 65
C 10 61 286
S 4 16 249
S 1 15 291
C 4 75 52
C 5 246 62
S 14 16 39
85
S 11 12 3
S 4 13 221
C 6 170 209
C 20 44 147
S 4 13 93
C 20 96 93
S 3 5 30
C 5 348 223
C 15 100 35
C 7 155 26
S 1 12 277
C 7 303 34
C 12 352 142
C 18 195 150
C 19 172 283
S 1 19 298
C 8 109 59
C 16 125 102
C 18 233 18
S 3 17 331
S 11 15 317
S 1 17 183
S 13 15 49
S 2 15 342
S 7 17 345
C 3 217 287
S 10 18 332
S 15 18 357
C 8 108 234
S 6 14 164
S 2 7 197
S 2 17 25
S 19 20 235
S 6 7 213
S 7 10 274
C 9 177 279
S 7 17 166
S 6 10 192
S 1 5 354
S 14 20 262
C 6 134 95
C 16 173 318
S 16 18 83
C 18 209 64
S 3 7 248
S 11 18 305
C 14 275 165
S 3 13 304
S 5 9 160
C 18 265 296
C 1 182 46
C 14 290 336
C 13 139 63
S 8 18 196
S 10 16 194
S 6 14 25
S 4 12 42
S 5 18 290
S 5 14 141
C 17 323 324
S 7 10 269
S 5 8 259
S 13 19 270
S 5 12 131
C 5 27 86
C 10 204 49
C 8 110 7
C 16 344 206
S 15 20 306
S 3 19 214
S 3 9 339
S 16 19 252
S 5 15 131
S 3 6 97
C 8 334 207
C 1 34 206
C 5 92 62
S 2 20 215
S 8 15 285
S 19 20 70
S 8 19 84
S 2 15 259
C 2 96 340
C 5 70 156
90
S 9 20 203
C 6 101 322
C 12 103 313
C 11 200 125
S 11 20 256
C 17 213 59
C 13 347 227
C 19 142 154
C 10 187 150
S 6 13 153
C 1 96 49
S 9 10 17
S 5 18 82
S 5 8 8
S 1 5 317
S 9 20 137
S 2 10 135
C 15 351 201
S 3 8 12
C 7 231 42
S 13 19 125
S 11 16 266
S 3 16 257
C 7 111 223
C 7 112 340
S 7 11 51
C 6 308 116
C 11 269 178
C 13 224 98
C 18 181 90
S 4 13 306
C 19 264 97
S 14 17 205
C 13 246 307
C 10 275 300
S 5 18 202
S 4 7 228
C 16 107 349
S 4 18 229
S 13 20 67
C 4 354 155
S 4 13 25
S 5 13 84
C 5 54 315
C 5 118 181
S 10 15 318
S 17 18 238
C 18 338 2
C 16 346 308
S 9 11 147
S 13 18 208
S 6 10 354
C 10 143 288
S 7 12 108
C 20 116 296
S 3 12 242
S 6 15 234
S 5 12 350
S 8 11 21
C 15 45 156
C 4 101 197
C 13 230 241
C 12 42 105
S 12 20 116
C 1 158 254
C 9 214 125
C 14 60 348
S 5 14 315
S 9 19 323
C 12 70 344
C 14 136 345
S 4 13 67
C 2 174 186
S 2 4 15
C 8 355 311
C 5 37 11
C 20 341 326
S 10 18 144
S 3 16 358
S 1 10 44
S 9 15 255
S 4 9 131
S 11 16 119
C 8 26 163
S 11 15 167
S 4 14 8
C 11 289 276
C 19 80 197
S 7 12 292
C 4 296 94
25
S 2 7 357
S 3 7 157
C 7 333 161
C 7 333 305
C 6 316 56
C 13 172 145
S 3 19 81
S 9 13 174
C 20 87 165
C 1 173 193
C 5 120 303
C 8 133 102
S 2 18 68
S 8 15 177
S 2 8 37
S 6 19 80
S 3 10 323
S 2 4 341
C 5 121 265
C 3 86 143
C 13 127 354
C 17 126 62
S 13 17 61
11
S 13 14 76
S 17 20 238
C 12 120 180
S 3 11 74
S 7 8 322
C 9 56 346
C 4 115 216
S 13 17 173
S 9 12 333
C 4 158 127
S 4 14 121
98
C 5 107 270
C 3 324 292
S 3 12 346
S 3 13 123
C 20 73 63
S 12 15 30
S 5 15 185
S 1 13 337
S 8 15 167
S 14 19 337
S 4 6 352
C 14 19 359
C 14 61 82
C 18 152 24
S 7 18 294
S 1 8 251
C 20 338 296
S 2 6 66
S 7 18 280
C 20 354 7
C 14 291 265
C 19 159 269
C 12 36 282
C 8 342 37
C 11 87 46
C 8 83 76
C 19 198 84
S 3 18 246
S 6 15 16
S 18 20 261
S 2 17 139
C 7 201 59
C 4 109 140
S 2 17 200
C 12 282 40
S 1 10 200
C 7 86 119
S 10 19 273
S 6 9 304
C 20 327 27
S 1 8 204
S 6 13 27
S 3 13 67
C 7 27 24
C 13 195 125
S 4 8 164
S 9 18 161
C 3 268 124
C 19 345 279
C 20 234 198
C 19 312 166
S 1 11 23
C 20 214 162
C 15 86 200
S 15 17 203
C 14 55 135
C 11 357 167
S 10 18 308
C 7 113 64
C 10 106 347
C 4 2 211
C 14 14 280
S 2 6 109
C 12 331 56
S 1 4 76
C 8 25 10
S 5 14 83
S 8 17 82
S 15 18 188
C 7 207 35
S 5 15 79
S 5 13 45
C 5 216 33
S 3 16 286
C 2 300 203
C 20 311 298
S 2 12 156
S 3 4 253
C 15 343 315
S 1 14 31
C 12 299 285
C 13 69 246
C 18 188 317
S 6 19 112
S 9 12 286
S 1 6 167
C 12 136 37
S 3 13 37
C 19 129 152
C 7 260 3
S 7 10 106
C 18 202 274
C 20 111 31
S 6 7 347
C 8 156 166
47
S 1 15 146
S 8 20 158
S 5 14 198
C 2 200 240
S 14 20 328
S 11 12 228
S 4 20 8
S 10 15 258
S 3 14 339
S 13 19 317
S 18 20 42
C 20 287 75
S 3 19 12
C 11 172 327
C 11 170 71
C 4 316 177
S 9 15 90
S 11 13 258
C 14 194 145
S 11 15 95
C 6 344 196
C 15 266 2
C 2 15 247
C 11 10 199
S 4 8 116
C 8 94 263
C 17 9 284
C 19 127 212
C 14 102 48
S 5 12 158
C 5 279 13
C 2 333 295
S 6 20 150
C 20 144 122
C 4 267 94
C 16 143 350
C 8 89 254
C 10 203 113
C 3 80 225
S 1 9 349
S 16 20 219
S 3 5 114
C 1 327 324
S 13 19 171
C 5 320 207
S 7 15 196
S 2 6 92
57
S 10 18 245
S 9 11 3
S 2 15 120
S 8 10 1
C 9 78 333
C 14 237 15
C 20 81 82
S 3 17 351
S 9 16 172
S 5 9 123
C 20 312 271
C 6 210 325
S 2 5 107
C 2 142 174
C 11 42 196
C 17 338 10
S 17 20 196
C 20 11 298
S 9 13 120
C 2 29 302
S 2 8 202
C 8 85 338
C 8 172 47
S 5 8 313
C 19 226 91
C 11 241 344
C 18 18 169
C 14 56 183
C 19 150 173
S 1 18 13
S 7 8 61
C 20 300 178
S 1 4 255
S 4 15 166
C 20 161 152
C 7 0 187
C 14 346 345
S 13 14 94
S 10 14 327
S 4 14 292
C 20 267 309
C 11 35 81
S 3 12 242
S 2 6 324
S 6 11 114
C 18 301 358
S 17 20 74
S 11 13 323
S 6 9 69
S 12 13 102
C 18 227 112
S 8 20 245
C 6 231 300
C 4 1 117
C 13 325 218
10
C 1 192 313
C 4 55 169
S 3 5 24
S 1 19 89
C 7 273 35
S 10 12 138
C 12 189 283
S 10 17 239
C 3 119 22
C 17 62 330
65
S 1 13 40
S 3 12 256
C 20 56 120
C 2 359 176
S 2 17 230
C 17 72 182
C 8 342 205
C 12 181 170
S 8 19 207
S 4 6 44
C 5 58 138
C 19 180 57
C 4 277 196
C 9 119 15
S 16 20 161
C 6 211 175
C 17 206 141
C 18 225 264
C 9 358 80
C 10 174 134
C 12 139 50
C 4 266 62
S 1 5 335
S 7 9 212
S 2 5 242
S 1 12 95
C 6 206 345
S 3 20 186
S 5 16 91
C 18 287 350
C 17 91 40
S 13 19 167
S 5 10 90
C 20 327 123
S 5 10 96
C 10 290 312
S 3 7 263
C 14 44 119
S 6 12 237
S 1 17 216
C 12 9 223
C 7 7 23
C 8 280 85
S 3 12 202
S 13 16 120
C 11 264 67
C 1 227 57
C 14 85 266
C 20 295 117
C 9 279 178
S 6 9 265
S 12 17 66
S 5 13 224
S 8 20 302
S 7 10 264
S 7 12 339
S 7 12 309
C 5 95 122
S 15 18 347
43
S 1 10 302
C 8 23 329
S 4 16 2
C 1 269 147
S 16 17 162
S 1 11 143
S 15 20 82
S 6 11 45
C 1 244 272
C 7 137 213
S 7 11 211
C 18 278 295
C 12 313 317
S 4 17 245
C 16 320 197
C 8 324 1
C 18 318 341
S 3 6 215
S 1 9 356
S 4 17 355
C 12 2 105
S 12 20 180
S 11 12 175
S 5 10 73
C 8 255 227
S 14 19 87
C 2 238 286
C 7 198 341
S 2 11 26
C 2 320 132
S 3 7 301
S 7 15 215
C 3 277 354
S 5 7 204
S 4 19 70
C 3 106 195
C 17 114 116
C 9 289 164
S 3 11 149
S 11 16 19
C 2 245 152
S 1 7 241
S 16 20 258
33
C 6 60 232
C 3 179 333
C 12 320 111
S 5 11 132
S 3 11 109
S 7 18 262
S 3 11 22
C 9 48 192
S 2 10 79
C 17 331 81
C 18 320 46
C 4 341 332
C 16 30 232
S 3 6 34
C 8 151 307
C 4 160 309
C 19 198 82
C 19 175 135
C 9 211 142
C 10 314 55
S 11 12 267
C 4 112 86
C 6 165 280
S 4 19 180
S 7 19 15
C 14 168 127
C 17 49 106
C 18 92 95
C 7 298 281
C 13 285 328
C 18 4 347
C 14 280 299
C 17 107 164
19
S 4 15 302
S 1 9 53
C 16 92 220
C 6 97 114
C 15 130 275
C 1 282 268
S 4 20 254
S 15 18 238
C 4 190 328
S 4 12 356
S 6 9 196
C 4 73 35
S 11 15 145
S 5 19 169
C 4 71 171
C 18 126 216
S 9 14 193
C 3 76 128
C 5 15 17
6
S 6 20 340
C 7 259 98
S 6 14 259
C 2 148 286
C 8 32 167
C 4 225 315
51
S 5 20 335
C 2 172 147
S 7 8 188
C 3 99 31
C 11 246 239
C 9 196 233
S 6 16 9
S 11 20 131
S 1 15 14
S 7 12 195
C 14 194 84
C 11 337 25
S 3 18 189
C 12 353 58
S 10 11 64
S 8 17 156
S 5 14 149
C 14 10 89
C 7 258 245
C 1 148 317
S 19 20 300
C 5 89 67
C 19 273 5
S 1 11 257
S 12 19 194
S 3 4 292
S 3 18 31
C 13 20 324
C 3 350 299
C 19 84 91
C 19 22 273
S 9 12 98
C 14 335 111
S 13 15 135
S 3 20 39
C 5 70 279
C 13 117 252
S 7 12 248
S 2 11 214
S 15 20 14
C 1 305 56
C 11 238 303
S 10 19 338
S 10 13 333
C 16 310 179
S 6 14 154
C 13 219 220
99
C 11 239 125
S 6 12 93
C 12 294 306
S 7 16 185
C 5 170 322
S 11 14 105
S 1 17 66
C 7 255 128
S 3 17 339
C 3 59 41
S 11 13 156
C 6 142 47
S 1 3 232
S 6 19 339
C 3 19 25
S 15 19 242
S 2 20 26
C 9 244 36
S 1 12 3
C 2 250 359
C 13 93 232
S 2 14 206
C 7 195 142
C 14 129 264
S 8 19 249
S 3 16 200
C 7 163 79
S 13 19 190
C 15 255 44
S 8 12 286
C 14 134 358
S 2 12 100
S 6 7 113
C 4 210 164
S 9 17 344
S 1 10 129
C 19 217 176
S 11 14 53
S 2 14 194
S 12 15 47
C 18 43 41
C 6 272 196
C 6 21 191
C 6 7 23
C 11 109 2
C 10 266 79
C 14 203 177
C 6 205 74
S 8 9 246
C 7 226 165
S 15 20 352
S 6 12 173
C 1 7 55
C 12 195 79
C 1 24 69
S 7 9 319
C 6 160 316
S 10 13 268
C 5 311 290
S 16 20 274
C 19 254 67
C 13 112 17
S 4 18 146
S 15 17 288
C 12 332 350
S 12 19 147
S 8 9 313
S 9 10 0
S 8 20 23
S 1 6 354
S 10 13 130
C 8 258 161
C 7 304 321
S 8 14 355
C 10 311 28
C 2 34 238
C 18 56 344
S 5 10 262
S 10 19 250
C 2 239 269
S 15 19 232
C 13 315 62
S 1 4 260
S 10 14 29
S 6 13 189
S 6 19 73
S 4 17 227
C 5 218 43
S 4 15 305
S 2 7 31
S 6 10 191
S 6 14 318
S 4 19 79
C 6 358 202
S 14 19 238
S 9 12 143
S 7 15 63
48
S 10 15 52
C 5 150 5
S 15 17 46
C 11 258 320
S 14 18 211
C 15 47 331
C 10 131 119
S 12 14 36
S 12 20 278
C 7 291 249
S 12 18 146
C 12 306 28
C 11 322 122
C 10 49 143
C 8 95 161
C 8 258 198
C 18 51 14
S 15 20 213
S 3 15 123
S 18 20 299
S 8 9 59
S 5 11 353
S 1 14 38
C 14 141 197
C 1 207 298
S 8 11 200
C 3 229 49
C 2 284 350
C 14 100 127
S 11 20 62
C 4 335 258
S 5 7 240
C 7 140 31
S 7 18 333
S 13 18 35
S 2 8 282
C 4 20 102
C 20 202 193
S 6 16 101
S 2 9 57
S 8 9 298
S 3 4 199
C 16 243 61
S 4 9 298
S 18 19 94
C 5 352 203
C 10 217 247
S 14 16 146
5
S 13 19 6
S 3 5 90
S 16 18 134
C 10 169 179
S 8 17 210
21
S 3 4 229
C 9 33 206
C 7 304 103
S 6 14 139
S 11 14 30
S 14 15 340
S 8 9 33
C 7 97 60
C 20 95 55
C 14 98 217
S 7 18 65
S 2 6 38
C 16 98 202
S 1 20 51
S 3 6 149
C 14 113 263
S 14 16 56
C 3 317 96
C 14 59 313
C 13 27 297
S 18 20 129
78
C 5 184 24
S 1 18 0
S 11 18 34
C 2 123 226
S 12 19 101
C 6 237 10
C 9 254 176
C 14 206 93
C 10 252 16
C 13 343 93
S 1 2 81
S 14 17 339
C 10 68 252
C 3 294 124
C 20 173 241
C 4 58 81
S 6 11 315
S 1 15 259
S 8 13 84
C 1 163 65
S 2 9 331
S 5 12 298
C 7 231 265
S 7 14 296
S 8 9 236
C 5 297 339
S 2 18 113
C 3 156 176
C 1 175 346
S 1 16 61
S 6 19 329
C 12 38 35
C 13 329 341
S 11 19 235
S 4 5 342
C 5 244 302
S 4 7 155
S 6 13 10
C 6 200 166
S 2 10 333
S 7 17 206
S 5 9 58
S 11 15 317
C 20 200 306
S 12 15 109
C 4 126 204
S 5 15 256
C 2 219 4
C 15 54 310
S 14 15 10
C 11 338 156
S 18 20 358
C 19 254 239
C 2 27 316
C 19 209 64
C 6 237 268
C 1 357 126
C 13 162 74
S 5 7 85
C 18 112 345
C 15 245 113
C 12 175 144
C 19 24 234
S 4 5 23
S 8 12 31
C 8 353 178
C 19 359 74
S 10 14 240
C 18 101 171
S 1 15 12
C 15 155 154
S 8 12 219
S 6 20 255
S 4 14 163
S 2 9 50
C 18 253 312
30
S 18 20 135
S 5 7 65
S 4 18 293
C 2 100 60
S 5 14 204
C 19 114 249
C 11 16 220
S 8 18 278
C 18 170 122
C 2 343 242
S 3 4 5
C 16 5 136
S 9 13 290
S 2 9 257
S 9 12 332
S 8 14 154
C 12 100 94
C 18 120 262
C 8 249 4
S 2 11 129
C 1 319 262
S 7 14 358
C 12 78 233
C 2 344 240
S 1 17 87
C 15 198 72
S 15 19 250
C 17 157 248
S 14 19 92
C 9 271 240
41
C 6 66 147
C 15 13 143
C 10 178 83
C 14 180 137
S 18 19 317
C 18 197 12
C 3 121 24
C 19 206 316
S 9 16 324
S 6 15 173
S 9 16 344
C 20 279 194
S 4 8 341
S 4 10 65
S 9 10 295
S 6 12 196
C 18 148 118
C 7 348 248
C 19 138 159
S 7 12 343
C 14 305 70
C 3 119 304
C 19 199 83
C 17 135 88
C 1 204 337
S 9 20 221
S 11 20 243
S 18 20 61
C 6 144 143
C 2 64 51
C 10 299 322
S 4 17 324
S 17 19 68
C 20 270 326
S 13 18 56
C 5 58 212
C 19 142 129
C 6 158 15
C 20 91 177
C 11 266 233
43
S 1 13 64
C 14 152 57
S 4 14 71
C 20 64 130
S 2 6 228
S 2 6 57
S 1 19 62
S 8 20 133
C 2 7 1
C 18 208 228
C 1 60 0
S 9 12 53
C 2 210 150
C 5 176 102
S 6 19 206
S 9 14 285
C 9 147 167
C 5 166 349
S 7 19 267
S 7 19 210
S 3 6 1
C 3 315 40
C 15 322 305
C 4 145 196
S 14 15 240
C 4 31 9
C 20 343 302
C 1 178 72
C 7 187 125
S 1 15 123
C 2 126 250
C 16 281 79
S 10 19 216
S 1 11 76
C 1 0 38
C 15 253 227
C 9 23 299
C 8 162 280
S 10 14 323
C 16 164 77
S 5 19 58
S 1 17 208
C 4 345 89
68
C 3 318 0
S 11 19 49
S 10 11 235
S 2 5 179
S 12 13 26
C 19 176 20
S 13 14 299
C 6 180 153
S 6 10 286
C 8 34 17
S 1 19 57
C 9 22 265
C 20 256 307
S 5 14 27
S 12 13 195
S 3 14 260
C 16 71 258
S 1 19 165
C 20 187 218
S 5 15 276
C 9 169 348
S 8 10 354
S 8 10 221
C 19 328 309
S 6 17 149
S 2 18 319
C 12 4 306
C 11 136 14
C 4 141 98
S 9 20 11
C 6 346 226
S 6 16 79
S 6 10 50
C 14 204 71
S 19 20 316
C 4 242 151
C 4 150 36
S 7 16 319
S 1 2 127
S 6 8 205
C 1 164 317
C 15 282 157
S 7 13 36
S 11 17 250
C 15 4 55
C 16 223 245
S 7 9 339
C 15 331 45
C 11 314 107
C 2 75 344
C 14 325 143
C 13 87 202
S 4 8 148
C 18 223 129
S 14 18 210
S 12 20 174
S 4 17 342
S 9 15 55
C 7 230 250
S 8 16 255
C 1 85 318
S 2 13 105
S 5 16 201
C 19 267 23
C 7 79 305
S 12 15 343
6
S 9 17 142
S 8 19 193
S 3 18 270
C 4 307 26
S 2 15 286
S 6 15 328
42
C 9 161 258
S 15 20 51
C 8 70 86
C 20 64 52
S 10 15 3
C 10 338 121
S 2 7 3
S 1 5 80
S 2 11 86
S 4 19 105
C 4 16 39
S 3 5 125
C 1 156 351
S 7 13 137
S 9 12 136
C 13 196 179
S 11 19 357
S 6 13 172
S 17 18 177
C 3 44 72
C 2 141 153
C 5 257 150
C 17 296 241
S 3 16 249
C 19 267 343
C 1 330 210
S 14 20 189
C 17 350 37
C 7 56 334
C 1 245 7
C 9 134 255
C 3 84 224
C 19 62 104
S 7 11 53
C 7 22 270
S 6 13 272
S 2 5 354
S 15 18 79
S 1 14 348
S 16 19 11
S 8 19 195
C 19 347 126
15
C 12 307 355
S 2 18 52
S 4 17 350
S 7 12 329
C 12 120 234
S 2 17 324
C 5 328 267
S 14 18 302
C 11 351 208
C 3 234 227
C 2 340 177
S 4 15 97
C 18 210 163
S 14 20 64
C 10 256 132
49
S 15 16 19
C 15 219 119
C 1 124 157
S 9 16 266
S 16 20 32
S 4 18 293
S 17 19 14
S 4 7 145
S 8 9 139
S 5 6 85
S 7 10 208
S 6 19 112
C 16 266 277
C 4 85 95
S 8 20 22
S 10 14 338
S 11 12 160
S 5 13 205
S 15 20 143
C 1 3 341
S 2 18 258
C 12 241 109
S 16 20 225
C 8 336 123
S 8 17 334
C 18 242 262
S 1 7 262
C 16 325 306
C 16 195 338
C 17 213 19
S 2 8 336
S 10 15 184
C 14 112 326
C 9 58 12
S 9 17 223
S 6 15 174
C 20 291 211
S 8 20 75
S 11 20 3
C 5 50 82
C 13 307 161
S 7 19 130
S 17 20 347
C 7 96 126
C 13 166 125
C 13 69 119
C 3 150 163
C 14 175 10
S 2 4 113
82
C 1 107 315
S 10 20 187
C 16 50 13
C 20 31 323
C 13 324 238
C 2 143 32
S 5 6 349
S 11 19 343
S 2 4 55
C 10 9 187
S 3 7 108
S 7 12 159
C 3 100 193
C 15 83 349
S 15 17 321
C 1 226 73
C 11 20 210
C 13 179 134
C 8 76 157
S 4 12 192
C 15 53 216
S 16 20 322
S 6 19 178
C 9 26 1
C 19 183 291
C 5 32 128
S 5 18 208
C 6 241 28
C 7 59 15
C 9 283 26
S 1 18 239
C 3 81 250
S 4 17 25
C 15 289 228
S 6 16 316
S 4 9 163
C 12 54 37
C 20 245 35
C 10 204 9
C 12 346 303
S 12 15 112
S 5 17 316
S 1 3 194
C 5 26 96
S 6 11 131
C 20 356 280
S 10 16 2
C 4 134 304
C 7 329 247
S 17 19 332
C 12 316 97
C 8 148 284
S 9 18 310
C 10 81 169
C 10 64 275
C 15 263 100
C 6 73 144
S 9 19 180
C 4 103 109
S 9 16 222
C 13 3 202
S 5 14 119
S 8 17 169
C 7 35 191
C 18 30 12
S 1 7 5
C 16 175 120
S 5 16 134
C 18 42 154
S 6 9 224
C 16 147 208
C 12 343 11
S 7 17 55
C 11 264 80
S 1 10 315
C 9 21 42
C 11 165 293
S 1 16 331
C 4 25 107
C 5 288 327
S 1 14 28
29
S 5 7 105
C 14 286 180
C 11 102 99
S 2 3 245
S 7 10 131
S 5 16 56
C 8 300 259
C 3 141 277
S 6 11 114
C 19 265 112
S 1 17 107
C 1 316 156
C 13 149 67
C 4 237 20
C 8 343 76
S 15 17 307
S 1 20 122
S 3 16 162
C 17 246 265
C 5 47 202
S 2 18 309
S 2 20 236
C 8 133 143
C 5 242 314
C 12 260 98
C 6 226 104
S 3 12 15
C 5 239 89
72
C 13 300 33
S 2 9 4
S 12 17 240
S 1 4 300
C 4 327 286
C 20 171 49
S 9 10 233
S 1 8 79
S 1 4 318
C 16 257 147
S 17 18 183
C 2 237 171
S 4 6 27
S 1 8 1
S 15 19 196
C 12 237 196
S 6 16 8
S 6 15 110
S 7 20 62
S 3 6 315
C 19 28 76
S 3 4 150
C 11 174 79
C 1 244 201
C 7 86 198
S 3 6 276
C 20 246 163
C 15 223 248
C 6 240 265
C 2 336 71
C 13 253 259
C 13 331 344
C 10 129 187
C 16 235 282
S 12 16 324
C 2 179 16
S 14 18 232
S 11 18 48
C 13 193 353
S 17 19 133
S 1 7 48
S 10 20 344
S 4 13 192
C 13 293 249
C 8 69 28
C 15 288 102
C 5 17 249
C 12 348 45
S 1 8 277
C 7 104 191
C 2 334 140
C 16 264 185
C 20 254 160
C 2 203 45
C 19 349 39
S 6 12 124
C 2 258 13
S 2 20 97
S 7 14 240
S 3 5 44
C 6 11 37
C 20 327 219
S 2 20 99
S 4 7 215
C 3 34 173
C 15 114 224
C 15 310 62
S 3 17 320
S 15 16 1
S 4 10 93
C 12 171 166
S 15 20 8
26
S 2 17 33
C 10 189 110
C 18 17 70
C 3 164 303
S 11 17 130
S 4 17 276
C 11 34 165
C 8 75 323
S 14 17 212
S 12 20 39
S 11 16 63
C 8 264 7
C 10 351 264
S 7 18 215
C 10 141 14
C 8 279 210
C 12 234 292
C 4 261 80
C 5 76 0
S 7 20 288
C 5 30 162
S 5 20 230
C 2 265 76
C 2 164 33
S 6 18 44
10
S 4 17 165
S 3 11 259
S 8 15 343
C 6 285 322
S 1 6 251
C 14 235 74
C 13 244 12
C 10 122 259
C 11 134 31
27
S 6 14 136
S 2 16 292
S 9 11 256
C 3 286 318
S 7 15 291
S 4 13 326
C 12 4 23
C 8 174 73
S 5 13 35
S 4 5 17
S 2 18 266
S 12 13 109
C 5 266 195
S 15 17 192
S 5 6 306
C 8 40 19
C 10 131 4
S 9 20 91
S 7 19 350
S 1 19 26
S 14 18 28
S 2 9 249
C 6 67 235
S 4 11 96
S 2 14 59
S 5 9 356
100
S 5 14 335
C 3 327 334
S 3 13 75
S 9 19 312
C 20 178 276
S 5 7 60
S 6 15 274
C 19 319 207
S 5 13 206
S 14 19 334
C 15 270 246
S 6 15 100
S 3 18 132
C 17 290 217
C 7 53 252
C 6 54 356
C 8 13 122
C 8 212 343
C 2 40 85
C 4 338 14
C 13 231 141
C 16 97 22
S 19 20 338
S 1 17 346
S 15 20 308
S 5 17 179
S 6 10 153
S 10 17 175
C 4 319 52
S 12 19 316
C 17 179 67
S 1 2 209
C 18 28 63
C 15 123 304
S 5 19 247
C 20 195 72
S 9 17 328
C 14 32 230
S 2 16 212
S 4 12 71
S 3 19 299
C 9 168 296
C 20 277 144
S 9 12 345
C 3 311 101
S 8 16 17
S 14 19 292
S 12 14 316
S 6 11 216
C 18 16 221
C 4 162 159
C 11 73 4
S 8 9 75
S 16 18 281
S 7 11 154
S 2 14 183
S 1 4 94
C 13 98 72
C 18 184 236
S 14 17 204
S 11 14 351
C 3 146 110
C 13 24 122
C 3 257 117
C 4 351 348
C 2 230 19
C 15 134 133
S 8 13 87
S 3 8 21
S 3 18 308
C 20 287 230
C 19 190 263
S 9 12 43
S 10 12 223
C 12 73 280
C 5 79 319
C 8 197 129
S 2 6 109
C 14 328 123
S 17 20 353
S 16 19 178
C 14 256 81
C 1 148 168
C 5 312 296
S 2 18 55
C 15 64 29
C 10 27 193
C 12 243 65
C 11 82 162
S 5 15 129
C 14 55 181
C 6 271 18
S 4 5 295
S 17 18 119
C 16 19 149
S 7 14 117
24
S 7 8 225
S 11 14 303
C 11 325 288
C 14 51 139
S 9 14 318
S 3 12 177
S 3 19 263
S 12 19 203
C 17 103 184
C 12 141 160
C 20 284 159
S 8 16 309
C 9 56 269
S 1 2 344
S 7 8 112
S 2 17 161
S 4 12 81
S 14 20 34
C 13 18 46
S 1 20 295
C 14 105 70
S 4 19 157
C 4 172 246
S 14 15 161
36
C 15 239 86
S 15 18 107
C 19 65 229
C 4 324 54
C 13 10 294
C 18 27 77
C 15 199 118
C 13 330 318
S 3 8 42
S 6 18 259
S 11 17 280
C 8 343 299
S 9 16 134
S 9 17 234
S 16 19 73
S 17 20 161
C 4 209 247
C 6 36 135
S 6 20 308
S 5 14 12
S 3 9 216
C 9 171 321
S 3 19 224
C 19 164 278
C 13 287 297
C 14 76 346
C 2 265 265
C 20 269 139
S 12 16 32
C 1 51 279
C 13 58 262
S 1 16 12
C 14 144 228
C 14 340 40
79
S 6 18 325
S 3 11 266
S 5 8 141
C 5 18 308
C 20 226 14
S 6 10 278
C 13 341 109
C 20 102 165
S 16 18 49
C 19 243 295
S 12 20 285
S 3 17 176
C 16 261 283
C 13 84 48
S 2 3 71
C 5 131 141
C 14 36 90
S 3 17 143
S 8 11 134
C 10 252 264
S 10 19 48
S 6 11 308
C 20 283 327
C 12 176 111
S 7 10 29
S 3 7 44
S 14 18 254
C 2 195 33
C 7 173 315
C 12 160 130
S 9 16 128
C 15 82 161
C 20 165 50
C 16 211 92
S 2 18 103
C 2 8 272
C 3 201 272
C 9 281 225
C 4 21 307
C 13 46 45
C 4 356 325
C 6 14 261
S 11 16 134
S 7 8 26
C 3 319 37
S 8 11 284
C 6 280 314
S 1 5 349
S 4 8 255
S 1 19 284
C 1 198 190
S 2 18 277
C 18 93 143
S 15 20 46
S 3 19 355
C 14 217 92
S 2 18 220
C 2 141 18
S 3 8 61
S 1 11 196
S 3 10 296
C 1 64 33
S 13 15 301
S 7 20 317
C 3 244 38
C 18 257 186
S 2 3 195
C 12 68 327
S 1 8 207
C 12 147 17
C 12 1 200
C 18 154 59
S 3 16 302
S 9 16 209
S 3 20 36
C 15 81 144
S 5 14 65
60
C 4 42 317
C 2 127 275
S 6 13 149
C 15 286 56
S 1 20 81
C 11 321 112
S 11 18 104
S 11 18 234
S 8 9 89
S 13 14 43
C 13 188 349
S 4 8 156
S 7 17 106
S 4 19 148
C 19 167 210
C 10 293 198
C 10 358 176
C 7 172 190
C 2 195 26
S 11 12 50
C 12 234 109
C 13 335 89
S 4 20 329
S 17 18 342
S 8 19 169
C 7 129 135
C 14 155 130
S 10 17 24
C 2 124 134
S 4 15 193
S 8 15 335
C 20 207 123
S 8 19 12
S 7 15 287
C 15 30 326
C 9 140 11
C 13 236 72
S 12 13 145
C 18 98 223
S 9 11 353
S 4 14 272
S 6 15 116
C 16 193 262
S 8 10 116
S 8 9 18
S 7 11 71
S 6 18 263
S 16 17 40
C 17 153 220
S 6 13 297
C 4 344 312
C 7 299 352
C 4 290 186
S 14 20 326
S 10 13 139
S 9 20 265
C 12 222 18
S 7 10 204
1
C 19 318 56
13
S 3 5 101
C 16 194 153
C 6 337 168
S 8 10 238
S 3 12 134
S 16 20 18
C 9 289 180
S 5 11 113
C 20 273 122
S 14 19 139
S 9 20 337
C 2 51 96
C 2 46 249
28
S 5 7 295
S 5 20 293
C 16 112 290
C 17 4 9
C 8 318 122
S 3 6 5
S 13 15 173
S 3 11 268
S 14 20 31
C 7 130 113
C 12 273 18
C 11 304 311
S 4 11 112
C 13 160 137
S 7 9 256
S 5 14 267
S 4 11 217
S 9 12 248
C 5 319 113
S 1 7 288
C 7 59 31
S 7 14 113
S 1 17 25
S 1 4 96
S 1 15 208
S 2 6 79
S 1 19 341
S 4 13 319
43
S 11 12 323
S 8 9 226
S 5 10 1
C 14 76 33
S 3 9 140
S 12 17 162
S 14 16 95
S 12 13 181
S 13 14 97
C 17 200 313
C 7 336 258
S 8 18 127
S 6 15 145
C 20 155 32
C 16 315 61
C 12 274 266
S 11 16 142
S 8 12 113
C 11 327 62
C 13 10 94
S 12 20 151
S 8 13 104
C 17 46 186
C 4 2 20
C 17 350 351
S 1 16 192
C 13 325 97
C 2 112 250
C 4 232 310
C 3 35 224
S 1 20 143
S 7 11 26
C 9 269 344
S 6 17 143
C 7 101 113
S 12 15 228
S 13 17 202
C 9 49 112
S 13 19 297
S 5 11 252
S 3 20 189
C 6 244 309
S 2 17 281
67
C 6 91 289
C 4 60 50
C 6 178 232
S 5 13 330
C 4 282 177
C 2 318 58
C 16 47 359
C 2 51 76
S 12 15 291
S 8 14 160
S 2 11 182
C 5 257 34
C 12 350 104
S 10 14 94
C 13 187 7
S 8 14 226
S 5 19 209
C 4 26 18
S 9 15 257
S 2 3 329
S 7 19 336
C 20 300 195
C 15 4 225
C 5 26 75
C 5 220 278
C 20 340 227
S 5 20 259
S 2 11 74
S 7 9 302
S 7 10 227
C 1 109 211
S 15 18 216
S 10 14 294
S 1 20 251
C 4 305 34
S 11 12 135
C 9 334 280
C 11 89 133
C 8 100 346
C 20 18 137
C 10 233 249
C 11 342 164
S 12 13 127
S 3 20 353
S 8 16 129
S 11 17 22
C 16 90 161
C 17 177 205
S 10 20 185
C 14 106 242
S 10 16 259
C 18 171 135
C 8 89 330
C 2 338 117
S 8 19 39
C 2 70 25
S 19 20 33
C 12 138 32
C 15 86 335
S 2 10 158
C 8 60 278
C 4 259 55
C 9 5 120
S 2 9 310
S 11 19 23
S 18 20 29
92
C 4 46 120
S 5 6 199
S 9 16 91
S 16 18 103
S 9 11 168
S 13 16 20
S 3 8 213
S 12 17 183
S 4 13 299
S 11 20 90
C 18 35 172
S 3 10 198
S 6 18 359
C 20 262 289
S 3 7 30
C 11 39 349
S 7 9 30
C 18 41 166
S 16 19 266
S 17 18 65
C 2 35 308
C 13 125 64
S 6 9 54
S 2 10 199
S 19 20 209
S 4 11 125
S 7 18 191
S 1 18 245
S 6 15 47
C 6 136 135
C 8 331 136
S 2 12 119
C 4 297 269
C 15 270 342
C 16 252 251
C 7 116 39
S 15 16 158
C 5 270 62
S 6 13 356
C 10 125 156
C 13 80 232
C 20 124 69
S 3 6 63
C 6 50 89
C 2 137 172
S 6 9 356
S 14 16 318
C 5 263 297
C 16 343 130
S 18 20 249
S 8 16 0
C 10 124 112
C 14 313 121
S 1 2 7
S 1 8 279
C 19 288 219
S 3 4 21
S 11 18 241
S 4 19 120
S 4 17 310
C 17 149 96
S 13 20 97
S 1 7 348
S 5 14 75
S 8 20 134
C 19 322 284
C 9 264 202
S 9 11 79
C 13 286 274
C 6 157 172
C 1 265 36
C 12 58 65
S 12 14 291
S 3 12 290
C 10 200 30
S 4 9 87
S 9 19 347
S 10 18 97
S 3 17 148
S 5 13 228
S 10 18 10
C 5 70 88
S 4 15 152
C 20 171 84
S 10 13 85
C 14 82 103
S 9 19 300
C 5 235 174
C 10 244 309
C 13 307 350
S 2 3 63
C 19 119 259
76
S 1 10 153
C 16 293 308
C 16 257 229
C 8 314 334
S 6 10 218
C 2 6 44
S 6 16 244
S 3 9 77
C 9 254 135
S 3 16 98
C 10 114 116
S 8 15 46
C 11 147 189
C 6 52 355
S 15 17 245
S 12 19 151
C 6 160 353
C 10 49 298
C 11 51 271
C 6 127 5
C 10 232 53
C 4 272 334
S 8 13 66
S 11 19 313
S 4 8 102
C 14 141 118
C 9 340 36
C 12 152 7
C 6 345 128
S 10 15 76
C 19 274 127
S 8 9 311
C 11 302 53
S 3 17 85
S 5 13 159
C 19 1 357
C 1 173 146
C 4 286 34
S 3 8 129
C 16 103 189
S 4 14 92
S 2 11 82
C 13 65 77
S 3 14 310
C 15 133 25
S 10 12 97
S 3 6 199
S 12 14 102
S 4 6 33
C 11 141 296
C 10 350 345
S 1 3 177
C 19 348 165
S 5 6 127
C 11 55 344
S 1 10 14
C 3 331 123
C 7 219 232
S 1 8 252
S 2 19 40
C 16 16 278
S 1 11 238
C 11 135 81
C 13 351 273
S 10 11 288
S 3 6 52
S 2 7 239
S 2 4 274
C 1 196 111
C 4 134 186
S 6 8 292
S 8 19 234
S 4 19 333
80
C 18 55 127
C 14 357 171
S 8 12 257
C 4 160 354
S 8 13 198
C 11 50 256
S 1 2 106
C 1 295 126
S 1 3 279
S 13 16 154
S 3 4 84
S 10 20 138
S 8 10 68
S 8 9 319
C 3 299 145
S 11 15 108
C 8 238 181
S 2 20 136
C 6 221 278
S 10 20 138
C 6 250 81
S 3 5 124
C 5 288 248
S 4 18 195
C 13 186 220
S 5 19 220
C 19 118 258
S 1 14 215
S 5 16 147
S 14 18 122
S 1 5 221
S 4 11 318
C 4 71 73
S 3 16 189
C 7 210 138
C 18 266 103
S 2 8 179
C 18 100 284
S 15 18 5
S 5 8 186
C 13 284 253
S 16 20 55
S 2 20 310
C 16 308 207
C 12 256 14
C 6 22 90
C 17 168 148
C 20 269 297
C 14 281 4
S 4 6 77
C 7 152 126
S 6 12 114
C 2 308 25
C 7 94 352
S 10 11 243
C 12 203 340
C 17 13 156
C 20 153 346
C 5 245 43
C 14 181 327
S 5 11 133
C 5 332 291
C 11 331 220
S 4 18 71
C 20 251 152
S 12 18 17
S 10 14 315
C 9 36 288
C 4 320 336
C 2 273 172
C 3 220 66
S 15 16 28
S 16 19 189
C 20 11 348
C 1 50 182
C 12 163 193
59
C 19 127 168
S 4 13 136
S 17 20 177
S 4 12 134
S 5 17 353
C 1 18 177
S 3 7 186
S 10 16 62
C 2 216 11
S 9 10 28
C 10 315 213
C 9 358 74
C 1 163 158
S 11 16 262
C 1 357 198
C 8 231 39
C 16 86 160
C 8 193 6
C 20 302 115
S 7 14 99
S 2 12 120
S 3 19 229
S 1 12 359
S 8 16 42
S 6 7 209
S 2 14 76
S 13 17 27
C 12 102 50
C 15 286 8
S 6 19 251
S 9 16 340
S 2 3 346
C 5 40 50
C 13 57 168
C 12 323 317
C 11 35 79
S 5 6 326
C 7 190 86
C 13 20 2
C 16 280 194
S 4 11 33
C 14 72 197
C 11 348 290
S 3 9 131
C 10 232 67
C 10 181 107
S 6 10 56
S 8 10 275
C 17 140 95
S 3 19 211
C 10 315 340
S 12 16 353
C 17 226 119
S 2 3 197
S 8 13 161
C 13 351 45
C 12 112 119
C 5 214 70
61
S 4 17 238
C 19 28 105
S 4 18 20
C 15 72 265
C 18 49 91
C 19 105 346
S 15 16 70
C 20 45 256
S 9 14 175
S 2 8 167
C 15 208 61
S 16 18 298
S 3 20 242
C 15 334 82
C 11 304 273
S 3 7 313
S 5 6 93
S 11 13 318
C 10 226 339
S 4 12 347
S 10 12 24
S 9 10 31
C 5 178 119
S 7 16 200
C 11 215 313
S 6 7 330
S 12 17 327
C 20 61 190
C 14 207 157
C 11 65 235
C 7 31 145
C 2 25 118
S 15 16 262
C 7 39 50
C 2 162 61
S 1 19 285
C 11 90 153
C 14 312 180
C 11 151 72
S 5 13 144
S 7 20 332
C 9 352 216
C 12 35 36
C 14 358 168
C 20 201 290
C 15 359 137
C 1 323 55
S 5 13 17
C 1 84 304
S 7 20 211
C 20 274 203
C 17 45 0
S 12 13 250
C 11 69 231
S 7 8 50
S 1 7 74
S 3 14 334
C 8 212 332
C 10 44 332
2
C 12 297 260
66
S 14 17 146
S 4 18 271
C 11 250 240
C 20 304 34
S 15 16 57
C 6 239 255
S 3 6 106
C 14 340 311
S 4 16 315
S 6 7 16
C 15 255 176
S 7 12 97
S 5 14 328
S 9 20 100
C 14 203 265
C 3 36 198
S 2 7 165
S 9 12 319
S 6 12 280
S 6 11 298
S 6 13 112
S 3 5 223
C 8 228 212
S 5 11 50
C 14 194 73
C 6 147 84
S 7 9 170
C 16 14 332
C 2 229 149
C 1 123 358
S 13 19 116
C 19 263 303
C 2 115 321
S 13 17 280
C 8 94 18
S 14 19 225
S 11 14 191
S 4 6 48
C 16 252 246
C 1 344 97
S 4 16 314
S 15 19 317
C 16 330 186
S 13 17 170
S 1 6 330
S 6 10 340
S 5 14 1
S 13 15 93
C 9 174 259
C 19 223 101
C 20 62 143
C 17 319 349
C 19 83 46
C 9 80 78
S 2 16 250
C 14 333 283
S 8 13 338
S 6 16 10
S 6 15 130
C 19 49 266
C 17 46 58
S 2 12 162
S 6 12 175
